timestamp,temperature_c,cloud_cover_pct,precipitation_mm,wind_speed_kmh,wind_gust_kmh,ghi_wm2,dni_wm2,dhi_wm2,sun_elevation_deg,sun_azimuth_deg,panel_angle_deg,actual_kwh
2023-01-15T00:00:00Z,-0.7,22.0,0.0,3.2,3.2,0.0,0.0,0.0,-5.277454912693242,242.37841515473136,30.0,0.0
2023-01-15T00:00:00Z,-0.7,22.0,0.0,3.2,3.2,0.0,0.0,0.0,-5.277454912693242,242.37841515473136,35.0,0.0
2023-01-15T00:00:00Z,-0.7,22.0,0.0,3.2,3.2,0.0,0.0,0.0,-5.277454912693242,242.37841515473136,40.0,0.0
2023-01-15T00:00:00Z,-0.7,22.0,0.0,3.2,3.2,0.0,0.0,0.0,-5.277454912693242,242.37841515473136,45.0,0.0
2023-01-15T00:00:00Z,-0.7,22.0,0.0,3.2,3.2,0.0,0.0,0.0,-5.277454912693242,242.37841515473136,50.0,0.0
2023-01-15T00:00:00Z,-0.7,22.0,0.0,3.2,3.2,0.0,0.0,0.0,-5.277454912693242,242.37841515473136,55.0,0.0
2023-01-15T00:00:00Z,-0.7,22.0,0.0,3.2,3.2,0.0,0.0,0.0,-5.277454912693242,242.37841515473136,60.0,0.0
2023-01-15T01:00:00Z,-3.2,48.0,0.0,2.9,2.5,0.0,0.0,0.0,-13.996387667460153,253.46931152442667,30.0,0.0
2023-01-15T01:00:00Z,-3.2,48.0,0.0,2.9,2.5,0.0,0.0,0.0,-13.996387667460153,253.46931152442667,35.0,0.0
2023-01-15T01:00:00Z,-3.2,48.0,0.0,2.9,2.5,0.0,0.0,0.0,-13.996387667460153,253.46931152442667,40.0,0.0
2023-01-15T01:00:00Z,-3.2,48.0,0.0,2.9,2.5,0.0,0.0,0.0,-13.996387667460153,253.46931152442667,45.0,0.0
2023-01-15T01:00:00Z,-3.2,48.0,0.0,2.9,2.5,0.0,0.0,0.0,-13.996387667460153,253.46931152442667,50.0,0.0
2023-01-15T01:00:00Z,-3.2,48.0,0.0,2.9,2.5,0.0,0.0,0.0,-13.996387667460153,253.46931152442667,55.0,0.0
2023-01-15T01:00:00Z,-3.2,48.0,0.0,2.9,2.5,0.0,0.0,0.0,-13.996387667460153,253.46931152442667,60.0,0.0
2023-01-15T02:00:00Z,-3.7,75.0,0.0,2.5,4.7,0.0,0.0,0.0,-23.231006577440855,264.5571272383548,30.0,0.0
2023-01-15T02:00:00Z,-3.7,75.0,0.0,2.5,4.7,0.0,0.0,0.0,-23.231006577440855,264.5571272383548,35.0,0.0
2023-01-15T02:00:00Z,-3.7,75.0,0.0,2.5,4.7,0.0,0.0,0.0,-23.231006577440855,264.5571272383548,40.0,0.0
2023-01-15T02:00:00Z,-3.7,75.0,0.0,2.5,4.7,0.0,0.0,0.0,-23.231006577440855,264.5571272383548,45.0,0.0
2023-01-15T02:00:00Z,-3.7,75.0,0.0,2.5,4.7,0.0,0.0,0.0,-23.231006577440855,264.5571272383548,50.0,0.0
2023-01-15T02:00:00Z,-3.7,75.0,0.0,2.5,4.7,0.0,0.0,0.0,-23.231006577440855,264.5571272383548,55.0,0.0
2023-01-15T02:00:00Z,-3.7,75.0,0.0,2.5,4.7,0.0,0.0,0.0,-23.231006577440855,264.5571272383548,60.0,0.0
2023-01-15T03:00:00Z,-3.5,75.0,0.0,4.7,5.8,0.0,0.0,0.0,-32.63701425005114,276.2877451299993,30.0,0.0
2023-01-15T03:00:00Z,-3.5,75.0,0.0,4.7,5.8,0.0,0.0,0.0,-32.63701425005114,276.2877451299993,35.0,0.0
2023-01-15T03:00:00Z,-3.5,75.0,0.0,4.7,5.8,0.0,0.0,0.0,-32.63701425005114,276.2877451299993,40.0,0.0
2023-01-15T03:00:00Z,-3.5,75.0,0.0,4.7,5.8,0.0,0.0,0.0,-32.63701425005114,276.2877451299993,45.0,0.0
2023-01-15T03:00:00Z,-3.5,75.0,0.0,4.7,5.8,0.0,0.0,0.0,-32.63701425005114,276.2877451299993,50.0,0.0
2023-01-15T03:00:00Z,-3.5,75.0,0.0,4.7,5.8,0.0,0.0,0.0,-32.63701425005114,276.2877451299993,55.0,0.0
2023-01-15T03:00:00Z,-3.5,75.0,0.0,4.7,5.8,0.0,0.0,0.0,-32.63701425005114,276.2877451299993,60.0,0.0
2023-01-15T04:00:00Z,-3.2,67.0,0.0,5.8,5.8,0.0,0.0,0.0,-41.80612796312448,289.58618353055914,30.0,0.0
2023-01-15T04:00:00Z,-3.2,67.0,0.0,5.8,5.8,0.0,0.0,0.0,-41.80612796312448,289.58618353055914,35.0,0.0
2023-01-15T04:00:00Z,-3.2,67.0,0.0,5.8,5.8,0.0,0.0,0.0,-41.80612796312448,289.58618353055914,40.0,0.0
2023-01-15T04:00:00Z,-3.2,67.0,0.0,5.8,5.8,0.0,0.0,0.0,-41.80612796312448,289.58618353055914,45.0,0.0
2023-01-15T04:00:00Z,-3.2,67.0,0.0,5.8,5.8,0.0,0.0,0.0,-41.80612796312448,289.58618353055914,50.0,0.0
2023-01-15T04:00:00Z,-3.2,67.0,0.0,5.8,5.8,0.0,0.0,0.0,-41.80612796312448,289.58618353055914,55.0,0.0
2023-01-15T04:00:00Z,-3.2,67.0,0.0,5.8,5.8,0.0,0.0,0.0,-41.80612796312448,289.58618353055914,60.0,0.0
2023-01-15T05:00:00Z,-3.0,73.0,0.0,5.8,4.7,0.0,0.0,0.0,-50.14352678076284,305.81874193692056,30.0,0.0
2023-01-15T05:00:00Z,-3.0,73.0,0.0,5.8,4.7,0.0,0.0,0.0,-50.14352678076284,305.81874193692056,35.0,0.0
2023-01-15T05:00:00Z,-3.0,73.0,0.0,5.8,4.7,0.0,0.0,0.0,-50.14352678076284,305.81874193692056,40.0,0.0
2023-01-15T05:00:00Z,-3.0,73.0,0.0,5.8,4.7,0.0,0.0,0.0,-50.14352678076284,305.81874193692056,45.0,0.0
2023-01-15T05:00:00Z,-3.0,73.0,0.0,5.8,4.7,0.0,0.0,0.0,-50.14352678076284,305.81874193692056,50.0,0.0
2023-01-15T05:00:00Z,-3.0,73.0,0.0,5.8,4.7,0.0,0.0,0.0,-50.14352678076284,305.81874193692056,55.0,0.0
2023-01-15T05:00:00Z,-3.0,73.0,0.0,5.8,4.7,0.0,0.0,0.0,-50.14352678076284,305.81874193692056,60.0,0.0
2023-01-15T06:00:00Z,-1.7,83.0,0.0,4.7,5.8,0.0,0.0,0.0,-56.67251197293736,326.70166304522013,30.0,0.0
2023-01-15T06:00:00Z,-1.7,83.0,0.0,4.7,5.8,0.0,0.0,0.0,-56.67251197293736,326.70166304522013,35.0,0.0
2023-01-15T06:00:00Z,-1.7,83.0,0.0,4.7,5.8,0.0,0.0,0.0,-56.67251197293736,326.70166304522013,40.0,0.0
2023-01-15T06:00:00Z,-1.7,83.0,0.0,4.7,5.8,0.0,0.0,0.0,-56.67251197293736,326.70166304522013,45.0,0.0
2023-01-15T06:00:00Z,-1.7,83.0,0.0,4.7,5.8,0.0,0.0,0.0,-56.67251197293736,326.70166304522013,50.0,0.0
2023-01-15T06:00:00Z,-1.7,83.0,0.0,4.7,5.8,0.0,0.0,0.0,-56.67251197293736,326.70166304522013,55.0,0.0
2023-01-15T06:00:00Z,-1.7,83.0,0.0,4.7,5.8,0.0,0.0,0.0,-56.67251197293736,326.70166304522013,60.0,0.0
2023-01-15T07:00:00Z,-4.1,59.0,0.0,5.8,5.4,0.0,0.0,0.0,-59.95736323982809,352.76660429439073,30.0,0.0
2023-01-15T07:00:00Z,-4.1,59.0,0.0,5.8,5.4,0.0,0.0,0.0,-59.95736323982809,352.76660429439073,35.0,0.0
2023-01-15T07:00:00Z,-4.1,59.0,0.0,5.8,5.4,0.0,0.0,0.0,-59.95736323982809,352.76660429439073,40.0,0.0
2023-01-15T07:00:00Z,-4.1,59.0,0.0,5.8,5.4,0.0,0.0,0.0,-59.95736323982809,352.76660429439073,45.0,0.0
2023-01-15T07:00:00Z,-4.1,59.0,0.0,5.8,5.4,0.0,0.0,0.0,-59.95736323982809,352.76660429439073,50.0,0.0
2023-01-15T07:00:00Z,-4.1,59.0,0.0,5.8,5.4,0.0,0.0,0.0,-59.95736323982809,352.76660429439073,55.0,0.0
2023-01-15T07:00:00Z,-4.1,59.0,0.0,5.8,5.4,0.0,0.0,0.0,-59.95736323982809,352.76660429439073,60.0,0.0
2023-01-15T08:00:00Z,-3.3,58.0,0.0,5.4,4.3,0.0,0.0,0.0,-58.86138081532665,20.355928684851108,30.0,0.0
2023-01-15T08:00:00Z,-3.3,58.0,0.0,5.4,4.3,0.0,0.0,0.0,-58.86138081532665,20.355928684851108,35.0,0.0
2023-01-15T08:00:00Z,-3.3,58.0,0.0,5.4,4.3,0.0,0.0,0.0,-58.86138081532665,20.355928684851108,40.0,0.0
2023-01-15T08:00:00Z,-3.3,58.0,0.0,5.4,4.3,0.0,0.0,0.0,-58.86138081532665,20.355928684851108,45.0,0.0
2023-01-15T08:00:00Z,-3.3,58.0,0.0,5.4,4.3,0.0,0.0,0.0,-58.86138081532665,20.355928684851108,50.0,0.0
2023-01-15T08:00:00Z,-3.3,58.0,0.0,5.4,4.3,0.0,0.0,0.0,-58.86138081532665,20.355928684851108,55.0,0.0
2023-01-15T08:00:00Z,-3.3,58.0,0.0,5.4,4.3,0.0,0.0,0.0,-58.86138081532665,20.355928684851108,60.0,0.0
2023-01-15T09:00:00Z,-3.6,20.0,0.0,4.3,4.7,0.0,0.0,0.0,-53.803179156686575,44.044056125178145,30.0,0.0
2023-01-15T09:00:00Z,-3.6,20.0,0.0,4.3,4.7,0.0,0.0,0.0,-53.803179156686575,44.044056125178145,35.0,0.0
2023-01-15T09:00:00Z,-3.6,20.0,0.0,4.3,4.7,0.0,0.0,0.0,-53.803179156686575,44.044056125178145,40.0,0.0
2023-01-15T09:00:00Z,-3.6,20.0,0.0,4.3,4.7,0.0,0.0,0.0,-53.803179156686575,44.044056125178145,45.0,0.0
2023-01-15T09:00:00Z,-3.6,20.0,0.0,4.3,4.7,0.0,0.0,0.0,-53.803179156686575,44.044056125178145,50.0,0.0
2023-01-15T09:00:00Z,-3.6,20.0,0.0,4.3,4.7,0.0,0.0,0.0,-53.803179156686575,44.044056125178145,55.0,0.0
2023-01-15T09:00:00Z,-3.6,20.0,0.0,4.3,4.7,0.0,0.0,0.0,-53.803179156686575,44.044056125178145,60.0,0.0
2023-01-15T10:00:00Z,-4.5,19.0,0.0,4.7,5.0,0.0,0.0,0.0,-46.23623101697142,62.46002001393583,30.0,0.0
2023-01-15T10:00:00Z,-4.5,19.0,0.0,4.7,5.0,0.0,0.0,0.0,-46.23623101697142,62.46002001393583,35.0,0.0
2023-01-15T10:00:00Z,-4.5,19.0,0.0,4.7,5.0,0.0,0.0,0.0,-46.23623101697142,62.46002001393583,40.0,0.0
2023-01-15T10:00:00Z,-4.5,19.0,0.0,4.7,5.0,0.0,0.0,0.0,-46.23623101697142,62.46002001393583,45.0,0.0
2023-01-15T10:00:00Z,-4.5,19.0,0.0,4.7,5.0,0.0,0.0,0.0,-46.23623101697142,62.46002001393583,50.0,0.0
2023-01-15T10:00:00Z,-4.5,19.0,0.0,4.7,5.0,0.0,0.0,0.0,-46.23623101697142,62.46002001393583,55.0,0.0
2023-01-15T10:00:00Z,-4.5,19.0,0.0,4.7,5.0,0.0,0.0,0.0,-46.23623101697142,62.46002001393583,60.0,0.0
2023-01-15T11:00:00Z,-5.3,3.0,0.0,5.0,3.6,0.0,0.0,0.0,-37.39437579597238,77.06107744356018,30.0,0.0
2023-01-15T11:00:00Z,-5.3,3.0,0.0,5.0,3.6,0.0,0.0,0.0,-37.39437579597238,77.06107744356018,35.0,0.0
2023-01-15T11:00:00Z,-5.3,3.0,0.0,5.0,3.6,0.0,0.0,0.0,-37.39437579597238,77.06107744356018,40.0,0.0
2023-01-15T11:00:00Z,-5.3,3.0,0.0,5.0,3.6,0.0,0.0,0.0,-37.39437579597238,77.06107744356018,45.0,0.0
2023-01-15T11:00:00Z,-5.3,3.0,0.0,5.0,3.6,0.0,0.0,0.0,-37.39437579597238,77.06107744356018,50.0,0.0
2023-01-15T11:00:00Z,-5.3,3.0,0.0,5.0,3.6,0.0,0.0,0.0,-37.39437579597238,77.06107744356018,55.0,0.0
2023-01-15T11:00:00Z,-5.3,3.0,0.0,5.0,3.6,0.0,0.0,0.0,-37.39437579597238,77.06107744356018,60.0,0.0
2023-01-15T12:00:00Z,-1.6,14.0,0.0,3.6,4.7,0.0,0.0,0.0,-28.041415542115196,89.45445211561241,30.0,0.0
2023-01-15T12:00:00Z,-1.6,14.0,0.0,3.6,4.7,0.0,0.0,0.0,-28.041415542115196,89.45445211561241,35.0,0.0
2023-01-15T12:00:00Z,-1.6,14.0,0.0,3.6,4.7,0.0,0.0,0.0,-28.041415542115196,89.45445211561241,40.0,0.0
2023-01-15T12:00:00Z,-1.6,14.0,0.0,3.6,4.7,0.0,0.0,0.0,-28.041415542115196,89.45445211561241,45.0,0.0
2023-01-15T12:00:00Z,-1.6,14.0,0.0,3.6,4.7,0.0,0.0,0.0,-28.041415542115196,89.45445211561241,50.0,0.0
2023-01-15T12:00:00Z,-1.6,14.0,0.0,3.6,4.7,0.0,0.0,0.0,-28.041415542115196,89.45445211561241,55.0,0.0
2023-01-15T12:00:00Z,-1.6,14.0,0.0,3.6,4.7,0.0,0.0,0.0,-28.041415542115196,89.45445211561241,60.0,0.0
2023-01-15T13:00:00Z,-6.2,0.0,0.0,4.7,4.7,0.0,0.0,0.0,-18.6610320336552,100.77387527124995,30.0,0.0
2023-01-15T13:00:00Z,-6.2,0.0,0.0,4.7,4.7,0.0,0.0,0.0,-18.6610320336552,100.77387527124995,35.0,0.0
2023-01-15T13:00:00Z,-6.2,0.0,0.0,4.7,4.7,0.0,0.0,0.0,-18.6610320336552,100.77387527124995,40.0,0.0
2023-01-15T13:00:00Z,-6.2,0.0,0.0,4.7,4.7,0.0,0.0,0.0,-18.6610320336552,100.77387527124995,45.0,0.0
2023-01-15T13:00:00Z,-6.2,0.0,0.0,4.7,4.7,0.0,0.0,0.0,-18.6610320336552,100.77387527124995,50.0,0.0
2023-01-15T13:00:00Z,-6.2,0.0,0.0,4.7,4.7,0.0,0.0,0.0,-18.6610320336552,100.77387527124995,55.0,0.0
2023-01-15T13:00:00Z,-6.2,0.0,0.0,4.7,4.7,0.0,0.0,0.0,-18.6610320336552,100.77387527124995,60.0,0.0
2023-01-15T14:00:00Z,-6.3,27.0,0.0,4.7,4.7,0.0,0.0,0.0,-9.618904500984323,111.79060177265887,30.0,0.0
2023-01-15T14:00:00Z,-6.3,27.0,0.0,4.7,4.7,0.0,0.0,0.0,-9.618904500984323,111.79060177265887,35.0,0.0
2023-01-15T14:00:00Z,-6.3,27.0,0.0,4.7,4.7,0.0,0.0,0.0,-9.618904500984323,111.79060177265887,40.0,0.0
2023-01-15T14:00:00Z,-6.3,27.0,0.0,4.7,4.7,0.0,0.0,0.0,-9.618904500984323,111.79060177265887,45.0,0.0
2023-01-15T14:00:00Z,-6.3,27.0,0.0,4.7,4.7,0.0,0.0,0.0,-9.618904500984323,111.79060177265887,50.0,0.0
2023-01-15T14:00:00Z,-6.3,27.0,0.0,4.7,4.7,0.0,0.0,0.0,-9.618904500984323,111.79060177265887,55.0,0.0
2023-01-15T14:00:00Z,-6.3,27.0,0.0,4.7,4.7,0.0,0.0,0.0,-9.618904500984323,111.79060177265887,60.0,0.0
2023-01-15T15:00:00Z,-5.9,73.0,0.0,4.7,2.5,0.0,0.0,0.0,-1.254450125614528,123.06067290318742,30.0,0.0
2023-01-15T15:00:00Z,-5.9,73.0,0.0,4.7,2.5,0.0,0.0,0.0,-1.254450125614528,123.06067290318742,35.0,0.0
2023-01-15T15:00:00Z,-5.9,73.0,0.0,4.7,2.5,0.0,0.0,0.0,-1.254450125614528,123.06067290318742,40.0,0.0
2023-01-15T15:00:00Z,-5.9,73.0,0.0,4.7,2.5,0.0,0.0,0.0,-1.254450125614528,123.06067290318742,45.0,0.0
2023-01-15T15:00:00Z,-5.9,73.0,0.0,4.7,2.5,0.0,0.0,0.0,-1.254450125614528,123.06067290318742,50.0,0.0
2023-01-15T15:00:00Z,-5.9,73.0,0.0,4.7,2.5,0.0,0.0,0.0,-1.254450125614528,123.06067290318742,55.0,0.0
2023-01-15T15:00:00Z,-5.9,73.0,0.0,4.7,2.5,0.0,0.0,0.0,-1.254450125614528,123.06067290318742,60.0,0.0
2023-01-15T16:00:00Z,-5.6,66.0,0.0,2.2,2.9,56.0,118.9,43.5,6.070397493425105,134.99472149829666,30.0,0.9222757965311261
2023-01-15T16:00:00Z,-5.6,66.0,0.0,2.2,2.9,56.0,118.9,43.5,6.070397493425105,134.99472149829666,35.0,0.981535573932223
2023-01-15T16:00:00Z,-5.6,66.0,0.0,2.2,2.9,56.0,118.9,43.5,6.070397493425105,134.99472149829666,40.0,1.0346908665792365
2023-01-15T16:00:00Z,-5.6,66.0,0.0,2.2,2.9,56.0,118.9,43.5,6.070397493425105,134.99472149829666,45.0,1.081363952827322
2023-01-15T16:00:00Z,-5.6,66.0,0.0,2.2,2.9,56.0,118.9,43.5,6.070397493425105,134.99472149829666,50.0,1.1212246264398267
2023-01-15T16:00:00Z,-5.6,66.0,0.0,2.2,2.9,56.0,118.9,43.5,6.070397493425105,134.99472149829666,55.0,1.1539919565517507
2023-01-15T16:00:00Z,-5.6,66.0,0.0,2.2,2.9,56.0,118.9,43.5,6.070397493425105,134.99472149829666,60.0,1.179435750649721
2023-01-15T17:00:00Z,-5.0,66.0,0.0,2.9,5.0,122.0,191.8,82.6,11.955020959217675,147.84952086153845,30.0,1.8922923853450189
2023-01-15T17:00:00Z,-5.0,66.0,0.0,2.9,5.0,122.0,191.8,82.6,11.955020959217675,147.84952086153845,35.0,1.9939866918877978
2023-01-15T17:00:00Z,-5.0,66.0,0.0,2.9,5.0,122.0,191.8,82.6,11.955020959217675,147.84952086153845,40.0,2.0834713443543804
2023-01-15T17:00:00Z,-5.0,66.0,0.0,2.9,5.0,122.0,191.8,82.6,11.955020959217675,147.84952086153845,45.0,2.160158282789079
2023-01-15T17:00:00Z,-5.0,66.0,0.0,2.9,5.0,122.0,191.8,82.6,11.955020959217675,147.84952086153845,50.0,2.223547738179831
2023-01-15T17:00:00Z,-5.0,66.0,0.0,2.9,5.0,122.0,191.8,82.6,11.955020959217675,147.84952086153845,55.0,2.2732295338394866
2023-01-15T17:00:00Z,-5.0,66.0,0.0,2.9,5.0,122.0,191.8,82.6,11.955020959217675,147.84952086153845,60.0,2.3088840543027613
2023-01-15T18:00:00Z,-4.3,52.0,0.0,2.9,7.2,213.0,386.0,107.4,15.98490539332638,161.65836739355234,30.0,3.642236621626626
2023-01-15T18:00:00Z,-4.3,52.0,0.0,2.9,7.2,213.0,386.0,107.4,15.98490539332638,161.65836739355234,35.0,3.8587094683622567
2023-01-15T18:00:00Z,-4.3,52.0,0.0,2.9,7.2,213.0,386.0,107.4,15.98490539332638,161.65836739355234,40.0,4.049564264958421
2023-01-15T18:00:00Z,-4.3,52.0,0.0,2.9,7.2,213.0,386.0,107.4,15.98490539332638,161.65836739355234,45.0,4.213795567599821
2023-01-15T18:00:00Z,-4.3,52.0,0.0,2.9,7.2,213.0,386.0,107.4,15.98490539332638,161.65836739355234,50.0,4.3505600652104945
2023-01-15T18:00:00Z,-4.3,52.0,0.0,2.9,7.2,213.0,386.0,107.4,15.98490539332638,161.65836739355234,55.0,4.459171109980363
2023-01-15T18:00:00Z,-4.3,52.0,0.0,2.9,7.2,213.0,386.0,107.4,15.98490539332638,161.65836739355234,60.0,4.539093617595979
2023-01-15T19:00:00Z,-4.8,50.0,0.0,4.7,7.6,181.0,216.9,115.1,17.807835037387132,176.15795254562306,30.0,2.6145649416012935
2023-01-15T19:00:00Z,-4.8,50.0,0.0,4.7,7.6,181.0,216.9,115.1,17.807835037387132,176.15795254562306,35.0,2.734443590424569
2023-01-15T19:00:00Z,-4.8,50.0,0.0,4.7,7.6,181.0,216.9,115.1,17.807835037387132,176.15795254562306,40.0,2.837921094846878
2023-01-15T19:00:00Z,-4.8,50.0,0.0,4.7,7.6,181.0,216.9,115.1,17.807835037387132,176.15795254562306,45.0,2.9243551582661427
2023-01-15T19:00:00Z,-4.8,50.0,0.0,4.7,7.6,181.0,216.9,115.1,17.807835037387132,176.15795254562306,50.0,2.993214767325497
2023-01-15T19:00:00Z,-4.8,50.0,0.0,4.7,7.6,181.0,216.9,115.1,17.807835037387132,176.15795254562306,55.0,3.0440804758920863
2023-01-15T19:00:00Z,-4.8,50.0,0.0,4.7,7.6,181.0,216.9,115.1,17.807835037387132,176.15795254562306,60.0,3.076644502015473
2023-01-15T20:00:00Z,-4.1,80.0,0.0,5.0,8.6,139.0,119.3,103.9,17.24131051028311,190.82034219804066,30.0,1.7503908975722142
2023-01-15T20:00:00Z,-4.1,80.0,0.0,5.0,8.6,139.0,119.3,103.9,17.24131051028311,190.82034219804066,35.0,1.8091988129463186
2023-01-15T20:00:00Z,-4.1,80.0,0.0,5.0,8.6,139.0,119.3,103.9,17.24131051028311,190.82034219804066,40.0,1.8582250351857117
2023-01-15T20:00:00Z,-4.1,80.0,0.0,5.0,8.6,139.0,119.3,103.9,17.24131051028311,190.82034219804066,45.0,1.8971360243512352
2023-01-15T20:00:00Z,-4.1,80.0,0.0,5.0,8.6,139.0,119.3,103.9,17.24131051028311,190.82034219804066,50.0,1.9256681379223817
2023-01-15T20:00:00Z,-4.1,80.0,0.0,5.0,8.6,139.0,119.3,103.9,17.24131051028311,190.82034219804066,55.0,1.9436286647531202
2023-01-15T20:00:00Z,-4.1,80.0,0.0,5.0,8.6,139.0,119.3,103.9,17.24131051028311,190.82034219804066,60.0,1.9508965608498832
2023-01-15T21:00:00Z,-3.4,88.0,0.0,5.0,8.3,89.0,54.3,75.7,14.343974572885443,205.0490911180279,30.0,0.9729826446628456
2023-01-15T21:00:00Z,-3.4,88.0,0.0,5.0,8.3,89.0,54.3,75.7,14.343974572885443,205.0490911180279,35.0,0.9929521014391617
2023-01-15T21:00:00Z,-3.4,88.0,0.0,5.0,8.3,89.0,54.3,75.7,14.343974572885443,205.0490911180279,40.0,1.008155759455247
2023-01-15T21:00:00Z,-3.4,88.0,0.0,5.0,8.3,89.0,54.3,75.7,14.343974572885443,205.0490911180279,45.0,1.0184836925972487
2023-01-15T21:00:00Z,-3.4,88.0,0.0,5.0,8.3,89.0,54.3,75.7,14.343974572885443,205.0490911180279,50.0,1.023861307261128
2023-01-15T21:00:00Z,-3.4,88.0,0.0,5.0,8.3,89.0,54.3,75.7,14.343974572885443,205.0490911180279,55.0,1.0242497891572457
2023-01-15T21:00:00Z,-3.4,88.0,0.0,5.0,8.3,89.0,54.3,75.7,14.343974572885443,205.0490911180279,60.0,1.0196463349984228
2023-01-15T22:00:00Z,-2.7,84.0,0.0,4.7,8.3,56.0,38.5,49.8,9.39155728024994,218.4263188233408,30.0,0.5934711027277472
2023-01-15T22:00:00Z,-2.7,84.0,0.0,4.7,8.3,56.0,38.5,49.8,9.39155728024994,218.4263188233408,35.0,0.6065089552089441
2023-01-15T22:00:00Z,-2.7,84.0,0.0,4.7,8.3,56.0,38.5,49.8,9.39155728024994,218.4263188233408,40.0,0.6166137351935348
2023-01-15T22:00:00Z,-2.7,84.0,0.0,4.7,8.3,56.0,38.5,49.8,9.39155728024994,218.4263188233408,45.0,0.6237108873899551
2023-01-15T22:00:00Z,-2.7,84.0,0.0,4.7,8.3,56.0,38.5,49.8,9.39155728024994,218.4263188233408,50.0,0.6277480839842097
2023-01-15T22:00:00Z,-2.7,84.0,0.0,4.7,8.3,56.0,38.5,49.8,9.39155728024994,218.4263188233408,55.0,0.6286955718934903
2023-01-15T22:00:00Z,-2.7,84.0,0.0,4.7,8.3,56.0,38.5,49.8,9.39155728024994,218.4263188233408,60.0,0.6265463697940896
2023-01-15T23:00:00Z,-2.4,83.0,0.0,4.7,2.5,11.0,0.0,11.0,2.7784689111040644,230.83404992523205,30.0,0.040576829230775005
2023-01-15T23:00:00Z,-2.4,83.0,0.0,4.7,2.5,11.0,0.0,11.0,2.7784689111040644,230.83404992523205,35.0,0.038672640660995974
2023-01-15T23:00:00Z,-2.4,83.0,0.0,4.7,2.5,11.0,0.0,11.0,2.7784689111040644,230.83404992523205,40.0,0.036515079489479484
2023-01-15T23:00:00Z,-2.4,83.0,0.0,4.7,2.5,11.0,0.0,11.0,2.7784689111040644,230.83404992523205,45.0,0.03412052558893795
2023-01-15T23:00:00Z,-2.4,83.0,0.0,4.7,2.5,11.0,0.0,11.0,2.7784689111040644,230.83404992523205,50.0,0.03150716121999297
2023-01-15T23:00:00Z,-2.4,83.0,0.0,4.7,2.5,11.0,0.0,11.0,2.7784689111040644,230.83404992523205,55.0,0.028694833921145753
2023-01-15T23:00:00Z,-2.4,83.0,0.0,4.7,2.5,11.0,0.0,11.0,2.7784689111040644,230.83404992523205,60.0,0.025704906725107276
2023-01-16T00:00:00Z,-3.2,78.0,0.0,1.1,2.5,0.0,0.0,0.0,-5.080646262654811,242.42246383210139,30.0,0.0
2023-01-16T00:00:00Z,-3.2,78.0,0.0,1.1,2.5,0.0,0.0,0.0,-5.080646262654811,242.42246383210139,35.0,0.0
2023-01-16T00:00:00Z,-3.2,78.0,0.0,1.1,2.5,0.0,0.0,0.0,-5.080646262654811,242.42246383210139,40.0,0.0
2023-01-16T00:00:00Z,-3.2,78.0,0.0,1.1,2.5,0.0,0.0,0.0,-5.080646262654811,242.42246383210139,45.0,0.0
2023-01-16T00:00:00Z,-3.2,78.0,0.0,1.1,2.5,0.0,0.0,0.0,-5.080646262654811,242.42246383210139,50.0,0.0
2023-01-16T00:00:00Z,-3.2,78.0,0.0,1.1,2.5,0.0,0.0,0.0,-5.080646262654811,242.42246383210139,55.0,0.0
2023-01-16T00:00:00Z,-3.2,78.0,0.0,1.1,2.5,0.0,0.0,0.0,-5.080646262654811,242.42246383210139,60.0,0.0
2023-01-16T01:00:00Z,-4.2,78.0,0.0,2.5,4.0,0.0,0.0,0.0,-13.802552530888677,253.52733762109415,30.0,0.0
2023-01-16T01:00:00Z,-4.2,78.0,0.0,2.5,4.0,0.0,0.0,0.0,-13.802552530888677,253.52733762109415,35.0,0.0
2023-01-16T01:00:00Z,-4.2,78.0,0.0,2.5,4.0,0.0,0.0,0.0,-13.802552530888677,253.52733762109415,40.0,0.0
2023-01-16T01:00:00Z,-4.2,78.0,0.0,2.5,4.0,0.0,0.0,0.0,-13.802552530888677,253.52733762109415,45.0,0.0
2023-01-16T01:00:00Z,-4.2,78.0,0.0,2.5,4.0,0.0,0.0,0.0,-13.802552530888677,253.52733762109415,50.0,0.0
2023-01-16T01:00:00Z,-4.2,78.0,0.0,2.5,4.0,0.0,0.0,0.0,-13.802552530888677,253.52733762109415,55.0,0.0
2023-01-16T01:00:00Z,-4.2,78.0,0.0,2.5,4.0,0.0,0.0,0.0,-13.802552530888677,253.52733762109415,60.0,0.0
2023-01-16T02:00:00Z,-4.3,80.0,0.0,4.0,5.0,0.0,0.0,0.0,-23.038986640074423,264.625558079469,30.0,0.0
2023-01-16T02:00:00Z,-4.3,80.0,0.0,4.0,5.0,0.0,0.0,0.0,-23.038986640074423,264.625558079469,35.0,0.0
2023-01-16T02:00:00Z,-4.3,80.0,0.0,4.0,5.0,0.0,0.0,0.0,-23.038986640074423,264.625558079469,40.0,0.0
2023-01-16T02:00:00Z,-4.3,80.0,0.0,4.0,5.0,0.0,0.0,0.0,-23.038986640074423,264.625558079469,45.0,0.0
2023-01-16T02:00:00Z,-4.3,80.0,0.0,4.0,5.0,0.0,0.0,0.0,-23.038986640074423,264.625558079469,50.0,0.0
2023-01-16T02:00:00Z,-4.3,80.0,0.0,4.0,5.0,0.0,0.0,0.0,-23.038986640074423,264.625558079469,55.0,0.0
2023-01-16T02:00:00Z,-4.3,80.0,0.0,4.0,5.0,0.0,0.0,0.0,-23.038986640074423,264.625558079469,60.0,0.0
2023-01-16T03:00:00Z,-4.1,88.0,0.0,5.0,7.9,0.0,0.0,0.0,-32.44475805439801,276.3623551101542,30.0,0.0
2023-01-16T03:00:00Z,-4.1,88.0,0.0,5.0,7.9,0.0,0.0,0.0,-32.44475805439801,276.3623551101542,35.0,0.0
2023-01-16T03:00:00Z,-4.1,88.0,0.0,5.0,7.9,0.0,0.0,0.0,-32.44475805439801,276.3623551101542,40.0,0.0
2023-01-16T03:00:00Z,-4.1,88.0,0.0,5.0,7.9,0.0,0.0,0.0,-32.44475805439801,276.3623551101542,45.0,0.0
2023-01-16T03:00:00Z,-4.1,88.0,0.0,5.0,7.9,0.0,0.0,0.0,-32.44475805439801,276.3623551101542,50.0,0.0
2023-01-16T03:00:00Z,-4.1,88.0,0.0,5.0,7.9,0.0,0.0,0.0,-32.44475805439801,276.3623551101542,55.0,0.0
2023-01-16T03:00:00Z,-4.1,88.0,0.0,5.0,7.9,0.0,0.0,0.0,-32.44475805439801,276.3623551101542,60.0,0.0
2023-01-16T04:00:00Z,-3.9,88.0,0.0,5.8,7.9,0.0,0.0,0.0,-41.61101614417021,289.65877595173714,30.0,0.0
2023-01-16T04:00:00Z,-3.9,88.0,0.0,5.8,7.9,0.0,0.0,0.0,-41.61101614417021,289.65877595173714,35.0,0.0
2023-01-16T04:00:00Z,-3.9,88.0,0.0,5.8,7.9,0.0,0.0,0.0,-41.61101614417021,289.65877595173714,40.0,0.0
2023-01-16T04:00:00Z,-3.9,88.0,0.0,5.8,7.9,0.0,0.0,0.0,-41.61101614417021,289.65877595173714,45.0,0.0
2023-01-16T04:00:00Z,-3.9,88.0,0.0,5.8,7.9,0.0,0.0,0.0,-41.61101614417021,289.65877595173714,50.0,0.0
2023-01-16T04:00:00Z,-3.9,88.0,0.0,5.8,7.9,0.0,0.0,0.0,-41.61101614417021,289.65877595173714,55.0,0.0
2023-01-16T04:00:00Z,-3.9,88.0,0.0,5.8,7.9,0.0,0.0,0.0,-41.61101614417021,289.65877595173714,60.0,0.0
2023-01-16T05:00:00Z,-3.9,88.0,0.0,5.8,5.8,0.0,0.0,0.0,-49.943471775812846,305.86969494571184,30.0,0.0
2023-01-16T05:00:00Z,-3.9,88.0,0.0,5.8,5.8,0.0,0.0,0.0,-49.943471775812846,305.86969494571184,35.0,0.0
2023-01-16T05:00:00Z,-3.9,88.0,0.0,5.8,5.8,0.0,0.0,0.0,-49.943471775812846,305.86969494571184,40.0,0.0
2023-01-16T05:00:00Z,-3.9,88.0,0.0,5.8,5.8,0.0,0.0,0.0,-49.943471775812846,305.86969494571184,45.0,0.0
2023-01-16T05:00:00Z,-3.9,88.0,0.0,5.8,5.8,0.0,0.0,0.0,-49.943471775812846,305.86969494571184,50.0,0.0
2023-01-16T05:00:00Z,-3.9,88.0,0.0,5.8,5.8,0.0,0.0,0.0,-49.943471775812846,305.86969494571184,55.0,0.0
2023-01-16T05:00:00Z,-3.9,88.0,0.0,5.8,5.8,0.0,0.0,0.0,-49.943471775812846,305.86969494571184,60.0,0.0
2023-01-16T06:00:00Z,-3.6,86.0,0.0,5.8,8.6,0.0,0.0,0.0,-56.46971212067315,326.6885179692023,30.0,0.0
2023-01-16T06:00:00Z,-3.6,86.0,0.0,5.8,8.6,0.0,0.0,0.0,-56.46971212067315,326.6885179692023,35.0,0.0
2023-01-16T06:00:00Z,-3.6,86.0,0.0,5.8,8.6,0.0,0.0,0.0,-56.46971212067315,326.6885179692023,40.0,0.0
2023-01-16T06:00:00Z,-3.6,86.0,0.0,5.8,8.6,0.0,0.0,0.0,-56.46971212067315,326.6885179692023,45.0,0.0
2023-01-16T06:00:00Z,-3.6,86.0,0.0,5.8,8.6,0.0,0.0,0.0,-56.46971212067315,326.6885179692023,50.0,0.0
2023-01-16T06:00:00Z,-3.6,86.0,0.0,5.8,8.6,0.0,0.0,0.0,-56.46971212067315,326.6885179692023,55.0,0.0
2023-01-16T06:00:00Z,-3.6,86.0,0.0,5.8,8.6,0.0,0.0,0.0,-56.46971212067315,326.6885179692023,60.0,0.0
2023-01-16T07:00:00Z,-3.6,73.0,0.0,6.1,7.9,0.0,0.0,0.0,-59.765044537805046,352.63628452792295,30.0,0.0
2023-01-16T07:00:00Z,-3.6,73.0,0.0,6.1,7.9,0.0,0.0,0.0,-59.765044537805046,352.63628452792295,35.0,0.0
2023-01-16T07:00:00Z,-3.6,73.0,0.0,6.1,7.9,0.0,0.0,0.0,-59.765044537805046,352.63628452792295,40.0,0.0
2023-01-16T07:00:00Z,-3.6,73.0,0.0,6.1,7.9,0.0,0.0,0.0,-59.765044537805046,352.63628452792295,45.0,0.0
2023-01-16T07:00:00Z,-3.6,73.0,0.0,6.1,7.9,0.0,0.0,0.0,-59.765044537805046,352.63628452792295,50.0,0.0
2023-01-16T07:00:00Z,-3.6,73.0,0.0,6.1,7.9,0.0,0.0,0.0,-59.765044537805046,352.63628452792295,55.0,0.0
2023-01-16T07:00:00Z,-3.6,73.0,0.0,6.1,7.9,0.0,0.0,0.0,-59.765044537805046,352.63628452792295,60.0,0.0
2023-01-16T08:00:00Z,-3.6,73.0,0.0,5.8,7.9,0.0,0.0,0.0,-58.69922091766442,20.119164514396743,30.0,0.0
2023-01-16T08:00:00Z,-3.6,73.0,0.0,5.8,7.9,0.0,0.0,0.0,-58.69922091766442,20.119164514396743,35.0,0.0
2023-01-16T08:00:00Z,-3.6,73.0,0.0,5.8,7.9,0.0,0.0,0.0,-58.69922091766442,20.119164514396743,40.0,0.0
2023-01-16T08:00:00Z,-3.6,73.0,0.0,5.8,7.9,0.0,0.0,0.0,-58.69922091766442,20.119164514396743,45.0,0.0
2023-01-16T08:00:00Z,-3.6,73.0,0.0,5.8,7.9,0.0,0.0,0.0,-58.69922091766442,20.119164514396743,50.0,0.0
2023-01-16T08:00:00Z,-3.6,73.0,0.0,5.8,7.9,0.0,0.0,0.0,-58.69922091766442,20.119164514396743,55.0,0.0
2023-01-16T08:00:00Z,-3.6,73.0,0.0,5.8,7.9,0.0,0.0,0.0,-58.69922091766442,20.119164514396743,60.0,0.0
2023-01-16T09:00:00Z,-3.5,72.0,0.0,5.4,7.6,0.0,0.0,0.0,-53.67627096544967,43.7749216817424,30.0,0.0
2023-01-16T09:00:00Z,-3.5,72.0,0.0,5.4,7.6,0.0,0.0,0.0,-53.67627096544967,43.7749216817424,35.0,0.0
2023-01-16T09:00:00Z,-3.5,72.0,0.0,5.4,7.6,0.0,0.0,0.0,-53.67627096544967,43.7749216817424,40.0,0.0
2023-01-16T09:00:00Z,-3.5,72.0,0.0,5.4,7.6,0.0,0.0,0.0,-53.67627096544967,43.7749216817424,45.0,0.0
2023-01-16T09:00:00Z,-3.5,72.0,0.0,5.4,7.6,0.0,0.0,0.0,-53.67627096544967,43.7749216817424,50.0,0.0
2023-01-16T09:00:00Z,-3.5,72.0,0.0,5.4,7.6,0.0,0.0,0.0,-53.67627096544967,43.7749216817424,55.0,0.0
2023-01-16T09:00:00Z,-3.5,72.0,0.0,5.4,7.6,0.0,0.0,0.0,-53.67627096544967,43.7749216817424,60.0,0.0
2023-01-16T10:00:00Z,-3.6,70.0,0.0,5.4,5.8,0.0,0.0,0.0,-46.13480296717227,62.2047031802619,30.0,0.0
2023-01-16T10:00:00Z,-3.6,70.0,0.0,5.4,5.8,0.0,0.0,0.0,-46.13480296717227,62.2047031802619,35.0,0.0
2023-01-16T10:00:00Z,-3.6,70.0,0.0,5.4,5.8,0.0,0.0,0.0,-46.13480296717227,62.2047031802619,40.0,0.0
2023-01-16T10:00:00Z,-3.6,70.0,0.0,5.4,5.8,0.0,0.0,0.0,-46.13480296717227,62.2047031802619,45.0,0.0
2023-01-16T10:00:00Z,-3.6,70.0,0.0,5.4,5.8,0.0,0.0,0.0,-46.13480296717227,62.2047031802619,50.0,0.0
2023-01-16T10:00:00Z,-3.6,70.0,0.0,5.4,5.8,0.0,0.0,0.0,-46.13480296717227,62.2047031802619,55.0,0.0
2023-01-16T10:00:00Z,-3.6,70.0,0.0,5.4,5.8,0.0,0.0,0.0,-46.13480296717227,62.2047031802619,60.0,0.0
2023-01-16T11:00:00Z,-4.0,52.0,0.0,5.4,5.4,0.0,0.0,0.0,-37.30647214528207,76.82948298688001,30.0,0.0
2023-01-16T11:00:00Z,-4.0,52.0,0.0,5.4,5.4,0.0,0.0,0.0,-37.30647214528207,76.82948298688001,35.0,0.0
2023-01-16T11:00:00Z,-4.0,52.0,0.0,5.4,5.4,0.0,0.0,0.0,-37.30647214528207,76.82948298688001,40.0,0.0
2023-01-16T11:00:00Z,-4.0,52.0,0.0,5.4,5.4,0.0,0.0,0.0,-37.30647214528207,76.82948298688001,45.0,0.0
2023-01-16T11:00:00Z,-4.0,52.0,0.0,5.4,5.4,0.0,0.0,0.0,-37.30647214528207,76.82948298688001,50.0,0.0
2023-01-16T11:00:00Z,-4.0,52.0,0.0,5.4,5.4,0.0,0.0,0.0,-37.30647214528207,76.82948298688001,55.0,0.0
2023-01-16T11:00:00Z,-4.0,52.0,0.0,5.4,5.4,0.0,0.0,0.0,-37.30647214528207,76.82948298688001,60.0,0.0
2023-01-16T12:00:00Z,-4.6,52.0,0.0,5.4,5.0,0.0,0.0,0.0,-27.957530249939403,89.24355993463604,30.0,0.0
2023-01-16T12:00:00Z,-4.6,52.0,0.0,5.4,5.0,0.0,0.0,0.0,-27.957530249939403,89.24355993463604,35.0,0.0
2023-01-16T12:00:00Z,-4.6,52.0,0.0,5.4,5.0,0.0,0.0,0.0,-27.957530249939403,89.24355993463604,40.0,0.0
2023-01-16T12:00:00Z,-4.6,52.0,0.0,5.4,5.0,0.0,0.0,0.0,-27.957530249939403,89.24355993463604,45.0,0.0
2023-01-16T12:00:00Z,-4.6,52.0,0.0,5.4,5.0,0.0,0.0,0.0,-27.957530249939403,89.24355993463604,50.0,0.0
2023-01-16T12:00:00Z,-4.6,52.0,0.0,5.4,5.0,0.0,0.0,0.0,-27.957530249939403,89.24355993463604,55.0,0.0
2023-01-16T12:00:00Z,-4.6,52.0,0.0,5.4,5.0,0.0,0.0,0.0,-27.957530249939403,89.24355993463604,60.0,0.0
2023-01-16T13:00:00Z,-4.8,61.0,0.0,5.0,4.3,0.0,0.0,0.0,-18.573964667142704,100.57867897934955,30.0,0.0
2023-01-16T13:00:00Z,-4.8,61.0,0.0,5.0,4.3,0.0,0.0,0.0,-18.573964667142704,100.57867897934955,35.0,0.0
2023-01-16T13:00:00Z,-4.8,61.0,0.0,5.0,4.3,0.0,0.0,0.0,-18.573964667142704,100.57867897934955,40.0,0.0
2023-01-16T13:00:00Z,-4.8,61.0,0.0,5.0,4.3,0.0,0.0,0.0,-18.573964667142704,100.57867897934955,45.0,0.0
2023-01-16T13:00:00Z,-4.8,61.0,0.0,5.0,4.3,0.0,0.0,0.0,-18.573964667142704,100.57867897934955,50.0,0.0
2023-01-16T13:00:00Z,-4.8,61.0,0.0,5.0,4.3,0.0,0.0,0.0,-18.573964667142704,100.57867897934955,55.0,0.0
2023-01-16T13:00:00Z,-4.8,61.0,0.0,5.0,4.3,0.0,0.0,0.0,-18.573964667142704,100.57867897934955,60.0,0.0
2023-01-16T14:00:00Z,-5.5,48.0,0.0,4.3,4.0,0.0,0.0,0.0,-9.522924791933036,111.60728504106709,30.0,0.0
2023-01-16T14:00:00Z,-5.5,48.0,0.0,4.3,4.0,0.0,0.0,0.0,-9.522924791933036,111.60728504106709,35.0,0.0
2023-01-16T14:00:00Z,-5.5,48.0,0.0,4.3,4.0,0.0,0.0,0.0,-9.522924791933036,111.60728504106709,40.0,0.0
2023-01-16T14:00:00Z,-5.5,48.0,0.0,4.3,4.0,0.0,0.0,0.0,-9.522924791933036,111.60728504106709,45.0,0.0
2023-01-16T14:00:00Z,-5.5,48.0,0.0,4.3,4.0,0.0,0.0,0.0,-9.522924791933036,111.60728504106709,50.0,0.0
2023-01-16T14:00:00Z,-5.5,48.0,0.0,4.3,4.0,0.0,0.0,0.0,-9.522924791933036,111.60728504106709,55.0,0.0
2023-01-16T14:00:00Z,-5.5,48.0,0.0,4.3,4.0,0.0,0.0,0.0,-9.522924791933036,111.60728504106709,60.0,0.0
2023-01-16T15:00:00Z,-6.1,59.0,0.0,3.6,4.0,0.0,0.0,0.0,-1.1447830069789906,122.8875730760206,30.0,0.0
2023-01-16T15:00:00Z,-6.1,59.0,0.0,3.6,4.0,0.0,0.0,0.0,-1.1447830069789906,122.8875730760206,35.0,0.0
2023-01-16T15:00:00Z,-6.1,59.0,0.0,3.6,4.0,0.0,0.0,0.0,-1.1447830069789906,122.8875730760206,40.0,0.0
2023-01-16T15:00:00Z,-6.1,59.0,0.0,3.6,4.0,0.0,0.0,0.0,-1.1447830069789906,122.8875730760206,45.0,0.0
2023-01-16T15:00:00Z,-6.1,59.0,0.0,3.6,4.0,0.0,0.0,0.0,-1.1447830069789906,122.8875730760206,50.0,0.0
2023-01-16T15:00:00Z,-6.1,59.0,0.0,3.6,4.0,0.0,0.0,0.0,-1.1447830069789906,122.8875730760206,55.0,0.0
2023-01-16T15:00:00Z,-6.1,59.0,0.0,3.6,4.0,0.0,0.0,0.0,-1.1447830069789906,122.8875730760206,60.0,0.0
2023-01-16T16:00:00Z,-6.7,33.0,0.0,4.0,5.4,56.0,112.9,43.9,6.197617407071923,134.8329175001008,30.0,0.898898979494083
2023-01-16T16:00:00Z,-6.7,33.0,0.0,4.0,5.4,56.0,112.9,43.9,6.197617407071923,134.8329175001008,35.0,0.9545096257929452
2023-01-16T16:00:00Z,-6.7,33.0,0.0,4.0,5.4,56.0,112.9,43.9,6.197617407071923,134.8329175001008,40.0,1.0042536669922302
2023-01-16T16:00:00Z,-6.7,33.0,0.0,4.0,5.4,56.0,112.9,43.9,6.197617407071923,134.8329175001008,45.0,1.0477758978415872
2023-01-16T16:00:00Z,-6.7,33.0,0.0,4.0,5.4,56.0,112.9,43.9,6.197617407071923,134.8329175001008,50.0,1.0847667653113802
2023-01-16T16:00:00Z,-6.7,33.0,0.0,4.0,5.4,56.0,112.9,43.9,6.197617407071923,134.8329175001008,55.0,1.1149640713558557
2023-01-16T16:00:00Z,-6.7,33.0,0.0,4.0,5.4,56.0,112.9,43.9,6.197617407071923,134.8329175001008,60.0,1.1381543866280783
2023-01-16T17:00:00Z,-6.5,39.0,0.0,4.3,7.6,122.0,186.9,83.1,12.102299468975312,147.7032541755172,30.0,1.876479353811503
2023-01-16T17:00:00Z,-6.5,39.0,0.0,4.3,7.6,122.0,186.9,83.1,12.102299468975312,147.7032541755172,35.0,1.9751662714830887
2023-01-16T17:00:00Z,-6.5,39.0,0.0,4.3,7.6,122.0,186.9,83.1,12.102299468975312,147.7032541755172,40.0,2.061836097544261
2023-01-16T17:00:00Z,-6.5,39.0,0.0,4.3,7.6,122.0,186.9,83.1,12.102299468975312,147.7032541755172,45.0,2.135915312094033
2023-01-16T17:00:00Z,-6.5,39.0,0.0,4.3,7.6,122.0,186.9,83.1,12.102299468975312,147.7032541755172,50.0,2.1969175032160075
2023-01-16T17:00:00Z,-6.5,39.0,0.0,4.3,7.6,122.0,186.9,83.1,12.102299468975312,147.7032541755172,55.0,2.2444447595963175
2023-01-16T17:00:00Z,-6.5,39.0,0.0,4.3,7.6,122.0,186.9,83.1,12.102299468975312,147.7032541755172,60.0,2.2781887212291534
2023-01-16T18:00:00Z,-6.3,38.0,0.0,5.4,6.1,231.0,444.9,108.1,16.152566491386843,161.53464409961907,30.0,4.089027749877052
2023-01-16T18:00:00Z,-6.3,38.0,0.0,5.4,6.1,231.0,444.9,108.1,16.152566491386843,161.53464409961907,35.0,4.339163311341958
2023-01-16T18:00:00Z,-6.3,38.0,0.0,5.4,6.1,231.0,444.9,108.1,16.152566491386843,161.53464409961907,40.0,4.5599668539103275
2023-01-16T18:00:00Z,-6.3,38.0,0.0,5.4,6.1,231.0,444.9,108.1,16.152566491386843,161.53464409961907,45.0,4.750329974437852
2023-01-16T18:00:00Z,-6.3,38.0,0.0,5.4,6.1,231.0,444.9,108.1,16.152566491386843,161.53464409961907,50.0,4.909325733432885
2023-01-16T18:00:00Z,-6.3,38.0,0.0,5.4,6.1,231.0,444.9,108.1,16.152566491386843,161.53464409961907,55.0,5.036200533212657
2023-01-16T18:00:00Z,-6.3,38.0,0.0,5.4,6.1,231.0,444.9,108.1,16.152566491386843,161.53464409961907,60.0,5.130366623857362
2023-01-16T19:00:00Z,-4.7,22.0,0.0,5.0,5.8,269.0,500.7,115.4,17.99334643221876,176.06443305415223,30.0,4.689176200981839
2023-01-16T19:00:00Z,-4.7,22.0,0.0,5.0,5.8,269.0,500.7,115.4,17.99334643221876,176.06443305415223,35.0,4.970071110548709
2023-01-16T19:00:00Z,-4.7,22.0,0.0,5.0,5.8,269.0,500.7,115.4,17.99334643221876,176.06443305415223,40.0,5.217130987762653
2023-01-16T19:00:00Z,-4.7,22.0,0.0,5.0,5.8,269.0,500.7,115.4,17.99334643221876,176.06443305415223,45.0,5.429245761667013
2023-01-16T19:00:00Z,-4.7,22.0,0.0,5.0,5.8,269.0,500.7,115.4,17.99334643221876,176.06443305415223,50.0,5.605500469455831
2023-01-16T19:00:00Z,-4.7,22.0,0.0,5.0,5.8,269.0,500.7,115.4,17.99334643221876,176.06443305415223,55.0,5.745162028284735
2023-01-16T19:00:00Z,-4.7,22.0,0.0,5.0,5.8,269.0,500.7,115.4,17.99334643221876,176.06443305415223,60.0,5.84766731752717
2023-01-16T20:00:00Z,-3.4,22.0,0.0,5.4,6.5,256.0,479.7,113.3,17.439583471057677,190.76190960783651,30.0,4.45136795980776
2023-01-16T20:00:00Z,-3.4,22.0,0.0,5.4,6.5,256.0,479.7,113.3,17.439583471057677,190.76190960783651,35.0,4.719217809142588
2023-01-16T20:00:00Z,-3.4,22.0,0.0,5.4,6.5,256.0,479.7,113.3,17.439583471057677,190.76190960783651,40.0,4.9550368497916475
2023-01-16T20:00:00Z,-3.4,22.0,0.0,5.4,6.5,256.0,479.7,113.3,17.439583471057677,190.76190960783651,45.0,5.157720978189571
2023-01-16T20:00:00Z,-3.4,22.0,0.0,5.4,6.5,256.0,479.7,113.3,17.439583471057677,190.76190960783651,50.0,5.3263554391915156
2023-01-16T20:00:00Z,-3.4,22.0,0.0,5.4,6.5,256.0,479.7,113.3,17.439583471057677,190.76190960783651,55.0,5.460203610820661
2023-01-16T20:00:00Z,-3.4,22.0,0.0,5.4,6.5,256.0,479.7,113.3,17.439583471057677,190.76190960783651,60.0,5.558696836074882
2023-01-16T21:00:00Z,-2.9,25.0,0.0,5.8,6.8,189.0,356.3,100.3,14.548897396459447,205.0255672758104,30.0,3.248240221011177
2023-01-16T21:00:00Z,-2.9,25.0,0.0,5.8,6.8,189.0,356.3,100.3,14.548897396459447,205.0255672758104,35.0,3.444747429573203
2023-01-16T21:00:00Z,-2.9,25.0,0.0,5.8,6.8,189.0,356.3,100.3,14.548897396459447,205.0255672758104,40.0,3.618481034176832
2023-01-16T21:00:00Z,-2.9,25.0,0.0,5.8,6.8,189.0,356.3,100.3,14.548897396459447,205.0255672758104,45.0,3.7684626130205827
2023-01-16T21:00:00Z,-2.9,25.0,0.0,5.8,6.8,189.0,356.3,100.3,14.548897396459447,205.0255672758104,50.0,3.8938645191104966
2023-01-16T21:00:00Z,-2.9,25.0,0.0,5.8,6.8,189.0,356.3,100.3,14.548897396459447,205.0255672758104,55.0,3.994006961773546
2023-01-16T21:00:00Z,-2.9,25.0,0.0,5.8,6.8,189.0,356.3,100.3,14.548897396459447,205.0255672758104,60.0,4.068355136570997
2023-01-16T22:00:00Z,-3.1,38.0,0.0,5.4,5.8,111.0,243.4,70.9,9.59784531653348,218.43323819643524,30.0,1.970429090983955
2023-01-16T22:00:00Z,-3.1,38.0,0.0,5.4,5.8,111.0,243.4,70.9,9.59784531653348,218.43323819643524,35.0,2.099184092744947
2023-01-16T22:00:00Z,-3.1,38.0,0.0,5.4,5.8,111.0,243.4,70.9,9.59784531653348,218.43323819643524,40.0,2.214289101773507
2023-01-16T22:00:00Z,-3.1,38.0,0.0,5.4,5.8,111.0,243.4,70.9,9.59784531653348,218.43323819643524,45.0,2.314998758630905
2023-01-16T22:00:00Z,-3.1,38.0,0.0,5.4,5.8,111.0,243.4,70.9,9.59784531653348,218.43323819643524,50.0,2.4006679462386407
2023-01-16T22:00:00Z,-3.1,38.0,0.0,5.4,5.8,111.0,243.4,70.9,9.59784531653348,218.43323819643524,55.0,2.4707530846711045
2023-01-16T22:00:00Z,-3.1,38.0,0.0,5.4,5.8,111.0,243.4,70.9,9.59784531653348,218.43323819643524,60.0,2.5248130444182246
2023-01-16T23:00:00Z,-3.6,53.0,0.0,4.3,4.3,11.0,0.0,11.0,2.982716500253908,230.8652866884302,30.0,0.040945357630583254
2023-01-16T23:00:00Z,-3.6,53.0,0.0,4.3,4.3,11.0,0.0,11.0,2.982716500253908,230.8652866884302,35.0,0.039033882434914124
2023-01-16T23:00:00Z,-3.6,53.0,0.0,4.3,4.3,11.0,0.0,11.0,2.982716500253908,230.8652866884302,40.0,0.0368680648051476
2023-01-16T23:00:00Z,-3.6,53.0,0.0,4.3,4.3,11.0,0.0,11.0,2.982716500253908,230.8652866884302,45.0,0.034464347198595445
2023-01-16T23:00:00Z,-3.6,53.0,0.0,4.3,4.3,11.0,0.0,11.0,2.982716500253908,230.8652866884302,50.0,0.03184098135726777
2023-01-16T23:00:00Z,-3.6,53.0,0.0,4.3,4.3,11.0,0.0,11.0,2.982716500253908,230.8652866884302,55.0,0.02901789067694351
2023-01-16T23:00:00Z,-3.6,53.0,0.0,4.3,4.3,11.0,0.0,11.0,2.982716500253908,230.8652866884302,60.0,0.026016519854077325
2023-01-17T00:00:00Z,-5.3,47.0,0.0,2.9,2.5,0.0,0.0,0.0,-4.879881684844779,242.47238120439582,30.0,0.0
2023-01-17T00:00:00Z,-5.3,47.0,0.0,2.9,2.5,0.0,0.0,0.0,-4.879881684844779,242.47238120439582,35.0,0.0
2023-01-17T00:00:00Z,-5.3,47.0,0.0,2.9,2.5,0.0,0.0,0.0,-4.879881684844779,242.47238120439582,40.0,0.0
2023-01-17T00:00:00Z,-5.3,47.0,0.0,2.9,2.5,0.0,0.0,0.0,-4.879881684844779,242.47238120439582,45.0,0.0
2023-01-17T00:00:00Z,-5.3,47.0,0.0,2.9,2.5,0.0,0.0,0.0,-4.879881684844779,242.47238120439582,50.0,0.0
2023-01-17T00:00:00Z,-5.3,47.0,0.0,2.9,2.5,0.0,0.0,0.0,-4.879881684844779,242.47238120439582,55.0,0.0
2023-01-17T00:00:00Z,-5.3,47.0,0.0,2.9,2.5,0.0,0.0,0.0,-4.879881684844779,242.47238120439582,60.0,0.0
2023-01-17T01:00:00Z,-6.0,39.0,0.0,1.8,3.2,0.0,0.0,0.0,-13.6051282558749,253.59155242464993,30.0,0.0
2023-01-17T01:00:00Z,-6.0,39.0,0.0,1.8,3.2,0.0,0.0,0.0,-13.6051282558749,253.59155242464993,35.0,0.0
2023-01-17T01:00:00Z,-6.0,39.0,0.0,1.8,3.2,0.0,0.0,0.0,-13.6051282558749,253.59155242464993,40.0,0.0
2023-01-17T01:00:00Z,-6.0,39.0,0.0,1.8,3.2,0.0,0.0,0.0,-13.6051282558749,253.59155242464993,45.0,0.0
2023-01-17T01:00:00Z,-6.0,39.0,0.0,1.8,3.2,0.0,0.0,0.0,-13.6051282558749,253.59155242464993,50.0,0.0
2023-01-17T01:00:00Z,-6.0,39.0,0.0,1.8,3.2,0.0,0.0,0.0,-13.6051282558749,253.59155242464993,55.0,0.0
2023-01-17T01:00:00Z,-6.0,39.0,0.0,1.8,3.2,0.0,0.0,0.0,-13.6051282558749,253.59155242464993,60.0,0.0
2023-01-17T02:00:00Z,-7.2,42.0,0.0,2.9,4.0,0.0,0.0,0.0,-22.843566912432884,264.700545359999,30.0,0.0
2023-01-17T02:00:00Z,-7.2,42.0,0.0,2.9,4.0,0.0,0.0,0.0,-22.843566912432884,264.700545359999,35.0,0.0
2023-01-17T02:00:00Z,-7.2,42.0,0.0,2.9,4.0,0.0,0.0,0.0,-22.843566912432884,264.700545359999,40.0,0.0
2023-01-17T02:00:00Z,-7.2,42.0,0.0,2.9,4.0,0.0,0.0,0.0,-22.843566912432884,264.700545359999,45.0,0.0
2023-01-17T02:00:00Z,-7.2,42.0,0.0,2.9,4.0,0.0,0.0,0.0,-22.843566912432884,264.700545359999,50.0,0.0
2023-01-17T02:00:00Z,-7.2,42.0,0.0,2.9,4.0,0.0,0.0,0.0,-22.843566912432884,264.700545359999,55.0,0.0
2023-01-17T02:00:00Z,-7.2,42.0,0.0,2.9,4.0,0.0,0.0,0.0,-22.843566912432884,264.700545359999,60.0,0.0
2023-01-17T03:00:00Z,-7.9,36.0,0.0,3.6,5.0,0.0,0.0,0.0,-32.24908054806196,276.44399650349095,30.0,0.0
2023-01-17T03:00:00Z,-7.9,36.0,0.0,3.6,5.0,0.0,0.0,0.0,-32.24908054806196,276.44399650349095,35.0,0.0
2023-01-17T03:00:00Z,-7.9,36.0,0.0,3.6,5.0,0.0,0.0,0.0,-32.24908054806196,276.44399650349095,40.0,0.0
2023-01-17T03:00:00Z,-7.9,36.0,0.0,3.6,5.0,0.0,0.0,0.0,-32.24908054806196,276.44399650349095,45.0,0.0
2023-01-17T03:00:00Z,-7.9,36.0,0.0,3.6,5.0,0.0,0.0,0.0,-32.24908054806196,276.44399650349095,50.0,0.0
2023-01-17T03:00:00Z,-7.9,36.0,0.0,3.6,5.0,0.0,0.0,0.0,-32.24908054806196,276.44399650349095,55.0,0.0
2023-01-17T03:00:00Z,-7.9,36.0,0.0,3.6,5.0,0.0,0.0,0.0,-32.24908054806196,276.44399650349095,60.0,0.0
2023-01-17T04:00:00Z,-8.9,38.0,0.0,5.0,6.1,0.0,0.0,0.0,-41.412200859179805,289.7390000996778,30.0,0.0
2023-01-17T04:00:00Z,-8.9,38.0,0.0,5.0,6.1,0.0,0.0,0.0,-41.412200859179805,289.7390000996778,35.0,0.0
2023-01-17T04:00:00Z,-8.9,38.0,0.0,5.0,6.1,0.0,0.0,0.0,-41.412200859179805,289.7390000996778,40.0,0.0
2023-01-17T04:00:00Z,-8.9,38.0,0.0,5.0,6.1,0.0,0.0,0.0,-41.412200859179805,289.7390000996778,45.0,0.0
2023-01-17T04:00:00Z,-8.9,38.0,0.0,5.0,6.1,0.0,0.0,0.0,-41.412200859179805,289.7390000996778,50.0,0.0
2023-01-17T04:00:00Z,-8.9,38.0,0.0,5.0,6.1,0.0,0.0,0.0,-41.412200859179805,289.7390000996778,55.0,0.0
2023-01-17T04:00:00Z,-8.9,38.0,0.0,5.0,6.1,0.0,0.0,0.0,-41.412200859179805,289.7390000996778,60.0,0.0
2023-01-17T05:00:00Z,-9.0,20.0,0.0,6.1,8.6,0.0,0.0,0.0,-49.73910128228619,305.9289169525176,30.0,0.0
2023-01-17T05:00:00Z,-9.0,20.0,0.0,6.1,8.6,0.0,0.0,0.0,-49.73910128228619,305.9289169525176,35.0,0.0
2023-01-17T05:00:00Z,-9.0,20.0,0.0,6.1,8.6,0.0,0.0,0.0,-49.73910128228619,305.9289169525176,40.0,0.0
2023-01-17T05:00:00Z,-9.0,20.0,0.0,6.1,8.6,0.0,0.0,0.0,-49.73910128228619,305.9289169525176,45.0,0.0
2023-01-17T05:00:00Z,-9.0,20.0,0.0,6.1,8.6,0.0,0.0,0.0,-49.73910128228619,305.9289169525176,50.0,0.0
2023-01-17T05:00:00Z,-9.0,20.0,0.0,6.1,8.6,0.0,0.0,0.0,-49.73910128228619,305.9289169525176,55.0,0.0
2023-01-17T05:00:00Z,-9.0,20.0,0.0,6.1,8.6,0.0,0.0,0.0,-49.73910128228619,305.9289169525176,60.0,0.0
2023-01-17T06:00:00Z,-7.8,14.0,0.0,8.3,9.4,0.0,0.0,0.0,-56.26160319790074,326.683914109315,30.0,0.0
2023-01-17T06:00:00Z,-7.8,14.0,0.0,8.3,9.4,0.0,0.0,0.0,-56.26160319790074,326.683914109315,35.0,0.0
2023-01-17T06:00:00Z,-7.8,14.0,0.0,8.3,9.4,0.0,0.0,0.0,-56.26160319790074,326.683914109315,40.0,0.0
2023-01-17T06:00:00Z,-7.8,14.0,0.0,8.3,9.4,0.0,0.0,0.0,-56.26160319790074,326.683914109315,45.0,0.0
2023-01-17T06:00:00Z,-7.8,14.0,0.0,8.3,9.4,0.0,0.0,0.0,-56.26160319790074,326.683914109315,50.0,0.0
2023-01-17T06:00:00Z,-7.8,14.0,0.0,8.3,9.4,0.0,0.0,0.0,-56.26160319790074,326.683914109315,55.0,0.0
2023-01-17T06:00:00Z,-7.8,14.0,0.0,8.3,9.4,0.0,0.0,0.0,-56.26160319790074,326.683914109315,60.0,0.0
2023-01-17T07:00:00Z,-6.5,8.0,0.0,9.4,9.0,0.0,0.0,0.0,-59.56618000085008,352.51328642455815,30.0,0.0
2023-01-17T07:00:00Z,-6.5,8.0,0.0,9.4,9.0,0.0,0.0,0.0,-59.56618000085008,352.51328642455815,35.0,0.0
2023-01-17T07:00:00Z,-6.5,8.0,0.0,9.4,9.0,0.0,0.0,0.0,-59.56618000085008,352.51328642455815,40.0,0.0
2023-01-17T07:00:00Z,-6.5,8.0,0.0,9.4,9.0,0.0,0.0,0.0,-59.56618000085008,352.51328642455815,45.0,0.0
2023-01-17T07:00:00Z,-6.5,8.0,0.0,9.4,9.0,0.0,0.0,0.0,-59.56618000085008,352.51328642455815,50.0,0.0
2023-01-17T07:00:00Z,-6.5,8.0,0.0,9.4,9.0,0.0,0.0,0.0,-59.56618000085008,352.51328642455815,55.0,0.0
2023-01-17T07:00:00Z,-6.5,8.0,0.0,9.4,9.0,0.0,0.0,0.0,-59.56618000085008,352.51328642455815,60.0,0.0
2023-01-17T08:00:00Z,-5.2,9.0,0.0,9.0,8.6,0.0,0.0,0.0,-58.52961336318025,19.88612504185278,30.0,0.0
2023-01-17T08:00:00Z,-5.2,9.0,0.0,9.0,8.6,0.0,0.0,0.0,-58.52961336318025,19.88612504185278,35.0,0.0
2023-01-17T08:00:00Z,-5.2,9.0,0.0,9.0,8.6,0.0,0.0,0.0,-58.52961336318025,19.88612504185278,40.0,0.0
2023-01-17T08:00:00Z,-5.2,9.0,0.0,9.0,8.6,0.0,0.0,0.0,-58.52961336318025,19.88612504185278,45.0,0.0
2023-01-17T08:00:00Z,-5.2,9.0,0.0,9.0,8.6,0.0,0.0,0.0,-58.52961336318025,19.88612504185278,50.0,0.0
2023-01-17T08:00:00Z,-5.2,9.0,0.0,9.0,8.6,0.0,0.0,0.0,-58.52961336318025,19.88612504185278,55.0,0.0
2023-01-17T08:00:00Z,-5.2,9.0,0.0,9.0,8.6,0.0,0.0,0.0,-58.52961336318025,19.88612504185278,60.0,0.0
2023-01-17T09:00:00Z,-5.0,11.0,0.0,8.6,8.6,0.0,0.0,0.0,-53.54176864917543,43.50578800703448,30.0,0.0
2023-01-17T09:00:00Z,-5.0,11.0,0.0,8.6,8.6,0.0,0.0,0.0,-53.54176864917543,43.50578800703448,35.0,0.0
2023-01-17T09:00:00Z,-5.0,11.0,0.0,8.6,8.6,0.0,0.0,0.0,-53.54176864917543,43.50578800703448,40.0,0.0
2023-01-17T09:00:00Z,-5.0,11.0,0.0,8.6,8.6,0.0,0.0,0.0,-53.54176864917543,43.50578800703448,45.0,0.0
2023-01-17T09:00:00Z,-5.0,11.0,0.0,8.6,8.6,0.0,0.0,0.0,-53.54176864917543,43.50578800703448,50.0,0.0
2023-01-17T09:00:00Z,-5.0,11.0,0.0,8.6,8.6,0.0,0.0,0.0,-53.54176864917543,43.50578800703448,55.0,0.0
2023-01-17T09:00:00Z,-5.0,11.0,0.0,8.6,8.6,0.0,0.0,0.0,-53.54176864917543,43.50578800703448,60.0,0.0
2023-01-17T10:00:00Z,-5.3,9.0,0.0,8.6,9.4,0.0,0.0,0.0,-46.026045462693126,61.947419403640936,30.0,0.0
2023-01-17T10:00:00Z,-5.3,9.0,0.0,8.6,9.4,0.0,0.0,0.0,-46.026045462693126,61.947419403640936,35.0,0.0
2023-01-17T10:00:00Z,-5.3,9.0,0.0,8.6,9.4,0.0,0.0,0.0,-46.026045462693126,61.947419403640936,40.0,0.0
2023-01-17T10:00:00Z,-5.3,9.0,0.0,8.6,9.4,0.0,0.0,0.0,-46.026045462693126,61.947419403640936,45.0,0.0
2023-01-17T10:00:00Z,-5.3,9.0,0.0,8.6,9.4,0.0,0.0,0.0,-46.026045462693126,61.947419403640936,50.0,0.0
2023-01-17T10:00:00Z,-5.3,9.0,0.0,8.6,9.4,0.0,0.0,0.0,-46.026045462693126,61.947419403640936,55.0,0.0
2023-01-17T10:00:00Z,-5.3,9.0,0.0,8.6,9.4,0.0,0.0,0.0,-46.026045462693126,61.947419403640936,60.0,0.0
2023-01-17T11:00:00Z,-5.5,2.0,0.0,9.4,7.2,0.0,0.0,0.0,-37.2115326482802,76.59525016421333,30.0,0.0
2023-01-17T11:00:00Z,-5.5,2.0,0.0,9.4,7.2,0.0,0.0,0.0,-37.2115326482802,76.59525016421333,35.0,0.0
2023-01-17T11:00:00Z,-5.5,2.0,0.0,9.4,7.2,0.0,0.0,0.0,-37.2115326482802,76.59525016421333,40.0,0.0
2023-01-17T11:00:00Z,-5.5,2.0,0.0,9.4,7.2,0.0,0.0,0.0,-37.2115326482802,76.59525016421333,45.0,0.0
2023-01-17T11:00:00Z,-5.5,2.0,0.0,9.4,7.2,0.0,0.0,0.0,-37.2115326482802,76.59525016421333,50.0,0.0
2023-01-17T11:00:00Z,-5.5,2.0,0.0,9.4,7.2,0.0,0.0,0.0,-37.2115326482802,76.59525016421333,55.0,0.0
2023-01-17T11:00:00Z,-5.5,2.0,0.0,9.4,7.2,0.0,0.0,0.0,-37.2115326482802,76.59525016421333,60.0,0.0
2023-01-17T12:00:00Z,-4.1,0.0,0.0,7.2,8.6,0.0,0.0,0.0,-27.866802301255877,89.02995579624115,30.0,0.0
2023-01-17T12:00:00Z,-4.1,0.0,0.0,7.2,8.6,0.0,0.0,0.0,-27.866802301255877,89.02995579624115,35.0,0.0
2023-01-17T12:00:00Z,-4.1,0.0,0.0,7.2,8.6,0.0,0.0,0.0,-27.866802301255877,89.02995579624115,40.0,0.0
2023-01-17T12:00:00Z,-4.1,0.0,0.0,7.2,8.6,0.0,0.0,0.0,-27.866802301255877,89.02995579624115,45.0,0.0
2023-01-17T12:00:00Z,-4.1,0.0,0.0,7.2,8.6,0.0,0.0,0.0,-27.866802301255877,89.02995579624115,50.0,0.0
2023-01-17T12:00:00Z,-4.1,0.0,0.0,7.2,8.6,0.0,0.0,0.0,-27.866802301255877,89.02995579624115,55.0,0.0
2023-01-17T12:00:00Z,-4.1,0.0,0.0,7.2,8.6,0.0,0.0,0.0,-27.866802301255877,89.02995579624115,60.0,0.0
2023-01-17T13:00:00Z,-6.0,0.0,0.0,8.6,7.6,0.0,0.0,0.0,-18.480136758643038,100.38095474579973,30.0,0.0
2023-01-17T13:00:00Z,-6.0,0.0,0.0,8.6,7.6,0.0,0.0,0.0,-18.480136758643038,100.38095474579973,35.0,0.0
2023-01-17T13:00:00Z,-6.0,0.0,0.0,8.6,7.6,0.0,0.0,0.0,-18.480136758643038,100.38095474579973,40.0,0.0
2023-01-17T13:00:00Z,-6.0,0.0,0.0,8.6,7.6,0.0,0.0,0.0,-18.480136758643038,100.38095474579973,45.0,0.0
2023-01-17T13:00:00Z,-6.0,0.0,0.0,8.6,7.6,0.0,0.0,0.0,-18.480136758643038,100.38095474579973,50.0,0.0
2023-01-17T13:00:00Z,-6.0,0.0,0.0,8.6,7.6,0.0,0.0,0.0,-18.480136758643038,100.38095474579973,55.0,0.0
2023-01-17T13:00:00Z,-6.0,0.0,0.0,8.6,7.6,0.0,0.0,0.0,-18.480136758643038,100.38095474579973,60.0,0.0
2023-01-17T14:00:00Z,-6.6,0.0,0.0,7.6,6.5,0.0,0.0,0.0,-9.420177400020874,111.42176490781964,30.0,0.0
2023-01-17T14:00:00Z,-6.6,0.0,0.0,7.6,6.5,0.0,0.0,0.0,-9.420177400020874,111.42176490781964,35.0,0.0
2023-01-17T14:00:00Z,-6.6,0.0,0.0,7.6,6.5,0.0,0.0,0.0,-9.420177400020874,111.42176490781964,40.0,0.0
2023-01-17T14:00:00Z,-6.6,0.0,0.0,7.6,6.5,0.0,0.0,0.0,-9.420177400020874,111.42176490781964,45.0,0.0
2023-01-17T14:00:00Z,-6.6,0.0,0.0,7.6,6.5,0.0,0.0,0.0,-9.420177400020874,111.42176490781964,50.0,0.0
2023-01-17T14:00:00Z,-6.6,0.0,0.0,7.6,6.5,0.0,0.0,0.0,-9.420177400020874,111.42176490781964,55.0,0.0
2023-01-17T14:00:00Z,-6.6,0.0,0.0,7.6,6.5,0.0,0.0,0.0,-9.420177400020874,111.42176490781964,60.0,0.0
2023-01-17T15:00:00Z,-7.1,8.0,0.0,6.8,6.8,0.0,0.0,0.0,-1.0282827511663146,122.71272182995142,30.0,0.0
2023-01-17T15:00:00Z,-7.1,8.0,0.0,6.8,6.8,0.0,0.0,0.0,-1.0282827511663146,122.71272182995142,35.0,0.0
2023-01-17T15:00:00Z,-7.1,8.0,0.0,6.8,6.8,0.0,0.0,0.0,-1.0282827511663146,122.71272182995142,40.0,0.0
2023-01-17T15:00:00Z,-7.1,8.0,0.0,6.8,6.8,0.0,0.0,0.0,-1.0282827511663146,122.71272182995142,45.0,0.0
2023-01-17T15:00:00Z,-7.1,8.0,0.0,6.8,6.8,0.0,0.0,0.0,-1.0282827511663146,122.71272182995142,50.0,0.0
2023-01-17T15:00:00Z,-7.1,8.0,0.0,6.8,6.8,0.0,0.0,0.0,-1.0282827511663146,122.71272182995142,55.0,0.0
2023-01-17T15:00:00Z,-7.1,8.0,0.0,6.8,6.8,0.0,0.0,0.0,-1.0282827511663146,122.71272182995142,60.0,0.0
2023-01-17T16:00:00Z,-7.3,2.0,0.0,7.2,7.6,78.0,248.7,50.8,6.331754347040111,134.66997806839015,30.0,1.6635742201997035
2023-01-17T16:00:00Z,-7.3,2.0,0.0,7.2,7.6,78.0,248.7,50.8,6.331754347040111,134.66997806839015,35.0,1.7951588441925352
2023-01-17T16:00:00Z,-7.3,2.0,0.0,7.2,7.6,78.0,248.7,50.8,6.331754347040111,134.66997806839015,40.0,1.9145355678272464
2023-01-17T16:00:00Z,-7.3,2.0,0.0,7.2,7.6,78.0,248.7,50.8,6.331754347040111,134.66997806839015,45.0,2.020909805490263
2023-01-17T16:00:00Z,-7.3,2.0,0.0,7.2,7.6,78.0,248.7,50.8,6.331754347040111,134.66997806839015,50.0,2.113580763667876
2023-01-17T16:00:00Z,-7.3,2.0,0.0,7.2,7.6,78.0,248.7,50.8,6.331754347040111,134.66997806839015,55.0,2.19194352413016
2023-01-17T16:00:00Z,-7.3,2.0,0.0,7.2,7.6,78.0,248.7,50.8,6.331754347040111,134.66997806839015,60.0,2.2554906549637526
2023-01-17T17:00:00Z,-5.8,0.0,0.0,7.6,8.3,200.0,501.5,94.3,12.25654268788263,147.55668467083842,30.0,3.9640173386717015
2023-01-17T17:00:00Z,-5.8,0.0,0.0,7.6,8.3,200.0,501.5,94.3,12.25654268788263,147.55668467083842,35.0,4.2403337077682
2023-01-17T17:00:00Z,-5.8,0.0,0.0,7.6,8.3,200.0,501.5,94.3,12.25654268788263,147.55668467083842,40.0,4.487009626062529
2023-01-17T17:00:00Z,-5.8,0.0,0.0,7.6,8.3,200.0,501.5,94.3,12.25654268788263,147.55668467083842,45.0,4.7027866740029705
2023-01-17T17:00:00Z,-5.8,0.0,0.0,7.6,8.3,200.0,501.5,94.3,12.25654268788263,147.55668467083842,50.0,4.886599195091213
2023-01-17T17:00:00Z,-5.8,0.0,0.0,7.6,8.3,200.0,501.5,94.3,12.25654268788263,147.55668467083842,55.0,5.037565622533978
2023-01-17T17:00:00Z,-5.8,0.0,0.0,7.6,8.3,200.0,501.5,94.3,12.25654268788263,147.55668467083842,60.0,5.15498018753338
2023-01-17T18:00:00Z,-1.4,0.0,0.0,8.3,14.4,262.0,543.0,110.4,16.32713350701553,161.41169038330918,30.0,4.720258920284385
2023-01-17T18:00:00Z,-1.4,0.0,0.0,8.3,14.4,262.0,543.0,110.4,16.32713350701553,161.41169038330918,35.0,5.0181789294016
2023-01-17T18:00:00Z,-1.4,0.0,0.0,8.3,14.4,262.0,543.0,110.4,16.32713350701553,161.41169038330918,40.0,5.281388617408554
2023-01-17T18:00:00Z,-1.4,0.0,0.0,8.3,14.4,262.0,543.0,110.4,16.32713350701553,161.41169038330918,45.0,5.508700045669723
2023-01-17T18:00:00Z,-1.4,0.0,0.0,8.3,14.4,262.0,543.0,110.4,16.32713350701553,161.41169038330918,50.0,5.699129583961128
2023-01-17T18:00:00Z,-1.4,0.0,0.0,8.3,14.4,262.0,543.0,110.4,16.32713350701553,161.41169038330918,55.0,5.851883862131991
2023-01-17T18:00:00Z,-1.4,0.0,0.0,8.3,14.4,262.0,543.0,110.4,16.32713350701553,161.41169038330918,60.0,5.966346960280339
2023-01-17T19:00:00Z,-0.6,0.0,0.0,9.0,13.3,299.0,585.7,117.5,18.185530078737067,175.9729284454255,30.0,5.261285640789132
2023-01-17T19:00:00Z,-0.6,0.0,0.0,9.0,13.3,299.0,585.7,117.5,18.185530078737067,175.9729284454255,35.0,5.583127861705913
2023-01-17T19:00:00Z,-0.6,0.0,0.0,9.0,13.3,299.0,585.7,117.5,18.185530078737067,175.9729284454255,40.0,5.866322550642281
2023-01-17T19:00:00Z,-0.6,0.0,0.0,9.0,13.3,299.0,585.7,117.5,18.185530078737067,175.9729284454255,45.0,6.109709132016858
2023-01-17T19:00:00Z,-0.6,0.0,0.0,9.0,13.3,299.0,585.7,117.5,18.185530078737067,175.9729284454255,50.0,6.312340501327049
2023-01-17T19:00:00Z,-0.6,0.0,0.0,9.0,13.3,299.0,585.7,117.5,18.185530078737067,175.9729284454255,55.0,6.473464283410943
2023-01-17T19:00:00Z,-0.6,0.0,0.0,9.0,13.3,299.0,585.7,117.5,18.185530078737067,175.9729284454255,60.0,6.592506015724119
2023-01-17T20:00:00Z,0.6,0.0,0.0,8.6,10.4,272.0,524.6,114.2,17.644092638393307,190.70673399216403,30.0,4.727136813932384
2023-01-17T20:00:00Z,0.6,0.0,0.0,8.6,10.4,272.0,524.6,114.2,17.644092638393307,190.70673399216403,35.0,5.014787532996396
2023-01-17T20:00:00Z,0.6,0.0,0.0,8.6,10.4,272.0,524.6,114.2,17.644092638393307,190.70673399216403,40.0,5.2680715400220395
2023-01-17T20:00:00Z,0.6,0.0,0.0,8.6,10.4,272.0,524.6,114.2,17.644092638393307,190.70673399216403,45.0,5.485847081822351
2023-01-17T20:00:00Z,0.6,0.0,0.0,8.6,10.4,272.0,524.6,114.2,17.644092638393307,190.70673399216403,50.0,5.667171748479325
2023-01-17T20:00:00Z,0.6,0.0,0.0,8.6,10.4,272.0,524.6,114.2,17.644092638393307,190.70673399216403,55.0,5.811289014730052
2023-01-17T20:00:00Z,0.6,0.0,0.0,8.6,10.4,272.0,524.6,114.2,17.644092638393307,190.70673399216403,60.0,5.91761607756221
2023-01-17T21:00:00Z,1.3,0.0,0.0,7.9,6.8,233.0,511.8,103.7,14.759461255307835,205.0063410262293,30.0,4.253004299057563
2023-01-17T21:00:00Z,1.3,0.0,0.0,7.9,6.8,233.0,511.8,103.7,14.759461255307835,205.0063410262293,35.0,4.529530585532938
2023-01-17T21:00:00Z,1.3,0.0,0.0,7.9,6.8,233.0,511.8,103.7,14.759461255307835,205.0063410262293,40.0,4.774710560108463
2023-01-17T21:00:00Z,1.3,0.0,0.0,7.9,6.8,233.0,511.8,103.7,14.759461255307835,205.0063410262293,45.0,4.987366828187184
2023-01-17T21:00:00Z,1.3,0.0,0.0,7.9,6.8,233.0,511.8,103.7,14.759461255307835,205.0063410262293,50.0,5.166514883839617
2023-01-17T21:00:00Z,1.3,0.0,0.0,7.9,6.8,233.0,511.8,103.7,14.759461255307835,205.0063410262293,55.0,5.3113522129689
2023-01-17T21:00:00Z,1.3,0.0,0.0,7.9,6.8,233.0,511.8,103.7,14.759461255307835,205.0063410262293,60.0,5.4212481925220715
2023-01-17T22:00:00Z,1.1,0.0,0.0,6.8,6.1,133.0,344.4,75.0,9.809116217350567,218.4452003254427,30.0,2.5583356943502644
2023-01-17T22:00:00Z,1.1,0.0,0.0,6.8,6.1,133.0,344.4,75.0,9.809116217350567,218.4452003254427,35.0,2.7399424718115606
2023-01-17T22:00:00Z,1.1,0.0,0.0,6.8,6.1,133.0,344.4,75.0,9.809116217350567,218.4452003254427,40.0,2.9029084713698396
2023-01-17T22:00:00Z,1.1,0.0,0.0,6.8,6.1,133.0,344.4,75.0,9.809116217350567,218.4452003254427,45.0,3.0462520795478882
2023-01-17T22:00:00Z,1.1,0.0,0.0,6.8,6.1,133.0,344.4,75.0,9.809116217350567,218.4452003254427,50.0,3.169124771348451
2023-01-17T22:00:00Z,1.1,0.0,0.0,6.8,6.1,133.0,344.4,75.0,9.809116217350567,218.4452003254427,55.0,3.2708103966255244
2023-01-17T22:00:00Z,1.1,0.0,0.0,6.8,6.1,133.0,344.4,75.0,9.809116217350567,218.4452003254427,60.0,3.350724169288881
2023-01-17T23:00:00Z,-0.4,0.0,0.0,5.8,3.6,22.0,23.4,20.3,3.1913254144102723,230.90205522620263,30.0,0.21569421030602542
2023-01-17T23:00:00Z,-0.4,0.0,0.0,5.8,3.6,22.0,23.4,20.3,3.1913254144102723,230.90205522620263,35.0,0.22411680734934714
2023-01-17T23:00:00Z,-0.4,0.0,0.0,5.8,3.6,22.0,23.4,20.3,3.1913254144102723,230.90205522620263,40.0,0.23126271011158014
2023-01-17T23:00:00Z,-0.4,0.0,0.0,5.8,3.6,22.0,23.4,20.3,3.1913254144102723,230.90205522620263,45.0,0.23707824973550265
2023-01-17T23:00:00Z,-0.4,0.0,0.0,5.8,3.6,22.0,23.4,20.3,3.1913254144102723,230.90205522620263,50.0,0.2415197710774263
2023-01-17T23:00:00Z,-0.4,0.0,0.0,5.8,3.6,22.0,23.4,20.3,3.1913254144102723,230.90205522620263,55.0,0.24455394661326937
2023-01-17T23:00:00Z,-0.4,0.0,0.0,5.8,3.6,22.0,23.4,20.3,3.1913254144102723,230.90205522620263,60.0,0.24615801567354165
2023-01-18T00:00:00Z,-2.1,0.0,0.0,3.2,4.3,0.0,0.0,0.0,-4.675269629789948,242.52817048343638,30.0,0.0
2023-01-18T00:00:00Z,-2.1,0.0,0.0,3.2,4.3,0.0,0.0,0.0,-4.675269629789948,242.52817048343638,35.0,0.0
2023-01-18T00:00:00Z,-2.1,0.0,0.0,3.2,4.3,0.0,0.0,0.0,-4.675269629789948,242.52817048343638,40.0,0.0
2023-01-18T00:00:00Z,-2.1,0.0,0.0,3.2,4.3,0.0,0.0,0.0,-4.675269629789948,242.52817048343638,45.0,0.0
2023-01-18T00:00:00Z,-2.1,0.0,0.0,3.2,4.3,0.0,0.0,0.0,-4.675269629789948,242.52817048343638,50.0,0.0
2023-01-18T00:00:00Z,-2.1,0.0,0.0,3.2,4.3,0.0,0.0,0.0,-4.675269629789948,242.52817048343638,55.0,0.0
2023-01-18T00:00:00Z,-2.1,0.0,0.0,3.2,4.3,0.0,0.0,0.0,-4.675269629789948,242.52817048343638,60.0,0.0
2023-01-18T01:00:00Z,-5.4,0.0,0.0,4.0,5.0,0.0,0.0,0.0,-13.40422038405459,253.66194032215068,30.0,0.0
2023-01-18T01:00:00Z,-5.4,0.0,0.0,4.0,5.0,0.0,0.0,0.0,-13.40422038405459,253.66194032215068,35.0,0.0
2023-01-18T01:00:00Z,-5.4,0.0,0.0,4.0,5.0,0.0,0.0,0.0,-13.40422038405459,253.66194032215068,40.0,0.0
2023-01-18T01:00:00Z,-5.4,0.0,0.0,4.0,5.0,0.0,0.0,0.0,-13.40422038405459,253.66194032215068,45.0,0.0
2023-01-18T01:00:00Z,-5.4,0.0,0.0,4.0,5.0,0.0,0.0,0.0,-13.40422038405459,253.66194032215068,50.0,0.0
2023-01-18T01:00:00Z,-5.4,0.0,0.0,4.0,5.0,0.0,0.0,0.0,-13.40422038405459,253.66194032215068,55.0,0.0
2023-01-18T01:00:00Z,-5.4,0.0,0.0,4.0,5.0,0.0,0.0,0.0,-13.40422038405459,253.66194032215068,60.0,0.0
2023-01-18T02:00:00Z,-6.8,0.0,0.0,5.0,5.8,0.0,0.0,0.0,-22.644848629170486,264.7820543729242,30.0,0.0
2023-01-18T02:00:00Z,-6.8,0.0,0.0,5.0,5.8,0.0,0.0,0.0,-22.644848629170486,264.7820543729242,35.0,0.0
2023-01-18T02:00:00Z,-6.8,0.0,0.0,5.0,5.8,0.0,0.0,0.0,-22.644848629170486,264.7820543729242,40.0,0.0
2023-01-18T02:00:00Z,-6.8,0.0,0.0,5.0,5.8,0.0,0.0,0.0,-22.644848629170486,264.7820543729242,45.0,0.0
2023-01-18T02:00:00Z,-6.8,0.0,0.0,5.0,5.8,0.0,0.0,0.0,-22.644848629170486,264.7820543729242,50.0,0.0
2023-01-18T02:00:00Z,-6.8,0.0,0.0,5.0,5.8,0.0,0.0,0.0,-22.644848629170486,264.7820543729242,55.0,0.0
2023-01-18T02:00:00Z,-6.8,0.0,0.0,5.0,5.8,0.0,0.0,0.0,-22.644848629170486,264.7820543729242,60.0,0.0
2023-01-18T03:00:00Z,-8.2,0.0,0.0,5.8,6.8,0.0,0.0,0.0,-32.050078665462465,276.53261399405915,30.0,0.0
2023-01-18T03:00:00Z,-8.2,0.0,0.0,5.8,6.8,0.0,0.0,0.0,-32.050078665462465,276.53261399405915,35.0,0.0
2023-01-18T03:00:00Z,-8.2,0.0,0.0,5.8,6.8,0.0,0.0,0.0,-32.050078665462465,276.53261399405915,40.0,0.0
2023-01-18T03:00:00Z,-8.2,0.0,0.0,5.8,6.8,0.0,0.0,0.0,-32.050078665462465,276.53261399405915,45.0,0.0
2023-01-18T03:00:00Z,-8.2,0.0,0.0,5.8,6.8,0.0,0.0,0.0,-32.050078665462465,276.53261399405915,50.0,0.0
2023-01-18T03:00:00Z,-8.2,0.0,0.0,5.8,6.8,0.0,0.0,0.0,-32.050078665462465,276.53261399405915,55.0,0.0
2023-01-18T03:00:00Z,-8.2,0.0,0.0,5.8,6.8,0.0,0.0,0.0,-32.050078665462465,276.53261399405915,60.0,0.0
2023-01-18T04:00:00Z,-9.3,0.0,0.0,6.8,8.3,0.0,0.0,0.0,-41.209776704588926,289.82677814161707,30.0,0.0
2023-01-18T04:00:00Z,-9.3,0.0,0.0,6.8,8.3,0.0,0.0,0.0,-41.209776704588926,289.82677814161707,35.0,0.0
2023-01-18T04:00:00Z,-9.3,0.0,0.0,6.8,8.3,0.0,0.0,0.0,-41.209776704588926,289.82677814161707,40.0,0.0
2023-01-18T04:00:00Z,-9.3,0.0,0.0,6.8,8.3,0.0,0.0,0.0,-41.209776704588926,289.82677814161707,45.0,0.0
2023-01-18T04:00:00Z,-9.3,0.0,0.0,6.8,8.3,0.0,0.0,0.0,-41.209776704588926,289.82677814161707,50.0,0.0
2023-01-18T04:00:00Z,-9.3,0.0,0.0,6.8,8.3,0.0,0.0,0.0,-41.209776704588926,289.82677814161707,55.0,0.0
2023-01-18T04:00:00Z,-9.3,0.0,0.0,6.8,8.3,0.0,0.0,0.0,-41.209776704588926,289.82677814161707,60.0,0.0
2023-01-18T05:00:00Z,-9.8,0.0,0.0,8.3,6.1,0.0,0.0,0.0,-49.53051240899419,305.9963125617702,30.0,0.0
2023-01-18T05:00:00Z,-9.8,0.0,0.0,8.3,6.1,0.0,0.0,0.0,-49.53051240899419,305.9963125617702,35.0,0.0
2023-01-18T05:00:00Z,-9.8,0.0,0.0,8.3,6.1,0.0,0.0,0.0,-49.53051240899419,305.9963125617702,40.0,0.0
2023-01-18T05:00:00Z,-9.8,0.0,0.0,8.3,6.1,0.0,0.0,0.0,-49.53051240899419,305.9963125617702,45.0,0.0
2023-01-18T05:00:00Z,-9.8,0.0,0.0,8.3,6.1,0.0,0.0,0.0,-49.53051240899419,305.9963125617702,50.0,0.0
2023-01-18T05:00:00Z,-9.8,0.0,0.0,8.3,6.1,0.0,0.0,0.0,-49.53051240899419,305.9963125617702,55.0,0.0
2023-01-18T05:00:00Z,-9.8,0.0,0.0,8.3,6.1,0.0,0.0,0.0,-49.53051240899419,305.9963125617702,60.0,0.0
2023-01-18T06:00:00Z,-8.2,0.0,0.0,6.1,8.3,0.0,0.0,0.0,-56.04829127172193,326.68777922489755,30.0,0.0
2023-01-18T06:00:00Z,-8.2,0.0,0.0,6.1,8.3,0.0,0.0,0.0,-56.04829127172193,326.68777922489755,35.0,0.0
2023-01-18T06:00:00Z,-8.2,0.0,0.0,6.1,8.3,0.0,0.0,0.0,-56.04829127172193,326.68777922489755,40.0,0.0
2023-01-18T06:00:00Z,-8.2,0.0,0.0,6.1,8.3,0.0,0.0,0.0,-56.04829127172193,326.68777922489755,45.0,0.0
2023-01-18T06:00:00Z,-8.2,0.0,0.0,6.1,8.3,0.0,0.0,0.0,-56.04829127172193,326.68777922489755,50.0,0.0
2023-01-18T06:00:00Z,-8.2,0.0,0.0,6.1,8.3,0.0,0.0,0.0,-56.04829127172193,326.68777922489755,55.0,0.0
2023-01-18T06:00:00Z,-8.2,0.0,0.0,6.1,8.3,0.0,0.0,0.0,-56.04829127172193,326.68777922489755,60.0,0.0
2023-01-18T07:00:00Z,-9.7,0.0,0.0,8.3,8.3,0.0,0.0,0.0,-59.36087897761077,352.3976756387251,30.0,0.0
2023-01-18T07:00:00Z,-9.7,0.0,0.0,8.3,8.3,0.0,0.0,0.0,-59.36087897761077,352.3976756387251,35.0,0.0
2023-01-18T07:00:00Z,-9.7,0.0,0.0,8.3,8.3,0.0,0.0,0.0,-59.36087897761077,352.3976756387251,40.0,0.0
2023-01-18T07:00:00Z,-9.7,0.0,0.0,8.3,8.3,0.0,0.0,0.0,-59.36087897761077,352.3976756387251,45.0,0.0
2023-01-18T07:00:00Z,-9.7,0.0,0.0,8.3,8.3,0.0,0.0,0.0,-59.36087897761077,352.3976756387251,50.0,0.0
2023-01-18T07:00:00Z,-9.7,0.0,0.0,8.3,8.3,0.0,0.0,0.0,-59.36087897761077,352.3976756387251,55.0,0.0
2023-01-18T07:00:00Z,-9.7,0.0,0.0,8.3,8.3,0.0,0.0,0.0,-59.36087897761077,352.3976756387251,60.0,0.0
2023-01-18T08:00:00Z,-9.9,0.0,0.0,8.3,8.3,0.0,0.0,0.0,-58.3526394545102,19.657068442897298,30.0,0.0
2023-01-18T08:00:00Z,-9.9,0.0,0.0,8.3,8.3,0.0,0.0,0.0,-58.3526394545102,19.657068442897298,35.0,0.0
2023-01-18T08:00:00Z,-9.9,0.0,0.0,8.3,8.3,0.0,0.0,0.0,-58.3526394545102,19.657068442897298,40.0,0.0
2023-01-18T08:00:00Z,-9.9,0.0,0.0,8.3,8.3,0.0,0.0,0.0,-58.3526394545102,19.657068442897298,45.0,0.0
2023-01-18T08:00:00Z,-9.9,0.0,0.0,8.3,8.3,0.0,0.0,0.0,-58.3526394545102,19.657068442897298,50.0,0.0
2023-01-18T08:00:00Z,-9.9,0.0,0.0,8.3,8.3,0.0,0.0,0.0,-58.3526394545102,19.657068442897298,55.0,0.0
2023-01-18T08:00:00Z,-9.9,0.0,0.0,8.3,8.3,0.0,0.0,0.0,-58.3526394545102,19.657068442897298,60.0,0.0
2023-01-18T09:00:00Z,-10.0,0.0,0.0,8.3,8.3,0.0,0.0,0.0,-53.39971005530338,43.2369665083495,30.0,0.0
2023-01-18T09:00:00Z,-10.0,0.0,0.0,8.3,8.3,0.0,0.0,0.0,-53.39971005530338,43.2369665083495,35.0,0.0
2023-01-18T09:00:00Z,-10.0,0.0,0.0,8.3,8.3,0.0,0.0,0.0,-53.39971005530338,43.2369665083495,40.0,0.0
2023-01-18T09:00:00Z,-10.0,0.0,0.0,8.3,8.3,0.0,0.0,0.0,-53.39971005530338,43.2369665083495,45.0,0.0
2023-01-18T09:00:00Z,-10.0,0.0,0.0,8.3,8.3,0.0,0.0,0.0,-53.39971005530338,43.2369665083495,50.0,0.0
2023-01-18T09:00:00Z,-10.0,0.0,0.0,8.3,8.3,0.0,0.0,0.0,-53.39971005530338,43.2369665083495,55.0,0.0
2023-01-18T09:00:00Z,-10.0,0.0,0.0,8.3,8.3,0.0,0.0,0.0,-53.39971005530338,43.2369665083495,60.0,0.0
2023-01-18T10:00:00Z,-10.4,0.0,0.0,8.3,7.9,0.0,0.0,0.0,-45.9099690693871,61.68843469258536,30.0,0.0
2023-01-18T10:00:00Z,-10.4,0.0,0.0,8.3,7.9,0.0,0.0,0.0,-45.9099690693871,61.68843469258536,35.0,0.0
2023-01-18T10:00:00Z,-10.4,0.0,0.0,8.3,7.9,0.0,0.0,0.0,-45.9099690693871,61.68843469258536,40.0,0.0
2023-01-18T10:00:00Z,-10.4,0.0,0.0,8.3,7.9,0.0,0.0,0.0,-45.9099690693871,61.68843469258536,45.0,0.0
2023-01-18T10:00:00Z,-10.4,0.0,0.0,8.3,7.9,0.0,0.0,0.0,-45.9099690693871,61.68843469258536,50.0,0.0
2023-01-18T10:00:00Z,-10.4,0.0,0.0,8.3,7.9,0.0,0.0,0.0,-45.9099690693871,61.68843469258536,55.0,0.0
2023-01-18T10:00:00Z,-10.4,0.0,0.0,8.3,7.9,0.0,0.0,0.0,-45.9099690693871,61.68843469258536,60.0,0.0
2023-01-18T11:00:00Z,-10.8,0.0,0.0,7.9,5.0,0.0,0.0,0.0,-37.10955848241169,76.35859080430498,30.0,0.0
2023-01-18T11:00:00Z,-10.8,0.0,0.0,7.9,5.0,0.0,0.0,0.0,-37.10955848241169,76.35859080430498,35.0,0.0
2023-01-18T11:00:00Z,-10.8,0.0,0.0,7.9,5.0,0.0,0.0,0.0,-37.10955848241169,76.35859080430498,40.0,0.0
2023-01-18T11:00:00Z,-10.8,0.0,0.0,7.9,5.0,0.0,0.0,0.0,-37.10955848241169,76.35859080430498,45.0,0.0
2023-01-18T11:00:00Z,-10.8,0.0,0.0,7.9,5.0,0.0,0.0,0.0,-37.10955848241169,76.35859080430498,50.0,0.0
2023-01-18T11:00:00Z,-10.8,0.0,0.0,7.9,5.0,0.0,0.0,0.0,-37.10955848241169,76.35859080430498,55.0,0.0
2023-01-18T11:00:00Z,-10.8,0.0,0.0,7.9,5.0,0.0,0.0,0.0,-37.10955848241169,76.35859080430498,60.0,0.0
2023-01-18T12:00:00Z,-9.7,0.0,0.0,4.7,7.6,0.0,0.0,0.0,-27.76923403241648,88.81381127318821,30.0,0.0
2023-01-18T12:00:00Z,-9.7,0.0,0.0,4.7,7.6,0.0,0.0,0.0,-27.76923403241648,88.81381127318821,35.0,0.0
2023-01-18T12:00:00Z,-9.7,0.0,0.0,4.7,7.6,0.0,0.0,0.0,-27.76923403241648,88.81381127318821,40.0,0.0
2023-01-18T12:00:00Z,-9.7,0.0,0.0,4.7,7.6,0.0,0.0,0.0,-27.76923403241648,88.81381127318821,45.0,0.0
2023-01-18T12:00:00Z,-9.7,0.0,0.0,4.7,7.6,0.0,0.0,0.0,-27.76923403241648,88.81381127318821,50.0,0.0
2023-01-18T12:00:00Z,-9.7,0.0,0.0,4.7,7.6,0.0,0.0,0.0,-27.76923403241648,88.81381127318821,55.0,0.0
2023-01-18T12:00:00Z,-9.7,0.0,0.0,4.7,7.6,0.0,0.0,0.0,-27.76923403241648,88.81381127318821,60.0,0.0
2023-01-18T13:00:00Z,-11.3,0.0,0.0,7.6,7.6,0.0,0.0,0.0,-18.379557422470185,100.18084629432553,30.0,0.0
2023-01-18T13:00:00Z,-11.3,0.0,0.0,7.6,7.6,0.0,0.0,0.0,-18.379557422470185,100.18084629432553,35.0,0.0
2023-01-18T13:00:00Z,-11.3,0.0,0.0,7.6,7.6,0.0,0.0,0.0,-18.379557422470185,100.18084629432553,40.0,0.0
2023-01-18T13:00:00Z,-11.3,0.0,0.0,7.6,7.6,0.0,0.0,0.0,-18.379557422470185,100.18084629432553,45.0,0.0
2023-01-18T13:00:00Z,-11.3,0.0,0.0,7.6,7.6,0.0,0.0,0.0,-18.379557422470185,100.18084629432553,50.0,0.0
2023-01-18T13:00:00Z,-11.3,0.0,0.0,7.6,7.6,0.0,0.0,0.0,-18.379557422470185,100.18084629432553,55.0,0.0
2023-01-18T13:00:00Z,-11.3,0.0,0.0,7.6,7.6,0.0,0.0,0.0,-18.379557422470185,100.18084629432553,60.0,0.0
2023-01-18T14:00:00Z,-11.2,0.0,0.0,7.6,7.2,0.0,0.0,0.0,-9.310681313345217,111.23416529898532,30.0,0.0
2023-01-18T14:00:00Z,-11.2,0.0,0.0,7.6,7.2,0.0,0.0,0.0,-9.310681313345217,111.23416529898532,35.0,0.0
2023-01-18T14:00:00Z,-11.2,0.0,0.0,7.6,7.2,0.0,0.0,0.0,-9.310681313345217,111.23416529898532,40.0,0.0
2023-01-18T14:00:00Z,-11.2,0.0,0.0,7.6,7.2,0.0,0.0,0.0,-9.310681313345217,111.23416529898532,45.0,0.0
2023-01-18T14:00:00Z,-11.2,0.0,0.0,7.6,7.2,0.0,0.0,0.0,-9.310681313345217,111.23416529898532,50.0,0.0
2023-01-18T14:00:00Z,-11.2,0.0,0.0,7.6,7.2,0.0,0.0,0.0,-9.310681313345217,111.23416529898532,55.0,0.0
2023-01-18T14:00:00Z,-11.2,0.0,0.0,7.6,7.2,0.0,0.0,0.0,-9.310681313345217,111.23416529898532,60.0,0.0
2023-01-18T15:00:00Z,-11.0,2.0,0.0,7.2,7.2,11.0,19.3,10.0,-0.9049799452036121,122.53622814811132,30.0,0.0
2023-01-18T15:00:00Z,-11.0,2.0,0.0,7.2,7.2,11.0,19.3,10.0,-0.9049799452036121,122.53622814811132,35.0,0.0
2023-01-18T15:00:00Z,-11.0,2.0,0.0,7.2,7.2,11.0,19.3,10.0,-0.9049799452036121,122.53622814811132,40.0,0.0
2023-01-18T15:00:00Z,-11.0,2.0,0.0,7.2,7.2,11.0,19.3,10.0,-0.9049799452036121,122.53622814811132,45.0,0.0
2023-01-18T15:00:00Z,-11.0,2.0,0.0,7.2,7.2,11.0,19.3,10.0,-0.9049799452036121,122.53622814811132,50.0,0.0
2023-01-18T15:00:00Z,-11.0,2.0,0.0,7.2,7.2,11.0,19.3,10.0,-0.9049799452036121,122.53622814811132,55.0,0.0
2023-01-18T15:00:00Z,-11.0,2.0,0.0,7.2,7.2,11.0,19.3,10.0,-0.9049799452036121,122.53622814811132,60.0,0.0
2023-01-18T16:00:00Z,-10.6,5.0,0.0,7.2,7.2,78.0,238.3,51.4,6.472765285121146,134.5060002983372,30.0,1.632957900481075
2023-01-18T16:00:00Z,-10.6,5.0,0.0,7.2,7.2,78.0,238.3,51.4,6.472765285121146,134.5060002983372,35.0,1.7590155399149476
2023-01-18T16:00:00Z,-10.6,5.0,0.0,7.2,7.2,78.0,238.3,51.4,6.472765285121146,134.5060002983372,40.0,1.8732176823117863
2023-01-18T16:00:00Z,-10.6,5.0,0.0,7.2,7.2,78.0,238.3,51.4,6.472765285121146,134.5060002983372,45.0,1.9747990401408002
2023-01-18T16:00:00Z,-10.6,5.0,0.0,7.2,7.2,78.0,238.3,51.4,6.472765285121146,134.5060002983372,50.0,2.0630853680280796
2023-01-18T16:00:00Z,-10.6,5.0,0.0,7.2,7.2,78.0,238.3,51.4,6.472765285121146,134.5060002983372,55.0,2.1374956392726396
2023-01-18T16:00:00Z,-10.6,5.0,0.0,7.2,7.2,78.0,238.3,51.4,6.472765285121146,134.5060002983372,60.0,2.19754375622322
2023-01-18T17:00:00Z,-8.6,5.0,0.0,7.2,4.7,189.0,454.2,92.1,12.417694919789456,147.40990005423498,30.0,3.676912864162161
2023-01-18T17:00:00Z,-8.6,5.0,0.0,7.2,4.7,189.0,454.2,92.1,12.417694919789456,147.40990005423498,35.0,3.92712987327564
2023-01-18T17:00:00Z,-8.6,5.0,0.0,7.2,4.7,189.0,454.2,92.1,12.417694919789456,147.40990005423498,40.0,4.150251349975809
2023-01-18T17:00:00Z,-8.6,5.0,0.0,7.2,4.7,189.0,454.2,92.1,12.417694919789456,147.40990005423498,45.0,4.345080907661556
2023-01-18T17:00:00Z,-8.6,5.0,0.0,7.2,4.7,189.0,454.2,92.1,12.417694919789456,147.40990005423498,50.0,4.510601544321218
2023-01-18T17:00:00Z,-8.6,5.0,0.0,7.2,4.7,189.0,454.2,92.1,12.417694919789456,147.40990005423498,55.0,4.645969774950196
2023-01-18T17:00:00Z,-8.6,5.0,0.0,7.2,4.7,189.0,454.2,92.1,12.417694919789456,147.40990005423498,60.0,4.750509934355198
2023-01-18T18:00:00Z,-5.2,3.0,0.0,4.7,4.3,251.0,500.2,109.9,16.50853811443242,161.2895871204887,30.0,4.473143701873004
2023-01-18T18:00:00Z,-5.2,3.0,0.0,4.7,4.3,251.0,500.2,109.9,16.50853811443242,161.2895871204887,35.0,4.748603150389874
2023-01-18T18:00:00Z,-5.2,3.0,0.0,4.7,4.3,251.0,500.2,109.9,16.50853811443242,161.2895871204887,40.0,4.991586273519335
2023-01-18T18:00:00Z,-5.2,3.0,0.0,4.7,4.3,251.0,500.2,109.9,16.50853811443242,161.2895871204887,45.0,5.200964165125793
2023-01-18T18:00:00Z,-5.2,3.0,0.0,4.7,4.3,251.0,500.2,109.9,16.50853811443242,161.2895871204887,50.0,5.375800568119173
2023-01-18T18:00:00Z,-5.2,3.0,0.0,4.7,4.3,251.0,500.2,109.9,16.50853811443242,161.2895871204887,55.0,5.515339979036768
2023-01-18T18:00:00Z,-5.2,3.0,0.0,4.7,4.3,251.0,500.2,109.9,16.50853811443242,161.2895871204887,60.0,5.618996816289096
2023-01-18T19:00:00Z,-3.2,12.0,0.0,4.3,4.3,277.0,511.8,116.8,18.38430504665038,175.88351441062628,30.0,4.764134861445778
2023-01-18T19:00:00Z,-3.2,12.0,0.0,4.3,4.3,277.0,511.8,116.8,18.38430504665038,175.88351441062628,35.0,5.045835230841268
2023-01-18T19:00:00Z,-3.2,12.0,0.0,4.3,4.3,277.0,511.8,116.8,18.38430504665038,175.88351441062628,40.0,5.293203735333335
2023-01-18T19:00:00Z,-3.2,12.0,0.0,4.3,4.3,277.0,511.8,116.8,18.38430504665038,175.88351441062628,45.0,5.505160417511811
2023-01-18T19:00:00Z,-3.2,12.0,0.0,4.3,4.3,277.0,511.8,116.8,18.38430504665038,175.88351441062628,50.0,5.68081921988755
2023-01-18T19:00:00Z,-3.2,12.0,0.0,4.3,4.3,277.0,511.8,116.8,18.38430504665038,175.88351441062628,55.0,5.819473758384767
2023-01-18T19:00:00Z,-3.2,12.0,0.0,4.3,4.3,277.0,511.8,116.8,18.38430504665038,175.88351441062628,60.0,5.9205845820600755
2023-01-18T20:00:00Z,-1.5,16.0,0.0,2.9,3.6,250.0,443.0,115.2,17.854744849545117,190.65488441985042,30.0,4.188628366803916
2023-01-18T20:00:00Z,-1.5,16.0,0.0,2.9,3.6,250.0,443.0,115.2,17.854744849545117,190.65488441985042,35.0,4.431334682372271
2023-01-18T20:00:00Z,-1.5,16.0,0.0,2.9,3.6,250.0,443.0,115.2,17.854744849545117,190.65488441985042,40.0,4.644385843305115
2023-01-18T20:00:00Z,-1.5,16.0,0.0,2.9,3.6,250.0,443.0,115.2,17.854744849545117,190.65488441985042,45.0,4.826763602718128
2023-01-18T20:00:00Z,-1.5,16.0,0.0,2.9,3.6,250.0,443.0,115.2,17.854744849545117,190.65488441985042,50.0,4.977625178832574
2023-01-18T20:00:00Z,-1.5,16.0,0.0,2.9,3.6,250.0,443.0,115.2,17.854744849545117,190.65488441985042,55.0,5.096293833004037
2023-01-18T20:00:00Z,-1.5,16.0,0.0,2.9,3.6,250.0,443.0,115.2,17.854744849545117,190.65488441985042,60.0,5.1822503724296505
2023-01-18T21:00:00Z,-0.6,27.0,0.0,2.2,2.5,200.0,381.1,102.4,14.975562430639588,204.991470031623,30.0,3.40805401309966
2023-01-18T21:00:00Z,-0.6,27.0,0.0,2.2,2.5,200.0,381.1,102.4,14.975562430639588,204.991470031623,35.0,3.6131760118753586
2023-01-18T21:00:00Z,-0.6,27.0,0.0,2.2,2.5,200.0,381.1,102.4,14.975562430639588,204.991470031623,40.0,3.7942773326960517
2023-01-18T21:00:00Z,-0.6,27.0,0.0,2.2,2.5,200.0,381.1,102.4,14.975562430639588,204.991470031623,45.0,3.9503873281149997
2023-01-18T21:00:00Z,-0.6,27.0,0.0,2.2,2.5,200.0,381.1,102.4,14.975562430639588,204.991470031623,50.0,4.080689491726481
2023-01-18T21:00:00Z,-0.6,27.0,0.0,2.2,2.5,200.0,381.1,102.4,14.975562430639588,204.991470031623,55.0,4.184516781823814
2023-01-18T21:00:00Z,-0.6,27.0,0.0,2.2,2.5,200.0,381.1,102.4,14.975562430639588,204.991470031623,60.0,4.261347210412498
2023-01-18T22:00:00Z,-0.6,31.0,0.0,2.5,3.6,133.0,332.3,75.9,10.025259029306334,218.46224632355666,30.0,2.512217714607335
2023-01-18T22:00:00Z,-0.6,31.0,0.0,2.5,3.6,133.0,332.3,75.9,10.025259029306334,218.46224632355666,35.0,2.6863001655628302
2023-01-18T22:00:00Z,-0.6,31.0,0.0,2.5,3.6,133.0,332.3,75.9,10.025259029306334,218.46224632355666,40.0,2.842239299178879
2023-01-18T22:00:00Z,-0.6,31.0,0.0,2.5,3.6,133.0,332.3,75.9,10.025259029306334,218.46224632355666,45.0,2.9791016707492934
2023-01-18T22:00:00Z,-0.6,31.0,0.0,2.5,3.6,133.0,332.3,75.9,10.025259029306334,218.46224632355666,50.0,3.09608236592714
2023-01-18T22:00:00Z,-0.6,31.0,0.0,2.5,3.6,133.0,332.3,75.9,10.025259029306334,218.46224632355666,55.0,3.1925041212549714
2023-01-18T22:00:00Z,-0.6,31.0,0.0,2.5,3.6,133.0,332.3,75.9,10.025259029306334,218.46224632355666,60.0,3.2678161896261373
2023-01-18T23:00:00Z,-1.5,23.0,0.0,3.6,5.8,44.0,183.5,30.4,3.4041815791976093,230.94437729758727,30.0,1.0067600986218381
2023-01-18T23:00:00Z,-1.5,23.0,0.0,3.6,5.8,44.0,183.5,30.4,3.4041815791976093,230.94437729758727,35.0,1.1004872640532228
2023-01-18T23:00:00Z,-1.5,23.0,0.0,3.6,5.8,44.0,183.5,30.4,3.4041815791976093,230.94437729758727,40.0,1.1865299586193803
2023-01-18T23:00:00Z,-1.5,23.0,0.0,3.6,5.8,44.0,183.5,30.4,3.4041815791976093,230.94437729758727,45.0,1.2642883692190139
2023-01-18T23:00:00Z,-1.5,23.0,0.0,3.6,5.8,44.0,183.5,30.4,3.4041815791976093,230.94437729758727,50.0,1.3332244625233822
2023-01-18T23:00:00Z,-1.5,23.0,0.0,3.6,5.8,44.0,183.5,30.4,3.4041815791976093,230.94437729758727,55.0,1.3928644628498987
2023-01-18T23:00:00Z,-1.5,23.0,0.0,3.6,5.8,44.0,183.5,30.4,3.4041815791976093,230.94437729758727,60.0,1.4428009301488816
2023-01-19T00:00:00Z,-3.8,8.0,0.0,5.8,5.4,0.0,0.0,0.0,-4.466923560860353,242.58983364258106,30.0,0.0
2023-01-19T00:00:00Z,-3.8,8.0,0.0,5.8,5.4,0.0,0.0,0.0,-4.466923560860353,242.58983364258106,35.0,0.0
2023-01-19T00:00:00Z,-3.8,8.0,0.0,5.8,5.4,0.0,0.0,0.0,-4.466923560860353,242.58983364258106,40.0,0.0
2023-01-19T00:00:00Z,-3.8,8.0,0.0,5.8,5.4,0.0,0.0,0.0,-4.466923560860353,242.58983364258106,45.0,0.0
2023-01-19T00:00:00Z,-3.8,8.0,0.0,5.8,5.4,0.0,0.0,0.0,-4.466923560860353,242.58983364258106,50.0,0.0
2023-01-19T00:00:00Z,-3.8,8.0,0.0,5.8,5.4,0.0,0.0,0.0,-4.466923560860353,242.58983364258106,55.0,0.0
2023-01-19T00:00:00Z,-3.8,8.0,0.0,5.8,5.4,0.0,0.0,0.0,-4.466923560860353,242.58983364258106,60.0,0.0
2023-01-19T01:00:00Z,-5.7,3.0,0.0,5.4,6.8,0.0,0.0,0.0,-13.19993909080364,253.73848393908563,30.0,0.0
2023-01-19T01:00:00Z,-5.7,3.0,0.0,5.4,6.8,0.0,0.0,0.0,-13.19993909080364,253.73848393908563,35.0,0.0
2023-01-19T01:00:00Z,-5.7,3.0,0.0,5.4,6.8,0.0,0.0,0.0,-13.19993909080364,253.73848393908563,40.0,0.0
2023-01-19T01:00:00Z,-5.7,3.0,0.0,5.4,6.8,0.0,0.0,0.0,-13.19993909080364,253.73848393908563,45.0,0.0
2023-01-19T01:00:00Z,-5.7,3.0,0.0,5.4,6.8,0.0,0.0,0.0,-13.19993909080364,253.73848393908563,50.0,0.0
2023-01-19T01:00:00Z,-5.7,3.0,0.0,5.4,6.8,0.0,0.0,0.0,-13.19993909080364,253.73848393908563,55.0,0.0
2023-01-19T01:00:00Z,-5.7,3.0,0.0,5.4,6.8,0.0,0.0,0.0,-13.19993909080364,253.73848393908563,60.0,0.0
2023-01-19T02:00:00Z,-6.2,36.0,0.0,6.8,9.0,0.0,0.0,0.0,-22.44293727476182,264.870048276682,30.0,0.0
2023-01-19T02:00:00Z,-6.2,36.0,0.0,6.8,9.0,0.0,0.0,0.0,-22.44293727476182,264.870048276682,35.0,0.0
2023-01-19T02:00:00Z,-6.2,36.0,0.0,6.8,9.0,0.0,0.0,0.0,-22.44293727476182,264.870048276682,40.0,0.0
2023-01-19T02:00:00Z,-6.2,36.0,0.0,6.8,9.0,0.0,0.0,0.0,-22.44293727476182,264.870048276682,45.0,0.0
2023-01-19T02:00:00Z,-6.2,36.0,0.0,6.8,9.0,0.0,0.0,0.0,-22.44293727476182,264.870048276682,50.0,0.0
2023-01-19T02:00:00Z,-6.2,36.0,0.0,6.8,9.0,0.0,0.0,0.0,-22.44293727476182,264.870048276682,55.0,0.0
2023-01-19T02:00:00Z,-6.2,36.0,0.0,6.8,9.0,0.0,0.0,0.0,-22.44293727476182,264.870048276682,60.0,0.0
2023-01-19T03:00:00Z,-6.0,23.0,0.0,9.0,10.8,0.0,0.0,0.0,-31.84785324849862,276.6281498581111,30.0,0.0
2023-01-19T03:00:00Z,-6.0,23.0,0.0,9.0,10.8,0.0,0.0,0.0,-31.84785324849862,276.6281498581111,35.0,0.0
2023-01-19T03:00:00Z,-6.0,23.0,0.0,9.0,10.8,0.0,0.0,0.0,-31.84785324849862,276.6281498581111,40.0,0.0
2023-01-19T03:00:00Z,-6.0,23.0,0.0,9.0,10.8,0.0,0.0,0.0,-31.84785324849862,276.6281498581111,45.0,0.0
2023-01-19T03:00:00Z,-6.0,23.0,0.0,9.0,10.8,0.0,0.0,0.0,-31.84785324849862,276.6281498581111,50.0,0.0
2023-01-19T03:00:00Z,-6.0,23.0,0.0,9.0,10.8,0.0,0.0,0.0,-31.84785324849862,276.6281498581111,55.0,0.0
2023-01-19T03:00:00Z,-6.0,23.0,0.0,9.0,10.8,0.0,0.0,0.0,-31.84785324849862,276.6281498581111,60.0,0.0
2023-01-19T04:00:00Z,-5.0,42.0,0.0,10.8,11.5,0.0,0.0,0.0,-41.00384190022775,289.9220295709339,30.0,0.0
2023-01-19T04:00:00Z,-5.0,42.0,0.0,10.8,11.5,0.0,0.0,0.0,-41.00384190022775,289.9220295709339,35.0,0.0
2023-01-19T04:00:00Z,-5.0,42.0,0.0,10.8,11.5,0.0,0.0,0.0,-41.00384190022775,289.9220295709339,40.0,0.0
2023-01-19T04:00:00Z,-5.0,42.0,0.0,10.8,11.5,0.0,0.0,0.0,-41.00384190022775,289.9220295709339,45.0,0.0
2023-01-19T04:00:00Z,-5.0,42.0,0.0,10.8,11.5,0.0,0.0,0.0,-41.00384190022775,289.9220295709339,50.0,0.0
2023-01-19T04:00:00Z,-5.0,42.0,0.0,10.8,11.5,0.0,0.0,0.0,-41.00384190022775,289.9220295709339,55.0,0.0
2023-01-19T04:00:00Z,-5.0,42.0,0.0,10.8,11.5,0.0,0.0,0.0,-41.00384190022775,289.9220295709339,60.0,0.0
2023-01-19T05:00:00Z,-4.0,67.0,0.0,11.5,12.2,0.0,0.0,0.0,-49.317805708966816,306.07178321464613,30.0,0.0
2023-01-19T05:00:00Z,-4.0,67.0,0.0,11.5,12.2,0.0,0.0,0.0,-49.317805708966816,306.07178321464613,35.0,0.0
2023-01-19T05:00:00Z,-4.0,67.0,0.0,11.5,12.2,0.0,0.0,0.0,-49.317805708966816,306.07178321464613,40.0,0.0
2023-01-19T05:00:00Z,-4.0,67.0,0.0,11.5,12.2,0.0,0.0,0.0,-49.317805708966816,306.07178321464613,45.0,0.0
2023-01-19T05:00:00Z,-4.0,67.0,0.0,11.5,12.2,0.0,0.0,0.0,-49.317805708966816,306.07178321464613,50.0,0.0
2023-01-19T05:00:00Z,-4.0,67.0,0.0,11.5,12.2,0.0,0.0,0.0,-49.317805708966816,306.07178321464613,55.0,0.0
2023-01-19T05:00:00Z,-4.0,67.0,0.0,11.5,12.2,0.0,0.0,0.0,-49.317805708966816,306.07178321464613,60.0,0.0
2023-01-19T06:00:00Z,-1.5,25.0,0.0,12.2,12.6,0.0,0.0,0.0,-55.82988591372788,326.7000362000525,30.0,0.0
2023-01-19T06:00:00Z,-1.5,25.0,0.0,12.2,12.6,0.0,0.0,0.0,-55.82988591372788,326.7000362000525,35.0,0.0
2023-01-19T06:00:00Z,-1.5,25.0,0.0,12.2,12.6,0.0,0.0,0.0,-55.82988591372788,326.7000362000525,40.0,0.0
2023-01-19T06:00:00Z,-1.5,25.0,0.0,12.2,12.6,0.0,0.0,0.0,-55.82988591372788,326.7000362000525,45.0,0.0
2023-01-19T06:00:00Z,-1.5,25.0,0.0,12.2,12.6,0.0,0.0,0.0,-55.82988591372788,326.7000362000525,50.0,0.0
2023-01-19T06:00:00Z,-1.5,25.0,0.0,12.2,12.6,0.0,0.0,0.0,-55.82988591372788,326.7000362000525,55.0,0.0
2023-01-19T06:00:00Z,-1.5,25.0,0.0,12.2,12.6,0.0,0.0,0.0,-55.82988591372788,326.7000362000525,60.0,0.0
2023-01-19T07:00:00Z,-2.0,70.0,0.0,12.6,18.0,0.0,0.0,0.0,-59.14925513480443,352.2895093373744,30.0,0.0
2023-01-19T07:00:00Z,-2.0,70.0,0.0,12.6,18.0,0.0,0.0,0.0,-59.14925513480443,352.2895093373744,35.0,0.0
2023-01-19T07:00:00Z,-2.0,70.0,0.0,12.6,18.0,0.0,0.0,0.0,-59.14925513480443,352.2895093373744,40.0,0.0
2023-01-19T07:00:00Z,-2.0,70.0,0.0,12.6,18.0,0.0,0.0,0.0,-59.14925513480443,352.2895093373744,45.0,0.0
2023-01-19T07:00:00Z,-2.0,70.0,0.0,12.6,18.0,0.0,0.0,0.0,-59.14925513480443,352.2895093373744,50.0,0.0
2023-01-19T07:00:00Z,-2.0,70.0,0.0,12.6,18.0,0.0,0.0,0.0,-59.14925513480443,352.2895093373744,55.0,0.0
2023-01-19T07:00:00Z,-2.0,70.0,0.0,12.6,18.0,0.0,0.0,0.0,-59.14925513480443,352.2895093373744,60.0,0.0
2023-01-19T08:00:00Z,-1.3,94.0,0.0,13.3,21.6,0.0,0.0,0.0,-58.168386183104786,19.43224598538916,30.0,0.0
2023-01-19T08:00:00Z,-1.3,94.0,0.0,13.3,21.6,0.0,0.0,0.0,-58.168386183104786,19.43224598538916,35.0,0.0
2023-01-19T08:00:00Z,-1.3,94.0,0.0,13.3,21.6,0.0,0.0,0.0,-58.168386183104786,19.43224598538916,40.0,0.0
2023-01-19T08:00:00Z,-1.3,94.0,0.0,13.3,21.6,0.0,0.0,0.0,-58.168386183104786,19.43224598538916,45.0,0.0
2023-01-19T08:00:00Z,-1.3,94.0,0.0,13.3,21.6,0.0,0.0,0.0,-58.168386183104786,19.43224598538916,50.0,0.0
2023-01-19T08:00:00Z,-1.3,94.0,0.0,13.3,21.6,0.0,0.0,0.0,-58.168386183104786,19.43224598538916,55.0,0.0
2023-01-19T08:00:00Z,-1.3,94.0,0.0,13.3,21.6,0.0,0.0,0.0,-58.168386183104786,19.43224598538916,60.0,0.0
2023-01-19T09:00:00Z,-1.0,94.0,0.0,13.3,21.6,0.0,0.0,0.0,-53.25013874702989,42.9687690912275,30.0,0.0
2023-01-19T09:00:00Z,-1.0,94.0,0.0,13.3,21.6,0.0,0.0,0.0,-53.25013874702989,42.9687690912275,35.0,0.0
2023-01-19T09:00:00Z,-1.0,94.0,0.0,13.3,21.6,0.0,0.0,0.0,-53.25013874702989,42.9687690912275,40.0,0.0
2023-01-19T09:00:00Z,-1.0,94.0,0.0,13.3,21.6,0.0,0.0,0.0,-53.25013874702989,42.9687690912275,45.0,0.0
2023-01-19T09:00:00Z,-1.0,94.0,0.0,13.3,21.6,0.0,0.0,0.0,-53.25013874702989,42.9687690912275,50.0,0.0
2023-01-19T09:00:00Z,-1.0,94.0,0.0,13.3,21.6,0.0,0.0,0.0,-53.25013874702989,42.9687690912275,55.0,0.0
2023-01-19T09:00:00Z,-1.0,94.0,0.0,13.3,21.6,0.0,0.0,0.0,-53.25013874702989,42.9687690912275,60.0,0.0
2023-01-19T10:00:00Z,-1.2,92.0,0.0,13.7,21.2,0.0,0.0,0.0,-45.786589063531096,61.428019656903246,30.0,0.0
2023-01-19T10:00:00Z,-1.2,92.0,0.0,13.7,21.2,0.0,0.0,0.0,-45.786589063531096,61.428019656903246,35.0,0.0
2023-01-19T10:00:00Z,-1.2,92.0,0.0,13.7,21.2,0.0,0.0,0.0,-45.786589063531096,61.428019656903246,40.0,0.0
2023-01-19T10:00:00Z,-1.2,92.0,0.0,13.7,21.2,0.0,0.0,0.0,-45.786589063531096,61.428019656903246,45.0,0.0
2023-01-19T10:00:00Z,-1.2,92.0,0.0,13.7,21.2,0.0,0.0,0.0,-45.786589063531096,61.428019656903246,50.0,0.0
2023-01-19T10:00:00Z,-1.2,92.0,0.0,13.7,21.2,0.0,0.0,0.0,-45.786589063531096,61.428019656903246,55.0,0.0
2023-01-19T10:00:00Z,-1.2,92.0,0.0,13.7,21.2,0.0,0.0,0.0,-45.786589063531096,61.428019656903246,60.0,0.0
2023-01-19T11:00:00Z,-1.2,77.0,0.0,13.3,24.5,0.0,0.0,0.0,-37.00055461316666,76.11972216917025,30.0,0.0
2023-01-19T11:00:00Z,-1.2,77.0,0.0,13.3,24.5,0.0,0.0,0.0,-37.00055461316666,76.11972216917025,35.0,0.0
2023-01-19T11:00:00Z,-1.2,77.0,0.0,13.3,24.5,0.0,0.0,0.0,-37.00055461316666,76.11972216917025,40.0,0.0
2023-01-19T11:00:00Z,-1.2,77.0,0.0,13.3,24.5,0.0,0.0,0.0,-37.00055461316666,76.11972216917025,45.0,0.0
2023-01-19T11:00:00Z,-1.2,77.0,0.0,13.3,24.5,0.0,0.0,0.0,-37.00055461316666,76.11972216917025,50.0,0.0
2023-01-19T11:00:00Z,-1.2,77.0,0.0,13.3,24.5,0.0,0.0,0.0,-37.00055461316666,76.11972216917025,55.0,0.0
2023-01-19T11:00:00Z,-1.2,77.0,0.0,13.3,24.5,0.0,0.0,0.0,-37.00055461316666,76.11972216917025,60.0,0.0
2023-01-19T12:00:00Z,-0.1,20.0,0.0,16.9,22.7,0.0,0.0,0.0,-27.66483099580895,88.59530308223731,30.0,0.0
2023-01-19T12:00:00Z,-0.1,20.0,0.0,16.9,22.7,0.0,0.0,0.0,-27.66483099580895,88.59530308223731,35.0,0.0
2023-01-19T12:00:00Z,-0.1,20.0,0.0,16.9,22.7,0.0,0.0,0.0,-27.66483099580895,88.59530308223731,40.0,0.0
2023-01-19T12:00:00Z,-0.1,20.0,0.0,16.9,22.7,0.0,0.0,0.0,-27.66483099580895,88.59530308223731,45.0,0.0
2023-01-19T12:00:00Z,-0.1,20.0,0.0,16.9,22.7,0.0,0.0,0.0,-27.66483099580895,88.59530308223731,50.0,0.0
2023-01-19T12:00:00Z,-0.1,20.0,0.0,16.9,22.7,0.0,0.0,0.0,-27.66483099580895,88.59530308223731,55.0,0.0
2023-01-19T12:00:00Z,-0.1,20.0,0.0,16.9,22.7,0.0,0.0,0.0,-27.66483099580895,88.59530308223731,60.0,0.0
2023-01-19T13:00:00Z,-1.6,73.0,0.0,14.0,22.0,0.0,0.0,0.0,-18.272238716716142,99.97850198864745,30.0,0.0
2023-01-19T13:00:00Z,-1.6,73.0,0.0,14.0,22.0,0.0,0.0,0.0,-18.272238716716142,99.97850198864745,35.0,0.0
2023-01-19T13:00:00Z,-1.6,73.0,0.0,14.0,22.0,0.0,0.0,0.0,-18.272238716716142,99.97850198864745,40.0,0.0
2023-01-19T13:00:00Z,-1.6,73.0,0.0,14.0,22.0,0.0,0.0,0.0,-18.272238716716142,99.97850198864745,45.0,0.0
2023-01-19T13:00:00Z,-1.6,73.0,0.0,14.0,22.0,0.0,0.0,0.0,-18.272238716716142,99.97850198864745,50.0,0.0
2023-01-19T13:00:00Z,-1.6,73.0,0.0,14.0,22.0,0.0,0.0,0.0,-18.272238716716142,99.97850198864745,55.0,0.0
2023-01-19T13:00:00Z,-1.6,73.0,0.0,14.0,22.0,0.0,0.0,0.0,-18.272238716716142,99.97850198864745,60.0,0.0
2023-01-19T14:00:00Z,-1.6,58.0,0.0,14.0,23.0,0.0,0.0,0.0,-9.194458400483855,111.04461433205859,30.0,0.0
2023-01-19T14:00:00Z,-1.6,58.0,0.0,14.0,23.0,0.0,0.0,0.0,-9.194458400483855,111.04461433205859,35.0,0.0
2023-01-19T14:00:00Z,-1.6,58.0,0.0,14.0,23.0,0.0,0.0,0.0,-9.194458400483855,111.04461433205859,40.0,0.0
2023-01-19T14:00:00Z,-1.6,58.0,0.0,14.0,23.0,0.0,0.0,0.0,-9.194458400483855,111.04461433205859,45.0,0.0
2023-01-19T14:00:00Z,-1.6,58.0,0.0,14.0,23.0,0.0,0.0,0.0,-9.194458400483855,111.04461433205859,50.0,0.0
2023-01-19T14:00:00Z,-1.6,58.0,0.0,14.0,23.0,0.0,0.0,0.0,-9.194458400483855,111.04461433205859,55.0,0.0
2023-01-19T14:00:00Z,-1.6,58.0,0.0,14.0,23.0,0.0,0.0,0.0,-9.194458400483855,111.04461433205859,60.0,0.0
2023-01-19T15:00:00Z,-1.7,69.0,0.0,14.4,30.6,0.0,0.0,0.0,-0.7749081537516763,122.35820485487284,30.0,0.0
2023-01-19T15:00:00Z,-1.7,69.0,0.0,14.4,30.6,0.0,0.0,0.0,-0.7749081537516763,122.35820485487284,35.0,0.0
2023-01-19T15:00:00Z,-1.7,69.0,0.0,14.4,30.6,0.0,0.0,0.0,-0.7749081537516763,122.35820485487284,40.0,0.0
2023-01-19T15:00:00Z,-1.7,69.0,0.0,14.4,30.6,0.0,0.0,0.0,-0.7749081537516763,122.35820485487284,45.0,0.0
2023-01-19T15:00:00Z,-1.7,69.0,0.0,14.4,30.6,0.0,0.0,0.0,-0.7749081537516763,122.35820485487284,50.0,0.0
2023-01-19T15:00:00Z,-1.7,69.0,0.0,14.4,30.6,0.0,0.0,0.0,-0.7749081537516763,122.35820485487284,55.0,0.0
2023-01-19T15:00:00Z,-1.7,69.0,0.0,14.4,30.6,0.0,0.0,0.0,-0.7749081537516763,122.35820485487284,60.0,0.0
2023-01-19T16:00:00Z,-1.5,75.0,0.0,15.8,36.7,78.0,227.6,52.0,6.620604000216655,134.34108488442791,30.0,1.539066747701176
2023-01-19T16:00:00Z,-1.5,75.0,0.0,15.8,36.7,78.0,227.6,52.0,6.620604000216655,134.34108488442791,35.0,1.6551067835186422
2023-01-19T16:00:00Z,-1.5,75.0,0.0,15.8,36.7,78.0,227.6,52.0,6.620604000216655,134.34108488442791,40.0,1.7600913056452794
2023-01-19T16:00:00Z,-1.5,75.0,0.0,15.8,36.7,78.0,227.6,52.0,6.620604000216655,134.34108488442791,45.0,1.8533048027572057
2023-01-19T16:00:00Z,-1.5,75.0,0.0,15.8,36.7,78.0,227.6,52.0,6.620604000216655,134.34108488442791,50.0,1.9341170608689149
2023-01-19T16:00:00Z,-1.5,75.0,0.0,15.8,36.7,78.0,227.6,52.0,6.620604000216655,134.34108488442791,55.0,2.0019855894643923
2023-01-19T16:00:00Z,-1.5,75.0,0.0,15.8,36.7,78.0,227.6,52.0,6.620604000216655,134.34108488442791,60.0,2.056457583028541
2023-01-19T17:00:00Z,-1.3,92.0,0.0,16.2,27.7,122.0,171.8,84.8,12.585696952946375,147.26299146092788,30.0,1.772923982215202
2023-01-19T17:00:00Z,-1.3,92.0,0.0,16.2,27.7,122.0,171.8,84.8,12.585696952946375,147.26299146092788,35.0,1.8597260866622196
2023-01-19T17:00:00Z,-1.3,92.0,0.0,16.2,27.7,122.0,171.8,84.8,12.585696952946375,147.26299146092788,40.0,1.9354338187488394
2023-01-19T17:00:00Z,-1.3,92.0,0.0,16.2,27.7,122.0,171.8,84.8,12.585696952946375,147.26299146092788,45.0,1.999531644613815
2023-01-19T17:00:00Z,-1.3,92.0,0.0,16.2,27.7,122.0,171.8,84.8,12.585696952946375,147.26299146092788,50.0,2.051585555422655
2023-01-19T17:00:00Z,-1.3,92.0,0.0,16.2,27.7,122.0,171.8,84.8,12.585696952946375,147.26299146092788,55.0,2.091244761793431
2023-01-19T17:00:00Z,-1.3,92.0,0.0,16.2,27.7,122.0,171.8,84.8,12.585696952946375,147.26299146092788,60.0,2.1182430087462305
2023-01-19T18:00:00Z,-0.5,0.0,0.0,12.2,19.1,198.0,305.3,110.9,16.69670806344407,161.16841846217005,30.0,3.100830519582766
2023-01-19T18:00:00Z,-0.5,0.0,0.0,12.2,19.1,198.0,305.3,110.9,16.69670806344407,161.16841846217005,35.0,3.2669980185891276
2023-01-19T18:00:00Z,-0.5,0.0,0.0,12.2,19.1,198.0,305.3,110.9,16.69670806344407,161.16841846217005,40.0,3.4123464836359485
2023-01-19T18:00:00Z,-0.5,0.0,0.0,12.2,19.1,198.0,305.3,110.9,16.69670806344407,161.16841846217005,45.0,3.536012416735786
2023-01-19T18:00:00Z,-0.5,0.0,0.0,12.2,19.1,198.0,305.3,110.9,16.69670806344407,161.16841846217005,50.0,3.63727167389625
2023-01-19T18:00:00Z,-0.5,0.0,0.0,12.2,19.1,198.0,305.3,110.9,16.69670806344407,161.16841846217005,55.0,3.715538584449482
2023-01-19T18:00:00Z,-0.5,0.0,0.0,12.2,19.1,198.0,305.3,110.9,16.69670806344407,161.16841846217005,60.0,3.7703649725613095
2023-01-19T19:00:00Z,-0.2,75.0,0.0,9.4,16.2,230.0,347.5,120.0,18.58958602637139,175.79626966043566,30.0,3.600548598283142
2023-01-19T19:00:00Z,-0.2,75.0,0.0,9.4,16.2,230.0,347.5,120.0,18.58958602637139,175.79626966043566,35.0,3.791992723110484
2023-01-19T19:00:00Z,-0.2,75.0,0.0,9.4,16.2,230.0,347.5,120.0,18.58958602637139,175.79626966043566,40.0,3.959016082790001
2023-01-19T19:00:00Z,-0.2,75.0,0.0,9.4,16.2,230.0,347.5,120.0,18.58958602637139,175.79626966043566,45.0,4.100695590587146
2023-01-19T19:00:00Z,-0.2,75.0,0.0,9.4,16.2,230.0,347.5,120.0,18.58958602637139,175.79626966043566,50.0,4.216263242362813
2023-01-19T19:00:00Z,-0.2,75.0,0.0,9.4,16.2,230.0,347.5,120.0,18.58958602637139,175.79626966043566,55.0,4.305102877249631
2023-01-19T19:00:00Z,-0.2,75.0,0.0,9.4,16.2,230.0,347.5,120.0,18.58958602637139,175.79626966043566,60.0,4.366747174797432
2023-01-19T20:00:00Z,0.3,80.0,0.0,7.6,7.9,239.0,397.0,116.8,18.07144214748984,190.60643244783822,30.0,3.8764441061733765
2023-01-19T20:00:00Z,0.3,80.0,0.0,7.6,7.9,239.0,397.0,116.8,18.07144214748984,190.60643244783822,35.0,4.0935273868781445
2023-01-19T20:00:00Z,0.3,80.0,0.0,7.6,7.9,239.0,397.0,116.8,18.07144214748984,190.60643244783822,40.0,4.283666638029771
2023-01-19T20:00:00Z,0.3,80.0,0.0,7.6,7.9,239.0,397.0,116.8,18.07144214748984,190.60643244783822,45.0,4.4458696693614
2023-01-19T20:00:00Z,0.3,80.0,0.0,7.6,7.9,239.0,397.0,116.8,18.07144214748984,190.60643244783822,50.0,4.579310822321877
2023-01-19T20:00:00Z,0.3,80.0,0.0,7.6,7.9,239.0,397.0,116.8,18.07144214748984,190.60643244783822,55.0,4.683325329580003
2023-01-19T20:00:00Z,0.3,80.0,0.0,7.6,7.9,239.0,397.0,116.8,18.07144214748984,190.60643244783822,60.0,4.7574041715043185
2023-01-19T21:00:00Z,0.7,53.0,0.0,5.8,3.6,211.0,413.6,103.6,15.197092151835054,204.98101361040975,30.0,3.62975156654624
2023-01-19T21:00:00Z,0.7,53.0,0.0,5.8,3.6,211.0,413.6,103.6,15.197092151835054,204.98101361040975,35.0,3.8509979957205447
2023-01-19T21:00:00Z,0.7,53.0,0.0,5.8,3.6,211.0,413.6,103.6,15.197092151835054,204.98101361040975,40.0,4.046399881831839
2023-01-19T21:00:00Z,0.7,53.0,0.0,5.8,3.6,211.0,413.6,103.6,15.197092151835054,204.98101361040975,45.0,4.214925837565065
2023-01-19T21:00:00Z,0.7,53.0,0.0,5.8,3.6,211.0,413.6,103.6,15.197092151835054,204.98101361040975,50.0,4.3557090413012
2023-01-19T21:00:00Z,0.7,53.0,0.0,5.8,3.6,211.0,413.6,103.6,15.197092151835054,204.98101361040975,55.0,4.468041680159335
2023-01-19T21:00:00Z,0.7,53.0,0.0,5.8,3.6,211.0,413.6,103.6,15.197092151835054,204.98101361040975,60.0,4.551369739215818
2023-01-19T22:00:00Z,0.5,27.0,0.0,3.6,2.5,122.0,265.8,75.3,10.246157724190509,218.4844179824915,30.0,2.124596743324991
2023-01-19T22:00:00Z,0.5,27.0,0.0,3.6,2.5,122.0,265.8,75.3,10.246157724190509,218.4844179824915,35.0,2.2610812052595515
2023-01-19T22:00:00Z,0.5,27.0,0.0,3.6,2.5,122.0,265.8,75.3,10.246157724190509,218.4844179824915,40.0,2.382807696644883
2023-01-19T22:00:00Z,0.5,27.0,0.0,3.6,2.5,122.0,265.8,75.3,10.246157724190509,218.4844179824915,45.0,2.4890073038019236
2023-01-19T22:00:00Z,0.5,27.0,0.0,3.6,2.5,122.0,265.8,75.3,10.246157724190509,218.4844179824915,50.0,2.5790175117677743
2023-01-19T22:00:00Z,0.5,27.0,0.0,3.6,2.5,122.0,265.8,75.3,10.246157724190509,218.4844179824915,55.0,2.652282913101693
2023-01-19T22:00:00Z,0.5,27.0,0.0,3.6,2.5,122.0,265.8,75.3,10.246157724190509,218.4844179824915,60.0,2.7083555879824077
2023-01-19T23:00:00Z,-1.2,14.0,0.0,2.5,7.6,44.0,172.7,30.8,3.6211660358547166,230.9922744580399,30.0,0.9583925883439831
2023-01-19T23:00:00Z,-1.2,14.0,0.0,2.5,7.6,44.0,172.7,30.8,3.6211660358547166,230.9922744580399,35.0,1.0446173016336537
2023-01-19T23:00:00Z,-1.2,14.0,0.0,2.5,7.6,44.0,172.7,30.8,3.6211660358547166,230.9922744580399,40.0,1.1236234276898436
2023-01-19T23:00:00Z,-1.2,14.0,0.0,2.5,7.6,44.0,172.7,30.8,3.6211660358547166,230.9922744580399,45.0,1.1948578850303766
2023-01-19T23:00:00Z,-1.2,14.0,0.0,2.5,7.6,44.0,172.7,30.8,3.6211660358547166,230.9922744580399,50.0,1.2578254297714193
2023-01-19T23:00:00Z,-1.2,14.0,0.0,2.5,7.6,44.0,172.7,30.8,3.6211660358547166,230.9922744580399,55.0,1.3120910135582882
2023-01-19T23:00:00Z,-1.2,14.0,0.0,2.5,7.6,44.0,172.7,30.8,3.6211660358547166,230.9922744580399,60.0,1.3572817671161002
2023-01-20T00:00:00Z,-3.5,2.0,0.0,7.6,2.2,0.0,0.0,0.0,-4.254961492771146,242.65737177740172,30.0,0.0
2023-01-20T00:00:00Z,-3.5,2.0,0.0,7.6,2.2,0.0,0.0,0.0,-4.254961492771146,242.65737177740172,35.0,0.0
2023-01-20T00:00:00Z,-3.5,2.0,0.0,7.6,2.2,0.0,0.0,0.0,-4.254961492771146,242.65737177740172,40.0,0.0
2023-01-20T00:00:00Z,-3.5,2.0,0.0,7.6,2.2,0.0,0.0,0.0,-4.254961492771146,242.65737177740172,45.0,0.0
2023-01-20T00:00:00Z,-3.5,2.0,0.0,7.6,2.2,0.0,0.0,0.0,-4.254961492771146,242.65737177740172,50.0,0.0
2023-01-20T00:00:00Z,-3.5,2.0,0.0,7.6,2.2,0.0,0.0,0.0,-4.254961492771146,242.65737177740172,55.0,0.0
2023-01-20T00:00:00Z,-3.5,2.0,0.0,7.6,2.2,0.0,0.0,0.0,-4.254961492771146,242.65737177740172,60.0,0.0
2023-01-20T01:00:00Z,-7.3,0.0,0.0,2.2,3.6,0.0,0.0,0.0,-12.99239871036811,253.8211645688745,30.0,0.0
2023-01-20T01:00:00Z,-7.3,0.0,0.0,2.2,3.6,0.0,0.0,0.0,-12.99239871036811,253.8211645688745,35.0,0.0
2023-01-20T01:00:00Z,-7.3,0.0,0.0,2.2,3.6,0.0,0.0,0.0,-12.99239871036811,253.8211645688745,40.0,0.0
2023-01-20T01:00:00Z,-7.3,0.0,0.0,2.2,3.6,0.0,0.0,0.0,-12.99239871036811,253.8211645688745,45.0,0.0
2023-01-20T01:00:00Z,-7.3,0.0,0.0,2.2,3.6,0.0,0.0,0.0,-12.99239871036811,253.8211645688745,50.0,0.0
2023-01-20T01:00:00Z,-7.3,0.0,0.0,2.2,3.6,0.0,0.0,0.0,-12.99239871036811,253.8211645688745,55.0,0.0
2023-01-20T01:00:00Z,-7.3,0.0,0.0,2.2,3.6,0.0,0.0,0.0,-12.99239871036811,253.8211645688745,60.0,0.0
2023-01-20T02:00:00Z,-8.9,0.0,0.0,3.6,4.7,0.0,0.0,0.0,-22.237942097105595,264.96448861514443,30.0,0.0
2023-01-20T02:00:00Z,-8.9,0.0,0.0,3.6,4.7,0.0,0.0,0.0,-22.237942097105595,264.96448861514443,35.0,0.0
2023-01-20T02:00:00Z,-8.9,0.0,0.0,3.6,4.7,0.0,0.0,0.0,-22.237942097105595,264.96448861514443,40.0,0.0
2023-01-20T02:00:00Z,-8.9,0.0,0.0,3.6,4.7,0.0,0.0,0.0,-22.237942097105595,264.96448861514443,45.0,0.0
2023-01-20T02:00:00Z,-8.9,0.0,0.0,3.6,4.7,0.0,0.0,0.0,-22.237942097105595,264.96448861514443,50.0,0.0
2023-01-20T02:00:00Z,-8.9,0.0,0.0,3.6,4.7,0.0,0.0,0.0,-22.237942097105595,264.96448861514443,55.0,0.0
2023-01-20T02:00:00Z,-8.9,0.0,0.0,3.6,4.7,0.0,0.0,0.0,-22.237942097105595,264.96448861514443,60.0,0.0
2023-01-20T03:00:00Z,-10.1,2.0,0.0,4.7,5.4,0.0,0.0,0.0,-31.642508526378215,276.7305445757369,30.0,0.0
2023-01-20T03:00:00Z,-10.1,2.0,0.0,4.7,5.4,0.0,0.0,0.0,-31.642508526378215,276.7305445757369,35.0,0.0
2023-01-20T03:00:00Z,-10.1,2.0,0.0,4.7,5.4,0.0,0.0,0.0,-31.642508526378215,276.7305445757369,40.0,0.0
2023-01-20T03:00:00Z,-10.1,2.0,0.0,4.7,5.4,0.0,0.0,0.0,-31.642508526378215,276.7305445757369,45.0,0.0
2023-01-20T03:00:00Z,-10.1,2.0,0.0,4.7,5.4,0.0,0.0,0.0,-31.642508526378215,276.7305445757369,50.0,0.0
2023-01-20T03:00:00Z,-10.1,2.0,0.0,4.7,5.4,0.0,0.0,0.0,-31.642508526378215,276.7305445757369,55.0,0.0
2023-01-20T03:00:00Z,-10.1,2.0,0.0,4.7,5.4,0.0,0.0,0.0,-31.642508526378215,276.7305445757369,60.0,0.0
2023-01-20T04:00:00Z,-10.4,11.0,0.0,5.4,7.2,0.0,0.0,0.0,-40.7944977263249,290.02467193612955,30.0,0.0
2023-01-20T04:00:00Z,-10.4,11.0,0.0,5.4,7.2,0.0,0.0,0.0,-40.7944977263249,290.02467193612955,35.0,0.0
2023-01-20T04:00:00Z,-10.4,11.0,0.0,5.4,7.2,0.0,0.0,0.0,-40.7944977263249,290.02467193612955,40.0,0.0
2023-01-20T04:00:00Z,-10.4,11.0,0.0,5.4,7.2,0.0,0.0,0.0,-40.7944977263249,290.02467193612955,45.0,0.0
2023-01-20T04:00:00Z,-10.4,11.0,0.0,5.4,7.2,0.0,0.0,0.0,-40.7944977263249,290.02467193612955,50.0,0.0
2023-01-20T04:00:00Z,-10.4,11.0,0.0,5.4,7.2,0.0,0.0,0.0,-40.7944977263249,290.02467193612955,55.0,0.0
2023-01-20T04:00:00Z,-10.4,11.0,0.0,5.4,7.2,0.0,0.0,0.0,-40.7944977263249,290.02467193612955,60.0,0.0
2023-01-20T05:00:00Z,-11.0,33.0,0.0,7.2,6.8,0.0,0.0,0.0,-49.10108453393831,306.1552280014974,30.0,0.0
2023-01-20T05:00:00Z,-11.0,33.0,0.0,7.2,6.8,0.0,0.0,0.0,-49.10108453393831,306.1552280014974,35.0,0.0
2023-01-20T05:00:00Z,-11.0,33.0,0.0,7.2,6.8,0.0,0.0,0.0,-49.10108453393831,306.1552280014974,40.0,0.0
2023-01-20T05:00:00Z,-11.0,33.0,0.0,7.2,6.8,0.0,0.0,0.0,-49.10108453393831,306.1552280014974,45.0,0.0
2023-01-20T05:00:00Z,-11.0,33.0,0.0,7.2,6.8,0.0,0.0,0.0,-49.10108453393831,306.1552280014974,50.0,0.0
2023-01-20T05:00:00Z,-11.0,33.0,0.0,7.2,6.8,0.0,0.0,0.0,-49.10108453393831,306.1552280014974,55.0,0.0
2023-01-20T05:00:00Z,-11.0,33.0,0.0,7.2,6.8,0.0,0.0,0.0,-49.10108453393831,306.1552280014974,60.0,0.0
2023-01-20T06:00:00Z,-8.4,14.0,0.0,6.8,9.4,0.0,0.0,0.0,-55.60649944128198,326.72060380950677,30.0,0.0
2023-01-20T06:00:00Z,-8.4,14.0,0.0,6.8,9.4,0.0,0.0,0.0,-55.60649944128198,326.72060380950677,35.0,0.0
2023-01-20T06:00:00Z,-8.4,14.0,0.0,6.8,9.4,0.0,0.0,0.0,-55.60649944128198,326.72060380950677,40.0,0.0
2023-01-20T06:00:00Z,-8.4,14.0,0.0,6.8,9.4,0.0,0.0,0.0,-55.60649944128198,326.72060380950677,45.0,0.0
2023-01-20T06:00:00Z,-8.4,14.0,0.0,6.8,9.4,0.0,0.0,0.0,-55.60649944128198,326.72060380950677,50.0,0.0
2023-01-20T06:00:00Z,-8.4,14.0,0.0,6.8,9.4,0.0,0.0,0.0,-55.60649944128198,326.72060380950677,55.0,0.0
2023-01-20T06:00:00Z,-8.4,14.0,0.0,6.8,9.4,0.0,0.0,0.0,-55.60649944128198,326.72060380950677,60.0,0.0
2023-01-20T07:00:00Z,-10.7,27.0,0.0,9.4,10.4,0.0,0.0,0.0,-58.9314255811817,352.18883634242263,30.0,0.0
2023-01-20T07:00:00Z,-10.7,27.0,0.0,9.4,10.4,0.0,0.0,0.0,-58.9314255811817,352.18883634242263,35.0,0.0
2023-01-20T07:00:00Z,-10.7,27.0,0.0,9.4,10.4,0.0,0.0,0.0,-58.9314255811817,352.18883634242263,40.0,0.0
2023-01-20T07:00:00Z,-10.7,27.0,0.0,9.4,10.4,0.0,0.0,0.0,-58.9314255811817,352.18883634242263,45.0,0.0
2023-01-20T07:00:00Z,-10.7,27.0,0.0,9.4,10.4,0.0,0.0,0.0,-58.9314255811817,352.18883634242263,50.0,0.0
2023-01-20T07:00:00Z,-10.7,27.0,0.0,9.4,10.4,0.0,0.0,0.0,-58.9314255811817,352.18883634242263,55.0,0.0
2023-01-20T07:00:00Z,-10.7,27.0,0.0,9.4,10.4,0.0,0.0,0.0,-58.9314255811817,352.18883634242263,60.0,0.0
2023-01-20T08:00:00Z,-9.3,9.0,0.0,10.4,11.5,0.0,0.0,0.0,-57.97694540372651,19.211900923055964,30.0,0.0
2023-01-20T08:00:00Z,-9.3,9.0,0.0,10.4,11.5,0.0,0.0,0.0,-57.97694540372651,19.211900923055964,35.0,0.0
2023-01-20T08:00:00Z,-9.3,9.0,0.0,10.4,11.5,0.0,0.0,0.0,-57.97694540372651,19.211900923055964,40.0,0.0
2023-01-20T08:00:00Z,-9.3,9.0,0.0,10.4,11.5,0.0,0.0,0.0,-57.97694540372651,19.211900923055964,45.0,0.0
2023-01-20T08:00:00Z,-9.3,9.0,0.0,10.4,11.5,0.0,0.0,0.0,-57.97694540372651,19.211900923055964,50.0,0.0
2023-01-20T08:00:00Z,-9.3,9.0,0.0,10.4,11.5,0.0,0.0,0.0,-57.97694540372651,19.211900923055964,55.0,0.0
2023-01-20T08:00:00Z,-9.3,9.0,0.0,10.4,11.5,0.0,0.0,0.0,-57.97694540372651,19.211900923055964,60.0,0.0
2023-01-20T09:00:00Z,-7.8,9.0,0.0,11.5,12.6,0.0,0.0,0.0,-53.093103386562646,42.701506447980705,30.0,0.0
2023-01-20T09:00:00Z,-7.8,9.0,0.0,11.5,12.6,0.0,0.0,0.0,-53.093103386562646,42.701506447980705,35.0,0.0
2023-01-20T09:00:00Z,-7.8,9.0,0.0,11.5,12.6,0.0,0.0,0.0,-53.093103386562646,42.701506447980705,40.0,0.0
2023-01-20T09:00:00Z,-7.8,9.0,0.0,11.5,12.6,0.0,0.0,0.0,-53.093103386562646,42.701506447980705,45.0,0.0
2023-01-20T09:00:00Z,-7.8,9.0,0.0,11.5,12.6,0.0,0.0,0.0,-53.093103386562646,42.701506447980705,50.0,0.0
2023-01-20T09:00:00Z,-7.8,9.0,0.0,11.5,12.6,0.0,0.0,0.0,-53.093103386562646,42.701506447980705,55.0,0.0
2023-01-20T09:00:00Z,-7.8,9.0,0.0,11.5,12.6,0.0,0.0,0.0,-53.093103386562646,42.701506447980705,60.0,0.0
2023-01-20T10:00:00Z,-6.2,2.0,0.0,12.6,13.0,0.0,0.0,0.0,-45.655924964025374,61.16644792441059,30.0,0.0
2023-01-20T10:00:00Z,-6.2,2.0,0.0,12.6,13.0,0.0,0.0,0.0,-45.655924964025374,61.16644792441059,35.0,0.0
2023-01-20T10:00:00Z,-6.2,2.0,0.0,12.6,13.0,0.0,0.0,0.0,-45.655924964025374,61.16644792441059,40.0,0.0
2023-01-20T10:00:00Z,-6.2,2.0,0.0,12.6,13.0,0.0,0.0,0.0,-45.655924964025374,61.16644792441059,45.0,0.0
2023-01-20T10:00:00Z,-6.2,2.0,0.0,12.6,13.0,0.0,0.0,0.0,-45.655924964025374,61.16644792441059,50.0,0.0
2023-01-20T10:00:00Z,-6.2,2.0,0.0,12.6,13.0,0.0,0.0,0.0,-45.655924964025374,61.16644792441059,55.0,0.0
2023-01-20T10:00:00Z,-6.2,2.0,0.0,12.6,13.0,0.0,0.0,0.0,-45.655924964025374,61.16644792441059,60.0,0.0
2023-01-20T11:00:00Z,-5.3,0.0,0.0,13.0,13.7,0.0,0.0,0.0,-36.884529373407794,75.87886561190237,30.0,0.0
2023-01-20T11:00:00Z,-5.3,0.0,0.0,13.0,13.7,0.0,0.0,0.0,-36.884529373407794,75.87886561190237,35.0,0.0
2023-01-20T11:00:00Z,-5.3,0.0,0.0,13.0,13.7,0.0,0.0,0.0,-36.884529373407794,75.87886561190237,40.0,0.0
2023-01-20T11:00:00Z,-5.3,0.0,0.0,13.0,13.7,0.0,0.0,0.0,-36.884529373407794,75.87886561190237,45.0,0.0
2023-01-20T11:00:00Z,-5.3,0.0,0.0,13.0,13.7,0.0,0.0,0.0,-36.884529373407794,75.87886561190237,50.0,0.0
2023-01-20T11:00:00Z,-5.3,0.0,0.0,13.0,13.7,0.0,0.0,0.0,-36.884529373407794,75.87886561190237,55.0,0.0
2023-01-20T11:00:00Z,-5.3,0.0,0.0,13.0,13.7,0.0,0.0,0.0,-36.884529373407794,75.87886561190237,60.0,0.0
2023-01-20T12:00:00Z,-2.4,50.0,0.0,13.7,13.7,0.0,0.0,0.0,-27.553601536634574,88.37461190380986,30.0,0.0
2023-01-20T12:00:00Z,-2.4,50.0,0.0,13.7,13.7,0.0,0.0,0.0,-27.553601536634574,88.37461190380986,35.0,0.0
2023-01-20T12:00:00Z,-2.4,50.0,0.0,13.7,13.7,0.0,0.0,0.0,-27.553601536634574,88.37461190380986,40.0,0.0
2023-01-20T12:00:00Z,-2.4,50.0,0.0,13.7,13.7,0.0,0.0,0.0,-27.553601536634574,88.37461190380986,45.0,0.0
2023-01-20T12:00:00Z,-2.4,50.0,0.0,13.7,13.7,0.0,0.0,0.0,-27.553601536634574,88.37461190380986,50.0,0.0
2023-01-20T12:00:00Z,-2.4,50.0,0.0,13.7,13.7,0.0,0.0,0.0,-27.553601536634574,88.37461190380986,55.0,0.0
2023-01-20T12:00:00Z,-2.4,50.0,0.0,13.7,13.7,0.0,0.0,0.0,-27.553601536634574,88.37461190380986,60.0,0.0
2023-01-20T13:00:00Z,-4.0,6.0,0.0,13.7,13.0,0.0,0.0,0.0,-18.158195175004245,99.77407376238102,30.0,0.0
2023-01-20T13:00:00Z,-4.0,6.0,0.0,13.7,13.0,0.0,0.0,0.0,-18.158195175004245,99.77407376238102,35.0,0.0
2023-01-20T13:00:00Z,-4.0,6.0,0.0,13.7,13.0,0.0,0.0,0.0,-18.158195175004245,99.77407376238102,40.0,0.0
2023-01-20T13:00:00Z,-4.0,6.0,0.0,13.7,13.0,0.0,0.0,0.0,-18.158195175004245,99.77407376238102,45.0,0.0
2023-01-20T13:00:00Z,-4.0,6.0,0.0,13.7,13.0,0.0,0.0,0.0,-18.158195175004245,99.77407376238102,50.0,0.0
2023-01-20T13:00:00Z,-4.0,6.0,0.0,13.7,13.0,0.0,0.0,0.0,-18.158195175004245,99.77407376238102,55.0,0.0
2023-01-20T13:00:00Z,-4.0,6.0,0.0,13.7,13.0,0.0,0.0,0.0,-18.158195175004245,99.77407376238102,60.0,0.0
2023-01-20T14:00:00Z,-3.9,16.0,0.0,13.0,11.5,0.0,0.0,0.0,-9.071532876567494,110.853243311997,30.0,0.0
2023-01-20T14:00:00Z,-3.9,16.0,0.0,13.0,11.5,0.0,0.0,0.0,-9.071532876567494,110.853243311997,35.0,0.0
2023-01-20T14:00:00Z,-3.9,16.0,0.0,13.0,11.5,0.0,0.0,0.0,-9.071532876567494,110.853243311997,40.0,0.0
2023-01-20T14:00:00Z,-3.9,16.0,0.0,13.0,11.5,0.0,0.0,0.0,-9.071532876567494,110.853243311997,45.0,0.0
2023-01-20T14:00:00Z,-3.9,16.0,0.0,13.0,11.5,0.0,0.0,0.0,-9.071532876567494,110.853243311997,50.0,0.0
2023-01-20T14:00:00Z,-3.9,16.0,0.0,13.0,11.5,0.0,0.0,0.0,-9.071532876567494,110.853243311997,55.0,0.0
2023-01-20T14:00:00Z,-3.9,16.0,0.0,13.0,11.5,0.0,0.0,0.0,-9.071532876567494,110.853243311997,60.0,0.0
2023-01-20T15:00:00Z,-4.3,14.0,0.0,11.2,11.2,11.0,14.4,10.2,-0.6381032852725391,122.17876767698056,30.0,0.0
2023-01-20T15:00:00Z,-4.3,14.0,0.0,11.2,11.2,11.0,14.4,10.2,-0.6381032852725391,122.17876767698056,35.0,0.0
2023-01-20T15:00:00Z,-4.3,14.0,0.0,11.2,11.2,11.0,14.4,10.2,-0.6381032852725391,122.17876767698056,40.0,0.0
2023-01-20T15:00:00Z,-4.3,14.0,0.0,11.2,11.2,11.0,14.4,10.2,-0.6381032852725391,122.17876767698056,45.0,0.0
2023-01-20T15:00:00Z,-4.3,14.0,0.0,11.2,11.2,11.0,14.4,10.2,-0.6381032852725391,122.17876767698056,50.0,0.0
2023-01-20T15:00:00Z,-4.3,14.0,0.0,11.2,11.2,11.0,14.4,10.2,-0.6381032852725391,122.17876767698056,55.0,0.0
2023-01-20T15:00:00Z,-4.3,14.0,0.0,11.2,11.2,11.0,14.4,10.2,-0.6381032852725391,122.17876767698056,60.0,0.0
2023-01-20T16:00:00Z,-4.6,20.0,0.0,11.2,10.8,67.0,148.4,49.7,6.775221821216831,134.17533523446514,30.0,1.1276622921989652
2023-01-20T16:00:00Z,-4.6,20.0,0.0,11.2,10.8,67.0,148.4,49.7,6.775221821216831,134.17533523446514,35.0,1.200244813756482
2023-01-20T16:00:00Z,-4.6,20.0,0.0,11.2,10.8,67.0,148.4,49.7,6.775221821216831,134.17533523446514,40.0,1.265288250984675
2023-01-20T16:00:00Z,-4.6,20.0,0.0,11.2,10.8,67.0,148.4,49.7,6.775221821216831,134.17533523446514,45.0,1.3223339845070068
2023-01-20T16:00:00Z,-4.6,20.0,0.0,11.2,10.8,67.0,148.4,49.7,6.775221821216831,134.17533523446514,50.0,1.3709817389761685
2023-01-20T16:00:00Z,-4.6,20.0,0.0,11.2,10.8,67.0,148.4,49.7,6.775221821216831,134.17533523446514,55.0,1.4108916110011416
2023-01-20T16:00:00Z,-4.6,20.0,0.0,11.2,10.8,67.0,148.4,49.7,6.775221821216831,134.17533523446514,60.0,1.4417857450346605
2023-01-20T17:00:00Z,-3.6,33.0,0.0,10.8,12.2,144.0,249.7,89.3,12.760486931698422,147.1160526534798,30.0,2.3226774601366484
2023-01-20T17:00:00Z,-3.6,33.0,0.0,10.8,12.2,144.0,249.7,89.3,12.760486931698422,147.1160526534798,35.0,2.4537610874712943
2023-01-20T17:00:00Z,-3.6,33.0,0.0,10.8,12.2,144.0,249.7,89.3,12.760486931698422,147.1160526534798,40.0,2.5693390159703626
2023-01-20T17:00:00Z,-3.6,33.0,0.0,10.8,12.2,144.0,249.7,89.3,12.760486931698422,147.1160526534798,45.0,2.668671443482632
2023-01-20T17:00:00Z,-3.6,33.0,0.0,10.8,12.2,144.0,249.7,89.3,12.760486931698422,147.1160526534798,50.0,2.75112901931859
2023-01-20T17:00:00Z,-3.6,33.0,0.0,10.8,12.2,144.0,249.7,89.3,12.760486931698422,147.1160526534798,55.0,2.816193873258507
2023-01-20T17:00:00Z,-3.6,33.0,0.0,10.8,12.2,144.0,249.7,89.3,12.760486931698422,147.1160526534798,60.0,2.863460305259888
2023-01-20T18:00:00Z,-0.9,2.0,0.0,12.2,17.6,231.0,414.7,111.4,16.89156818129879,161.04827115121475,30.0,3.8727090138678038
2023-01-20T18:00:00Z,-0.9,2.0,0.0,12.2,17.6,231.0,414.7,111.4,16.89156818129879,161.04827115121475,35.0,4.098578711715703
2023-01-20T18:00:00Z,-0.9,2.0,0.0,12.2,17.6,231.0,414.7,111.4,16.89156818129879,161.04827115121475,40.0,4.297173995334878
2023-01-20T18:00:00Z,-0.9,2.0,0.0,12.2,17.6,231.0,414.7,111.4,16.89156818129879,161.04827115121475,45.0,4.467428102940719
2023-01-20T18:00:00Z,-0.9,2.0,0.0,12.2,17.6,231.0,414.7,111.4,16.89156818129879,161.04827115121475,50.0,4.608447413146881
2023-01-20T18:00:00Z,-0.9,2.0,0.0,12.2,17.6,231.0,414.7,111.4,16.89156818129879,161.04827115121475,55.0,4.719506515377328
2023-01-20T18:00:00Z,-0.9,2.0,0.0,12.2,17.6,231.0,414.7,111.4,16.89156818129879,161.04827115121475,60.0,4.800043614594838
2023-01-20T19:00:00Z,-0.3,14.0,0.0,10.8,17.3,286.0,524.5,118.2,18.801284450468348,175.71127539169981,30.0,4.857496174730036
2023-01-20T19:00:00Z,-0.3,14.0,0.0,10.8,17.3,286.0,524.5,118.2,18.801284450468348,175.71127539169981,35.0,5.142910310056151
2023-01-20T19:00:00Z,-0.3,14.0,0.0,10.8,17.3,286.0,524.5,118.2,18.801284450468348,175.71127539169981,40.0,5.393323781133568
2023-01-20T19:00:00Z,-0.3,14.0,0.0,10.8,17.3,286.0,524.5,118.2,18.801284450468348,175.71127539169981,45.0,5.607596502200234
2023-01-20T19:00:00Z,-0.3,14.0,0.0,10.8,17.3,286.0,524.5,118.2,18.801284450468348,175.71127539169981,50.0,5.78478954652753
2023-01-20T19:00:00Z,-0.3,14.0,0.0,10.8,17.3,286.0,524.5,118.2,18.801284450468348,175.71127539169981,55.0,5.924152353876045
2023-01-20T19:00:00Z,-0.3,14.0,0.0,10.8,17.3,286.0,524.5,118.2,18.801284450468348,175.71127539169981,60.0,6.025111274133377
2023-01-20T20:00:00Z,0.8,2.0,0.0,10.4,13.7,294.0,568.2,117.1,18.294083000636075,190.5614517749082,30.0,5.080244517663328
2023-01-20T20:00:00Z,0.8,2.0,0.0,10.4,13.7,294.0,568.2,117.1,18.294083000636075,190.5614517749082,35.0,5.385897154860425
2023-01-20T20:00:00Z,0.8,2.0,0.0,10.4,13.7,294.0,568.2,117.1,18.294083000636075,190.5614517749082,40.0,5.654493765530339
2023-01-20T20:00:00Z,0.8,2.0,0.0,10.4,13.7,294.0,568.2,117.1,18.294083000636075,190.5614517749082,45.0,5.884878180201789
2023-01-20T20:00:00Z,0.8,2.0,0.0,10.4,13.7,294.0,568.2,117.1,18.294083000636075,190.5614517749082,50.0,6.076102493620301
2023-01-20T20:00:00Z,0.8,2.0,0.0,10.4,13.7,294.0,568.2,117.1,18.294083000636075,190.5614517749082,55.0,6.22741113545832
2023-01-20T20:00:00Z,0.8,2.0,0.0,10.4,13.7,294.0,568.2,117.1,18.294083000636075,190.5614517749082,60.0,6.3382265963885
2023-01-20T21:00:00Z,1.5,11.0,0.0,10.1,13.7,222.0,444.9,104.8,15.423937889884598,204.97503256244693,30.0,3.851432547634959
2023-01-20T21:00:00Z,1.5,11.0,0.0,10.1,13.7,222.0,444.9,104.8,15.423937889884598,204.97503256244693,35.0,4.08846624690135
2023-01-20T21:00:00Z,1.5,11.0,0.0,10.1,13.7,222.0,444.9,104.8,15.423937889884598,204.97503256244693,40.0,4.297847982444185
2023-01-20T21:00:00Z,1.5,11.0,0.0,10.1,13.7,222.0,444.9,104.8,15.423937889884598,204.97503256244693,45.0,4.478480656567651
2023-01-20T21:00:00Z,1.5,11.0,0.0,10.1,13.7,222.0,444.9,104.8,15.423937889884598,204.97503256244693,50.0,4.629442568333524
2023-01-20T21:00:00Z,1.5,11.0,0.0,10.1,13.7,222.0,444.9,104.8,15.423937889884598,204.97503256244693,55.0,4.749981217711415
2023-01-20T21:00:00Z,1.5,11.0,0.0,10.1,13.7,222.0,444.9,104.8,15.423937889884598,204.97503256244693,60.0,4.839507510564015
2023-01-20T22:00:00Z,1.5,3.0,0.0,9.7,10.4,133.0,308.0,77.7,10.471692538726405,218.51175776810229,30.0,2.3898045508879995
2023-01-20T22:00:00Z,1.5,3.0,0.0,9.7,10.4,133.0,308.0,77.7,10.471692538726405,218.51175776810229,35.0,2.548233861195317
2023-01-20T22:00:00Z,1.5,3.0,0.0,9.7,10.4,133.0,308.0,77.7,10.471692538726405,218.51175776810229,40.0,2.6897344565471024
2023-01-20T22:00:00Z,1.5,3.0,0.0,9.7,10.4,133.0,308.0,77.7,10.471692538726405,218.51175776810229,45.0,2.81342500725308
2023-01-20T22:00:00Z,1.5,3.0,0.0,9.7,10.4,133.0,308.0,77.7,10.471692538726405,218.51175776810229,50.0,2.918545636859257
2023-01-20T22:00:00Z,1.5,3.0,0.0,9.7,10.4,133.0,308.0,77.7,10.471692538726405,218.51175776810229,55.0,3.0044583241649394
2023-01-20T22:00:00Z,1.5,3.0,0.0,9.7,10.4,133.0,308.0,77.7,10.471692538726405,218.51175776810229,60.0,3.0706469662204023
2023-01-20T23:00:00Z,0.7,23.0,0.0,10.4,14.8,33.0,73.9,27.2,3.8421563136315453,231.0457681958507,30.0,0.4892120742421713
2023-01-20T23:00:00Z,0.7,23.0,0.0,10.4,14.8,33.0,73.9,27.2,3.8421563136315453,231.0457681958507,35.0,0.522141937842167
2023-01-20T23:00:00Z,0.7,23.0,0.0,10.4,14.8,33.0,73.9,27.2,3.8421563136315453,231.0457681958507,40.0,0.5517943214153203
2023-01-20T23:00:00Z,0.7,23.0,0.0,10.4,14.8,33.0,73.9,27.2,3.8421563136315453,231.0457681958507,45.0,0.5779509248636999
2023-01-20T23:00:00Z,0.7,23.0,0.0,10.4,14.8,33.0,73.9,27.2,3.8421563136315453,231.0457681958507,50.0,0.6004195960610288
2023-01-20T23:00:00Z,0.7,23.0,0.0,10.4,14.8,33.0,73.9,27.2,3.8421563136315453,231.0457681958507,55.0,0.6190355840906746
2023-01-20T23:00:00Z,0.7,23.0,0.0,10.4,14.8,33.0,73.9,27.2,3.8421563136315453,231.0457681958507,60.0,0.6336626041843417
2023-01-21T00:00:00Z,0.4,6.0,0.0,14.8,11.2,0.0,0.0,0.0,-4.039504604256626,242.7307853745867,30.0,0.0
2023-01-21T00:00:00Z,0.4,6.0,0.0,14.8,11.2,0.0,0.0,0.0,-4.039504604256626,242.7307853745867,35.0,0.0
2023-01-21T00:00:00Z,0.4,6.0,0.0,14.8,11.2,0.0,0.0,0.0,-4.039504604256626,242.7307853745867,40.0,0.0
2023-01-21T00:00:00Z,0.4,6.0,0.0,14.8,11.2,0.0,0.0,0.0,-4.039504604256626,242.7307853745867,45.0,0.0
2023-01-21T00:00:00Z,0.4,6.0,0.0,14.8,11.2,0.0,0.0,0.0,-4.039504604256626,242.7307853745867,50.0,0.0
2023-01-21T00:00:00Z,0.4,6.0,0.0,14.8,11.2,0.0,0.0,0.0,-4.039504604256626,242.7307853745867,55.0,0.0
2023-01-21T00:00:00Z,0.4,6.0,0.0,14.8,11.2,0.0,0.0,0.0,-4.039504604256626,242.7307853745867,60.0,0.0
2023-01-21T01:00:00Z,-2.2,6.0,0.0,11.2,12.2,0.0,0.0,0.0,-12.781716333172133,253.90996254999214,30.0,0.0
2023-01-21T01:00:00Z,-2.2,6.0,0.0,11.2,12.2,0.0,0.0,0.0,-12.781716333172133,253.90996254999214,35.0,0.0
2023-01-21T01:00:00Z,-2.2,6.0,0.0,11.2,12.2,0.0,0.0,0.0,-12.781716333172133,253.90996254999214,40.0,0.0
2023-01-21T01:00:00Z,-2.2,6.0,0.0,11.2,12.2,0.0,0.0,0.0,-12.781716333172133,253.90996254999214,45.0,0.0
2023-01-21T01:00:00Z,-2.2,6.0,0.0,11.2,12.2,0.0,0.0,0.0,-12.781716333172133,253.90996254999214,50.0,0.0
2023-01-21T01:00:00Z,-2.2,6.0,0.0,11.2,12.2,0.0,0.0,0.0,-12.781716333172133,253.90996254999214,55.0,0.0
2023-01-21T01:00:00Z,-2.2,6.0,0.0,11.2,12.2,0.0,0.0,0.0,-12.781716333172133,253.90996254999214,60.0,0.0
2023-01-21T02:00:00Z,-2.3,41.0,0.0,12.2,12.6,0.0,0.0,0.0,-22.029974682488817,265.065335780822,30.0,0.0
2023-01-21T02:00:00Z,-2.3,41.0,0.0,12.2,12.6,0.0,0.0,0.0,-22.029974682488817,265.065335780822,35.0,0.0
2023-01-21T02:00:00Z,-2.3,41.0,0.0,12.2,12.6,0.0,0.0,0.0,-22.029974682488817,265.065335780822,40.0,0.0
2023-01-21T02:00:00Z,-2.3,41.0,0.0,12.2,12.6,0.0,0.0,0.0,-22.029974682488817,265.065335780822,45.0,0.0
2023-01-21T02:00:00Z,-2.3,41.0,0.0,12.2,12.6,0.0,0.0,0.0,-22.029974682488817,265.065335780822,50.0,0.0
2023-01-21T02:00:00Z,-2.3,41.0,0.0,12.2,12.6,0.0,0.0,0.0,-22.029974682488817,265.065335780822,55.0,0.0
2023-01-21T02:00:00Z,-2.3,41.0,0.0,12.2,12.6,0.0,0.0,0.0,-22.029974682488817,265.065335780822,60.0,0.0
2023-01-21T03:00:00Z,-1.6,66.0,0.0,12.6,11.5,0.0,0.0,0.0,-31.434150670744813,276.83973736988196,30.0,0.0
2023-01-21T03:00:00Z,-1.6,66.0,0.0,12.6,11.5,0.0,0.0,0.0,-31.434150670744813,276.83973736988196,35.0,0.0
2023-01-21T03:00:00Z,-1.6,66.0,0.0,12.6,11.5,0.0,0.0,0.0,-31.434150670744813,276.83973736988196,40.0,0.0
2023-01-21T03:00:00Z,-1.6,66.0,0.0,12.6,11.5,0.0,0.0,0.0,-31.434150670744813,276.83973736988196,45.0,0.0
2023-01-21T03:00:00Z,-1.6,66.0,0.0,12.6,11.5,0.0,0.0,0.0,-31.434150670744813,276.83973736988196,50.0,0.0
2023-01-21T03:00:00Z,-1.6,66.0,0.0,12.6,11.5,0.0,0.0,0.0,-31.434150670744813,276.83973736988196,55.0,0.0
2023-01-21T03:00:00Z,-1.6,66.0,0.0,12.6,11.5,0.0,0.0,0.0,-31.434150670744813,276.83973736988196,60.0,0.0
2023-01-21T04:00:00Z,-0.9,89.0,0.0,11.5,10.4,0.0,0.0,0.0,-40.581847036704424,290.1346213930652,30.0,0.0
2023-01-21T04:00:00Z,-0.9,89.0,0.0,11.5,10.4,0.0,0.0,0.0,-40.581847036704424,290.1346213930652,35.0,0.0
2023-01-21T04:00:00Z,-0.9,89.0,0.0,11.5,10.4,0.0,0.0,0.0,-40.581847036704424,290.1346213930652,40.0,0.0
2023-01-21T04:00:00Z,-0.9,89.0,0.0,11.5,10.4,0.0,0.0,0.0,-40.581847036704424,290.1346213930652,45.0,0.0
2023-01-21T04:00:00Z,-0.9,89.0,0.0,11.5,10.4,0.0,0.0,0.0,-40.581847036704424,290.1346213930652,50.0,0.0
2023-01-21T04:00:00Z,-0.9,89.0,0.0,11.5,10.4,0.0,0.0,0.0,-40.581847036704424,290.1346213930652,55.0,0.0
2023-01-21T04:00:00Z,-0.9,89.0,0.0,11.5,10.4,0.0,0.0,0.0,-40.581847036704424,290.1346213930652,60.0,0.0
2023-01-21T05:00:00Z,-1.0,83.0,0.0,10.4,14.0,0.0,0.0,0.0,-48.880453504612326,306.24654412061733,30.0,0.0
2023-01-21T05:00:00Z,-1.0,83.0,0.0,10.4,14.0,0.0,0.0,0.0,-48.880453504612326,306.24654412061733,35.0,0.0
2023-01-21T05:00:00Z,-1.0,83.0,0.0,10.4,14.0,0.0,0.0,0.0,-48.880453504612326,306.24654412061733,40.0,0.0
2023-01-21T05:00:00Z,-1.0,83.0,0.0,10.4,14.0,0.0,0.0,0.0,-48.880453504612326,306.24654412061733,45.0,0.0
2023-01-21T05:00:00Z,-1.0,83.0,0.0,10.4,14.0,0.0,0.0,0.0,-48.880453504612326,306.24654412061733,50.0,0.0
2023-01-21T05:00:00Z,-1.0,83.0,0.0,10.4,14.0,0.0,0.0,0.0,-48.880453504612326,306.24654412061733,55.0,0.0
2023-01-21T05:00:00Z,-1.0,83.0,0.0,10.4,14.0,0.0,0.0,0.0,-48.880453504612326,306.24654412061733,60.0,0.0
2023-01-21T06:00:00Z,2.4,75.0,0.0,14.0,11.2,0.0,0.0,0.0,-55.378245342754084,326.74939675111375,30.0,0.0
2023-01-21T06:00:00Z,2.4,75.0,0.0,14.0,11.2,0.0,0.0,0.0,-55.378245342754084,326.74939675111375,35.0,0.0
2023-01-21T06:00:00Z,2.4,75.0,0.0,14.0,11.2,0.0,0.0,0.0,-55.378245342754084,326.74939675111375,40.0,0.0
2023-01-21T06:00:00Z,2.4,75.0,0.0,14.0,11.2,0.0,0.0,0.0,-55.378245342754084,326.74939675111375,45.0,0.0
2023-01-21T06:00:00Z,2.4,75.0,0.0,14.0,11.2,0.0,0.0,0.0,-55.378245342754084,326.74939675111375,50.0,0.0
2023-01-21T06:00:00Z,2.4,75.0,0.0,14.0,11.2,0.0,0.0,0.0,-55.378245342754084,326.74939675111375,55.0,0.0
2023-01-21T06:00:00Z,2.4,75.0,0.0,14.0,11.2,0.0,0.0,0.0,-55.378245342754084,326.74939675111375,60.0,0.0
2023-01-21T07:00:00Z,0.1,95.0,0.0,10.8,9.7,0.0,0.0,0.0,-58.70750933769077,352.0956961365736,30.0,0.0
2023-01-21T07:00:00Z,0.1,95.0,0.0,10.8,9.7,0.0,0.0,0.0,-58.70750933769077,352.0956961365736,35.0,0.0
2023-01-21T07:00:00Z,0.1,95.0,0.0,10.8,9.7,0.0,0.0,0.0,-58.70750933769077,352.0956961365736,40.0,0.0
2023-01-21T07:00:00Z,0.1,95.0,0.0,10.8,9.7,0.0,0.0,0.0,-58.70750933769077,352.0956961365736,45.0,0.0
2023-01-21T07:00:00Z,0.1,95.0,0.0,10.8,9.7,0.0,0.0,0.0,-58.70750933769077,352.0956961365736,50.0,0.0
2023-01-21T07:00:00Z,0.1,95.0,0.0,10.8,9.7,0.0,0.0,0.0,-58.70750933769077,352.0956961365736,55.0,0.0
2023-01-21T07:00:00Z,0.1,95.0,0.0,10.8,9.7,0.0,0.0,0.0,-58.70750933769077,352.0956961365736,60.0,0.0
2023-01-21T08:00:00Z,-0.3,75.0,0.0,9.7,11.2,0.0,0.0,0.0,-57.778412581248595,18.996265996013392,30.0,0.0
2023-01-21T08:00:00Z,-0.3,75.0,0.0,9.7,11.2,0.0,0.0,0.0,-57.778412581248595,18.996265996013392,35.0,0.0
2023-01-21T08:00:00Z,-0.3,75.0,0.0,9.7,11.2,0.0,0.0,0.0,-57.778412581248595,18.996265996013392,40.0,0.0
2023-01-21T08:00:00Z,-0.3,75.0,0.0,9.7,11.2,0.0,0.0,0.0,-57.778412581248595,18.996265996013392,45.0,0.0
2023-01-21T08:00:00Z,-0.3,75.0,0.0,9.7,11.2,0.0,0.0,0.0,-57.778412581248595,18.996265996013392,50.0,0.0
2023-01-21T08:00:00Z,-0.3,75.0,0.0,9.7,11.2,0.0,0.0,0.0,-57.778412581248595,18.996265996013392,55.0,0.0
2023-01-21T08:00:00Z,-0.3,75.0,0.0,9.7,11.2,0.0,0.0,0.0,-57.778412581248595,18.996265996013392,60.0,0.0
2023-01-21T09:00:00Z,-0.4,64.0,0.0,11.2,16.6,0.0,0.0,0.0,-52.928656905231634,42.43548497619463,30.0,0.0
2023-01-21T09:00:00Z,-0.4,64.0,0.0,11.2,16.6,0.0,0.0,0.0,-52.928656905231634,42.43548497619463,35.0,0.0
2023-01-21T09:00:00Z,-0.4,64.0,0.0,11.2,16.6,0.0,0.0,0.0,-52.928656905231634,42.43548497619463,40.0,0.0
2023-01-21T09:00:00Z,-0.4,64.0,0.0,11.2,16.6,0.0,0.0,0.0,-52.928656905231634,42.43548497619463,45.0,0.0
2023-01-21T09:00:00Z,-0.4,64.0,0.0,11.2,16.6,0.0,0.0,0.0,-52.928656905231634,42.43548497619463,50.0,0.0
2023-01-21T09:00:00Z,-0.4,64.0,0.0,11.2,16.6,0.0,0.0,0.0,-52.928656905231634,42.43548497619463,55.0,0.0
2023-01-21T09:00:00Z,-0.4,64.0,0.0,11.2,16.6,0.0,0.0,0.0,-52.928656905231634,42.43548497619463,60.0,0.0
2023-01-21T10:00:00Z,-0.1,83.0,0.0,12.2,10.8,0.0,0.0,0.0,-45.518000005827076,60.90399333500187,30.0,0.0
2023-01-21T10:00:00Z,-0.1,83.0,0.0,12.2,10.8,0.0,0.0,0.0,-45.518000005827076,60.90399333500187,35.0,0.0
2023-01-21T10:00:00Z,-0.1,83.0,0.0,12.2,10.8,0.0,0.0,0.0,-45.518000005827076,60.90399333500187,40.0,0.0
2023-01-21T10:00:00Z,-0.1,83.0,0.0,12.2,10.8,0.0,0.0,0.0,-45.518000005827076,60.90399333500187,45.0,0.0
2023-01-21T10:00:00Z,-0.1,83.0,0.0,12.2,10.8,0.0,0.0,0.0,-45.518000005827076,60.90399333500187,50.0,0.0
2023-01-21T10:00:00Z,-0.1,83.0,0.0,12.2,10.8,0.0,0.0,0.0,-45.518000005827076,60.90399333500187,55.0,0.0
2023-01-21T10:00:00Z,-0.1,83.0,0.0,12.2,10.8,0.0,0.0,0.0,-45.518000005827076,60.90399333500187,60.0,0.0
2023-01-21T11:00:00Z,-0.3,17.0,0.0,10.8,15.8,0.0,0.0,0.0,-36.76149408666768,75.63624414916717,30.0,0.0
2023-01-21T11:00:00Z,-0.3,17.0,0.0,10.8,15.8,0.0,0.0,0.0,-36.76149408666768,75.63624414916717,35.0,0.0
2023-01-21T11:00:00Z,-0.3,17.0,0.0,10.8,15.8,0.0,0.0,0.0,-36.76149408666768,75.63624414916717,40.0,0.0
2023-01-21T11:00:00Z,-0.3,17.0,0.0,10.8,15.8,0.0,0.0,0.0,-36.76149408666768,75.63624414916717,45.0,0.0
2023-01-21T11:00:00Z,-0.3,17.0,0.0,10.8,15.8,0.0,0.0,0.0,-36.76149408666768,75.63624414916717,50.0,0.0
2023-01-21T11:00:00Z,-0.3,17.0,0.0,10.8,15.8,0.0,0.0,0.0,-36.76149408666768,75.63624414916717,55.0,0.0
2023-01-21T11:00:00Z,-0.3,17.0,0.0,10.8,15.8,0.0,0.0,0.0,-36.76149408666768,75.63624414916717,60.0,0.0
2023-01-21T12:00:00Z,1.6,25.0,0.0,15.8,12.6,0.0,0.0,0.0,-27.435556450447255,88.15192024235728,30.0,0.0
2023-01-21T12:00:00Z,1.6,25.0,0.0,15.8,12.6,0.0,0.0,0.0,-27.435556450447255,88.15192024235728,35.0,0.0
2023-01-21T12:00:00Z,1.6,25.0,0.0,15.8,12.6,0.0,0.0,0.0,-27.435556450447255,88.15192024235728,40.0,0.0
2023-01-21T12:00:00Z,1.6,25.0,0.0,15.8,12.6,0.0,0.0,0.0,-27.435556450447255,88.15192024235728,45.0,0.0
2023-01-21T12:00:00Z,1.6,25.0,0.0,15.8,12.6,0.0,0.0,0.0,-27.435556450447255,88.15192024235728,50.0,0.0
2023-01-21T12:00:00Z,1.6,25.0,0.0,15.8,12.6,0.0,0.0,0.0,-27.435556450447255,88.15192024235728,55.0,0.0
2023-01-21T12:00:00Z,1.6,25.0,0.0,15.8,12.6,0.0,0.0,0.0,-27.435556450447255,88.15192024235728,60.0,0.0
2023-01-21T13:00:00Z,-0.9,23.0,0.0,12.6,17.6,0.0,0.0,0.0,-18.037443435518796,99.56771515513617,30.0,0.0
2023-01-21T13:00:00Z,-0.9,23.0,0.0,12.6,17.6,0.0,0.0,0.0,-18.037443435518796,99.56771515513617,35.0,0.0
2023-01-21T13:00:00Z,-0.9,23.0,0.0,12.6,17.6,0.0,0.0,0.0,-18.037443435518796,99.56771515513617,40.0,0.0
2023-01-21T13:00:00Z,-0.9,23.0,0.0,12.6,17.6,0.0,0.0,0.0,-18.037443435518796,99.56771515513617,45.0,0.0
2023-01-21T13:00:00Z,-0.9,23.0,0.0,12.6,17.6,0.0,0.0,0.0,-18.037443435518796,99.56771515513617,50.0,0.0
2023-01-21T13:00:00Z,-0.9,23.0,0.0,12.6,17.6,0.0,0.0,0.0,-18.037443435518796,99.56771515513617,55.0,0.0
2023-01-21T13:00:00Z,-0.9,23.0,0.0,12.6,17.6,0.0,0.0,0.0,-18.037443435518796,99.56771515513617,60.0,0.0
2023-01-21T14:00:00Z,-0.8,2.0,0.0,13.0,12.6,0.0,0.0,0.0,-8.94193084208853,110.66018488292582,30.0,0.0
2023-01-21T14:00:00Z,-0.8,2.0,0.0,13.0,12.6,0.0,0.0,0.0,-8.94193084208853,110.66018488292582,35.0,0.0
2023-01-21T14:00:00Z,-0.8,2.0,0.0,13.0,12.6,0.0,0.0,0.0,-8.94193084208853,110.66018488292582,40.0,0.0
2023-01-21T14:00:00Z,-0.8,2.0,0.0,13.0,12.6,0.0,0.0,0.0,-8.94193084208853,110.66018488292582,45.0,0.0
2023-01-21T14:00:00Z,-0.8,2.0,0.0,13.0,12.6,0.0,0.0,0.0,-8.94193084208853,110.66018488292582,50.0,0.0
2023-01-21T14:00:00Z,-0.8,2.0,0.0,13.0,12.6,0.0,0.0,0.0,-8.94193084208853,110.66018488292582,55.0,0.0
2023-01-21T14:00:00Z,-0.8,2.0,0.0,13.0,12.6,0.0,0.0,0.0,-8.94193084208853,110.66018488292582,60.0,0.0
2023-01-21T15:00:00Z,-1.0,0.0,0.0,12.6,11.5,11.0,12.2,10.4,-0.49460300498031806,121.99803345595114,30.0,0.0
2023-01-21T15:00:00Z,-1.0,0.0,0.0,12.6,11.5,11.0,12.2,10.4,-0.49460300498031806,121.99803345595114,35.0,0.0
2023-01-21T15:00:00Z,-1.0,0.0,0.0,12.6,11.5,11.0,12.2,10.4,-0.49460300498031806,121.99803345595114,40.0,0.0
2023-01-21T15:00:00Z,-1.0,0.0,0.0,12.6,11.5,11.0,12.2,10.4,-0.49460300498031806,121.99803345595114,45.0,0.0
2023-01-21T15:00:00Z,-1.0,0.0,0.0,12.6,11.5,11.0,12.2,10.4,-0.49460300498031806,121.99803345595114,50.0,0.0
2023-01-21T15:00:00Z,-1.0,0.0,0.0,12.6,11.5,11.0,12.2,10.4,-0.49460300498031806,121.99803345595114,55.0,0.0
2023-01-21T15:00:00Z,-1.0,0.0,0.0,12.6,11.5,11.0,12.2,10.4,-0.49460300498031806,121.99803345595114,60.0,0.0
2023-01-21T16:00:00Z,-1.2,0.0,0.0,11.5,15.1,78.0,206.3,53.3,6.936568392923257,134.00885574638335,30.0,1.4403929261934005
2023-01-21T16:00:00Z,-1.2,0.0,0.0,11.5,15.1,78.0,206.3,53.3,6.936568392923257,134.00885574638335,35.0,1.542582933723157
2023-01-21T16:00:00Z,-1.2,0.0,0.0,11.5,15.1,78.0,206.3,53.3,6.936568392923257,134.00885574638335,40.0,1.634670177607119
2023-01-21T16:00:00Z,-1.2,0.0,0.0,11.5,15.1,78.0,206.3,53.3,6.936568392923257,134.00885574638335,45.0,1.7160245796154916
2023-01-21T16:00:00Z,-1.2,0.0,0.0,11.5,15.1,78.0,206.3,53.3,6.936568392923257,134.00885574638335,50.0,1.7860935925596668
2023-01-21T16:00:00Z,-1.2,0.0,0.0,11.5,15.1,78.0,206.3,53.3,6.936568392923257,134.00885574638335,55.0,1.8444044100594637
2023-01-21T16:00:00Z,-1.2,0.0,0.0,11.5,15.1,78.0,206.3,53.3,6.936568392923257,134.00885574638335,60.0,1.8905657563616782
2023-01-21T17:00:00Z,-0.5,2.0,0.0,10.8,10.8,189.0,429.1,93.6,12.942001329960474,146.9691783714302,30.0,3.450909590694132
2023-01-21T17:00:00Z,-0.5,2.0,0.0,10.8,10.8,189.0,429.1,93.6,12.942001329960474,146.9691783714302,35.0,3.6768602219008524
2023-01-21T17:00:00Z,-0.5,2.0,0.0,10.8,10.8,189.0,429.1,93.6,12.942001329960474,146.9691783714302,40.0,3.8777602956972665
2023-01-21T17:00:00Z,-0.5,2.0,0.0,10.8,10.8,189.0,429.1,93.6,12.942001329960474,146.9691783714302,45.0,4.052495260635215
2023-01-21T17:00:00Z,-0.5,2.0,0.0,10.8,10.8,189.0,429.1,93.6,12.942001329960474,146.9691783714302,50.0,4.200117614709537
2023-01-21T17:00:00Z,-0.5,2.0,0.0,10.8,10.8,189.0,429.1,93.6,12.942001329960474,146.9691783714302,55.0,4.319842916165993
2023-01-21T17:00:00Z,-0.5,2.0,0.0,10.8,10.8,189.0,429.1,93.6,12.942001329960474,146.9691783714302,60.0,4.4110458530150805
2023-01-21T18:00:00Z,2.6,0.0,0.0,10.8,12.6,267.0,529.6,112.4,17.09304157780548,160.92923300583948,30.0,4.609304242624149
2023-01-21T18:00:00Z,2.6,0.0,0.0,10.8,12.6,267.0,529.6,112.4,17.09304157780548,160.92923300583948,35.0,4.889969197976093
2023-01-21T18:00:00Z,2.6,0.0,0.0,10.8,12.6,267.0,529.6,112.4,17.09304157780548,160.92923300583948,40.0,5.1371241454085865
2023-01-21T18:00:00Z,2.6,0.0,0.0,10.8,12.6,267.0,529.6,112.4,17.09304157780548,160.92923300583948,45.0,5.349617196270196
2023-01-21T18:00:00Z,2.6,0.0,0.0,10.8,12.6,267.0,529.6,112.4,17.09304157780548,160.92923300583948,50.0,5.526494159772444
2023-01-21T18:00:00Z,2.6,0.0,0.0,10.8,12.6,267.0,529.6,112.4,17.09304157780548,160.92923300583948,55.0,5.666986647074488
2023-01-21T18:00:00Z,2.6,0.0,0.0,10.8,12.6,267.0,529.6,112.4,17.09304157780548,160.92923300583948,60.0,5.770501288258812
2023-01-21T19:00:00Z,2.5,3.0,0.0,9.0,11.2,300.0,559.4,119.0,19.019309925809157,175.62861397471772,30.0,5.059264200106187
2023-01-21T19:00:00Z,2.5,3.0,0.0,9.0,11.2,300.0,559.4,119.0,19.019309925809157,175.62861397471772,35.0,5.3566051473037275
2023-01-21T19:00:00Z,2.5,3.0,0.0,9.0,11.2,300.0,559.4,119.0,19.019309925809157,175.62861397471772,40.0,5.617285977458602
2023-01-21T19:00:00Z,2.5,3.0,0.0,9.0,11.2,300.0,559.4,119.0,19.019309925809157,175.62861397471772,45.0,5.840205631853587
2023-01-21T19:00:00Z,2.5,3.0,0.0,9.0,11.2,300.0,559.4,119.0,19.019309925809157,175.62861397471772,50.0,6.024465225223971
2023-01-21T19:00:00Z,2.5,3.0,0.0,9.0,11.2,300.0,559.4,119.0,19.019309925809157,175.62861397471772,55.0,6.16935196333106
2023-01-21T19:00:00Z,2.5,3.0,0.0,9.0,11.2,300.0,559.4,119.0,19.019309925809157,175.62861397471772,60.0,6.274324829713874
2023-01-21T20:00:00Z,3.6,9.0,0.0,7.9,6.5,267.0,474.2,117.6,18.522563932976553,190.5200171692778,30.0,4.388046876051971
2023-01-21T20:00:00Z,3.6,9.0,0.0,7.9,6.5,267.0,474.2,117.6,18.522563932976553,190.5200171692778,35.0,4.6400990452901585
2023-01-21T20:00:00Z,3.6,9.0,0.0,7.9,6.5,267.0,474.2,117.6,18.522563932976553,190.5200171692778,40.0,4.86096879578387
2023-01-21T20:00:00Z,3.6,9.0,0.0,7.9,6.5,267.0,474.2,117.6,18.522563932976553,190.5200171692778,45.0,5.049610227697825
2023-01-21T20:00:00Z,3.6,9.0,0.0,7.9,6.5,267.0,474.2,117.6,18.522563932976553,190.5200171692778,50.0,5.20515987496118
2023-01-21T20:00:00Z,3.6,9.0,0.0,7.9,6.5,267.0,474.2,117.6,18.522563932976553,190.5200171692778,55.0,5.326926695615988
2023-01-21T20:00:00Z,3.6,9.0,0.0,7.9,6.5,267.0,474.2,117.6,18.522563932976553,190.5200171692778,60.0,5.414383099184064
2023-01-21T21:00:00Z,3.9,33.0,0.0,6.5,5.8,222.0,434.9,105.7,15.655985140816732,204.97358836385163,30.0,3.760577166498858
2023-01-21T21:00:00Z,3.9,33.0,0.0,6.5,5.8,222.0,434.9,105.7,15.655985140816732,204.97358836385163,35.0,3.9876750875148628
2023-01-21T21:00:00Z,3.9,33.0,0.0,6.5,5.8,222.0,434.9,105.7,15.655985140816732,204.97358836385163,40.0,4.187938118131564
2023-01-21T21:00:00Z,3.9,33.0,0.0,6.5,5.8,222.0,434.9,105.7,15.655985140816732,204.97358836385163,45.0,4.360335094322888
2023-01-21T21:00:00Z,3.9,33.0,0.0,6.5,5.8,222.0,434.9,105.7,15.655985140816732,204.97358836385163,50.0,4.504002653704267
2023-01-21T21:00:00Z,3.9,33.0,0.0,6.5,5.8,222.0,434.9,105.7,15.655985140816732,204.97358836385163,55.0,4.618238711662415
2023-01-21T21:00:00Z,3.9,33.0,0.0,6.5,5.8,222.0,434.9,105.7,15.655985140816732,204.97358836385163,60.0,4.702496419863395
2023-01-21T22:00:00Z,3.8,56.0,0.0,5.4,6.1,122.0,244.0,77.3,10.701741868801658,218.54430825304968,30.0,2.0044588057280217
2023-01-21T22:00:00Z,3.8,56.0,0.0,5.4,6.1,122.0,244.0,77.3,10.701741868801658,218.54430825304968,35.0,2.1259075475402818
2023-01-21T22:00:00Z,3.8,56.0,0.0,5.4,6.1,122.0,244.0,77.3,10.701741868801658,218.54430825304968,40.0,2.233740444773195
2023-01-21T22:00:00Z,3.8,56.0,0.0,5.4,6.1,122.0,244.0,77.3,10.701741868801658,218.54430825304968,45.0,2.3272644289911577
2023-01-21T22:00:00Z,3.8,56.0,0.0,5.4,6.1,122.0,244.0,77.3,10.701741868801658,218.54430825304968,50.0,2.4058847730900093
2023-01-21T22:00:00Z,3.8,56.0,0.0,5.4,6.1,122.0,244.0,77.3,10.701741868801658,218.54430825304968,55.0,2.4691061318310683
2023-01-21T22:00:00Z,3.8,56.0,0.0,5.4,6.1,122.0,244.0,77.3,10.701741868801658,218.54430825304968,60.0,2.516533249524386
2023-01-21T23:00:00Z,3.3,86.0,0.0,5.8,5.8,22.0,13.5,20.9,4.067028389537131,231.10487957939893,30.0,0.17735287368135225
2023-01-21T23:00:00Z,3.3,86.0,0.0,5.8,5.8,22.0,13.5,20.9,4.067028389537131,231.10487957939893,35.0,0.1802041143363312
2023-01-21T23:00:00Z,3.3,86.0,0.0,5.8,5.8,22.0,13.5,20.9,4.067028389537131,231.10487957939893,40.0,0.18212826146767985
2023-01-21T23:00:00Z,3.3,86.0,0.0,5.8,5.8,22.0,13.5,20.9,4.067028389537131,231.10487957939893,45.0,0.18311081205224639
2023-01-21T23:00:00Z,3.3,86.0,0.0,5.8,5.8,22.0,13.5,20.9,4.067028389537131,231.10487957939893,50.0,0.18314436108842982
2023-01-21T23:00:00Z,3.3,86.0,0.0,5.8,5.8,22.0,13.5,20.9,4.067028389537131,231.10487957939893,55.0,0.18222865574378966
2023-01-21T23:00:00Z,3.3,86.0,0.0,5.8,5.8,22.0,13.5,20.9,4.067028389537131,231.10487957939893,60.0,0.18037059720352125
2023-04-15T00:00:00Z,4.3,0.0,0.0,7.6,5.8,281.0,539.4,115.6,17.878519856911055,263.09164945373027,30.0,2.49552422056425
2023-04-15T00:00:00Z,4.3,0.0,0.0,7.6,5.8,281.0,539.4,115.6,17.878519856911055,263.09164945373027,35.0,2.458069621965675
2023-04-15T00:00:00Z,4.3,0.0,0.0,7.6,5.8,281.0,539.4,115.6,17.878519856911055,263.09164945373027,40.0,2.4061238431121716
2023-04-15T00:00:00Z,4.3,0.0,0.0,7.6,5.8,281.0,539.4,115.6,17.878519856911055,263.09164945373027,45.0,2.340019151235506
2023-04-15T00:00:00Z,4.3,0.0,0.0,7.6,5.8,281.0,539.4,115.6,17.878519856911055,263.09164945373027,50.0,2.260180965150594
2023-04-15T00:00:00Z,4.3,0.0,0.0,7.6,5.8,281.0,539.4,115.6,17.878519856911055,263.09164945373027,55.0,2.16712693043418
2023-04-15T00:00:00Z,4.3,0.0,0.0,7.6,5.8,281.0,539.4,115.6,17.878519856911055,263.09164945373027,60.0,2.061465662620866
2023-04-15T01:00:00Z,3.7,0.0,0.0,2.9,3.6,111.0,300.8,66.6,8.475546535826311,274.8343061341613,30.0,0.7016580150036872
2023-04-15T01:00:00Z,3.7,0.0,0.0,2.9,3.6,111.0,300.8,66.6,8.475546535826311,274.8343061341613,35.0,0.6489667529837978
2023-04-15T01:00:00Z,3.7,0.0,0.0,2.9,3.6,111.0,300.8,66.6,8.475546535826311,274.8343061341613,40.0,0.5933906614844727
2023-04-15T01:00:00Z,3.7,0.0,0.0,2.9,3.6,111.0,300.8,66.6,8.475546535826311,274.8343061341613,45.0,0.5353406608053319
2023-04-15T01:00:00Z,3.7,0.0,0.0,2.9,3.6,111.0,300.8,66.6,8.475546535826311,274.8343061341613,50.0,0.4752480581906152
2023-04-15T01:00:00Z,3.7,0.0,0.0,2.9,3.6,111.0,300.8,66.6,8.475546535826311,274.8343061341613,55.0,0.41356158482785094
2023-04-15T01:00:00Z,3.7,0.0,0.0,2.9,3.6,111.0,300.8,66.6,8.475546535826311,274.8343061341613,60.0,0.3507442437276956
2023-04-15T02:00:00Z,3.0,2.0,0.0,3.6,4.7,8.0,0.0,8.0,-0.767989557904987,286.41925992158406,30.0,0.0
2023-04-15T02:00:00Z,3.0,2.0,0.0,3.6,4.7,8.0,0.0,8.0,-0.767989557904987,286.41925992158406,35.0,0.0
2023-04-15T02:00:00Z,3.0,2.0,0.0,3.6,4.7,8.0,0.0,8.0,-0.767989557904987,286.41925992158406,40.0,0.0
2023-04-15T02:00:00Z,3.0,2.0,0.0,3.6,4.7,8.0,0.0,8.0,-0.767989557904987,286.41925992158406,45.0,0.0
2023-04-15T02:00:00Z,3.0,2.0,0.0,3.6,4.7,8.0,0.0,8.0,-0.767989557904987,286.41925992158406,50.0,0.0
2023-04-15T02:00:00Z,3.0,2.0,0.0,3.6,4.7,8.0,0.0,8.0,-0.767989557904987,286.41925992158406,55.0,0.0
2023-04-15T02:00:00Z,3.0,2.0,0.0,3.6,4.7,8.0,0.0,8.0,-0.767989557904987,286.41925992158406,60.0,0.0
2023-04-15T03:00:00Z,2.1,62.0,0.0,4.7,4.3,0.0,0.0,0.0,-9.462279350284689,298.44315986821243,30.0,0.0
2023-04-15T03:00:00Z,2.1,62.0,0.0,4.7,4.3,0.0,0.0,0.0,-9.462279350284689,298.44315986821243,35.0,0.0
2023-04-15T03:00:00Z,2.1,62.0,0.0,4.7,4.3,0.0,0.0,0.0,-9.462279350284689,298.44315986821243,40.0,0.0
2023-04-15T03:00:00Z,2.1,62.0,0.0,4.7,4.3,0.0,0.0,0.0,-9.462279350284689,298.44315986821243,45.0,0.0
2023-04-15T03:00:00Z,2.1,62.0,0.0,4.7,4.3,0.0,0.0,0.0,-9.462279350284689,298.44315986821243,50.0,0.0
2023-04-15T03:00:00Z,2.1,62.0,0.0,4.7,4.3,0.0,0.0,0.0,-9.462279350284689,298.44315986821243,55.0,0.0
2023-04-15T03:00:00Z,2.1,62.0,0.0,4.7,4.3,0.0,0.0,0.0,-9.462279350284689,298.44315986821243,60.0,0.0
2023-04-15T04:00:00Z,1.6,38.0,0.0,4.3,2.9,0.0,0.0,0.0,-17.175021547333348,311.42314019320537,30.0,0.0
2023-04-15T04:00:00Z,1.6,38.0,0.0,4.3,2.9,0.0,0.0,0.0,-17.175021547333348,311.42314019320537,35.0,0.0
2023-04-15T04:00:00Z,1.6,38.0,0.0,4.3,2.9,0.0,0.0,0.0,-17.175021547333348,311.42314019320537,40.0,0.0
2023-04-15T04:00:00Z,1.6,38.0,0.0,4.3,2.9,0.0,0.0,0.0,-17.175021547333348,311.42314019320537,45.0,0.0
2023-04-15T04:00:00Z,1.6,38.0,0.0,4.3,2.9,0.0,0.0,0.0,-17.175021547333348,311.42314019320537,50.0,0.0
2023-04-15T04:00:00Z,1.6,38.0,0.0,4.3,2.9,0.0,0.0,0.0,-17.175021547333348,311.42314019320537,55.0,0.0
2023-04-15T04:00:00Z,1.6,38.0,0.0,4.3,2.9,0.0,0.0,0.0,-17.175021547333348,311.42314019320537,60.0,0.0
2023-04-15T05:00:00Z,0.3,0.0,0.0,2.9,1.8,0.0,0.0,0.0,-23.40011157630706,325.73870412653224,30.0,0.0
2023-04-15T05:00:00Z,0.3,0.0,0.0,2.9,1.8,0.0,0.0,0.0,-23.40011157630706,325.73870412653224,35.0,0.0
2023-04-15T05:00:00Z,0.3,0.0,0.0,2.9,1.8,0.0,0.0,0.0,-23.40011157630706,325.73870412653224,40.0,0.0
2023-04-15T05:00:00Z,0.3,0.0,0.0,2.9,1.8,0.0,0.0,0.0,-23.40011157630706,325.73870412653224,45.0,0.0
2023-04-15T05:00:00Z,0.3,0.0,0.0,2.9,1.8,0.0,0.0,0.0,-23.40011157630706,325.73870412653224,50.0,0.0
2023-04-15T05:00:00Z,0.3,0.0,0.0,2.9,1.8,0.0,0.0,0.0,-23.40011157630706,325.73870412653224,55.0,0.0
2023-04-15T05:00:00Z,0.3,0.0,0.0,2.9,1.8,0.0,0.0,0.0,-23.40011157630706,325.73870412653224,60.0,0.0
2023-04-15T06:00:00Z,1.2,0.0,0.0,1.8,6.1,0.0,0.0,0.0,-27.582083961285893,341.4670708129637,30.0,0.0
2023-04-15T06:00:00Z,1.2,0.0,0.0,1.8,6.1,0.0,0.0,0.0,-27.582083961285893,341.4670708129637,35.0,0.0
2023-04-15T06:00:00Z,1.2,0.0,0.0,1.8,6.1,0.0,0.0,0.0,-27.582083961285893,341.4670708129637,40.0,0.0
2023-04-15T06:00:00Z,1.2,0.0,0.0,1.8,6.1,0.0,0.0,0.0,-27.582083961285893,341.4670708129637,45.0,0.0
2023-04-15T06:00:00Z,1.2,0.0,0.0,1.8,6.1,0.0,0.0,0.0,-27.582083961285893,341.4670708129637,50.0,0.0
2023-04-15T06:00:00Z,1.2,0.0,0.0,1.8,6.1,0.0,0.0,0.0,-27.582083961285893,341.4670708129637,55.0,0.0
2023-04-15T06:00:00Z,1.2,0.0,0.0,1.8,6.1,0.0,0.0,0.0,-27.582083961285893,341.4670708129637,60.0,0.0
2023-04-15T07:00:00Z,-2.0,0.0,0.0,6.1,7.9,0.0,0.0,0.0,-29.235424795279187,358.1873172866452,30.0,0.0
2023-04-15T07:00:00Z,-2.0,0.0,0.0,6.1,7.9,0.0,0.0,0.0,-29.235424795279187,358.1873172866452,35.0,0.0
2023-04-15T07:00:00Z,-2.0,0.0,0.0,6.1,7.9,0.0,0.0,0.0,-29.235424795279187,358.1873172866452,40.0,0.0
2023-04-15T07:00:00Z,-2.0,0.0,0.0,6.1,7.9,0.0,0.0,0.0,-29.235424795279187,358.1873172866452,45.0,0.0
2023-04-15T07:00:00Z,-2.0,0.0,0.0,6.1,7.9,0.0,0.0,0.0,-29.235424795279187,358.1873172866452,50.0,0.0
2023-04-15T07:00:00Z,-2.0,0.0,0.0,6.1,7.9,0.0,0.0,0.0,-29.235424795279187,358.1873172866452,55.0,0.0
2023-04-15T07:00:00Z,-2.0,0.0,0.0,6.1,7.9,0.0,0.0,0.0,-29.235424795279187,358.1873172866452,60.0,0.0
2023-04-15T08:00:00Z,-4.1,0.0,0.0,7.9,7.9,0.0,0.0,0.0,-28.13501876653454,15.009563872760282,30.0,0.0
2023-04-15T08:00:00Z,-4.1,0.0,0.0,7.9,7.9,0.0,0.0,0.0,-28.13501876653454,15.009563872760282,35.0,0.0
2023-04-15T08:00:00Z,-4.1,0.0,0.0,7.9,7.9,0.0,0.0,0.0,-28.13501876653454,15.009563872760282,40.0,0.0
2023-04-15T08:00:00Z,-4.1,0.0,0.0,7.9,7.9,0.0,0.0,0.0,-28.13501876653454,15.009563872760282,45.0,0.0
2023-04-15T08:00:00Z,-4.1,0.0,0.0,7.9,7.9,0.0,0.0,0.0,-28.13501876653454,15.009563872760282,50.0,0.0
2023-04-15T08:00:00Z,-4.1,0.0,0.0,7.9,7.9,0.0,0.0,0.0,-28.13501876653454,15.009563872760282,55.0,0.0
2023-04-15T08:00:00Z,-4.1,0.0,0.0,7.9,7.9,0.0,0.0,0.0,-28.13501876653454,15.009563872760282,60.0,0.0
2023-04-15T09:00:00Z,-4.9,0.0,0.0,7.9,8.6,0.0,0.0,0.0,-24.43196505142499,30.989179546623063,30.0,0.0
2023-04-15T09:00:00Z,-4.9,0.0,0.0,7.9,8.6,0.0,0.0,0.0,-24.43196505142499,30.989179546623063,35.0,0.0
2023-04-15T09:00:00Z,-4.9,0.0,0.0,7.9,8.6,0.0,0.0,0.0,-24.43196505142499,30.989179546623063,40.0,0.0
2023-04-15T09:00:00Z,-4.9,0.0,0.0,7.9,8.6,0.0,0.0,0.0,-24.43196505142499,30.989179546623063,45.0,0.0
2023-04-15T09:00:00Z,-4.9,0.0,0.0,7.9,8.6,0.0,0.0,0.0,-24.43196505142499,30.989179546623063,50.0,0.0
2023-04-15T09:00:00Z,-4.9,0.0,0.0,7.9,8.6,0.0,0.0,0.0,-24.43196505142499,30.989179546623063,55.0,0.0
2023-04-15T09:00:00Z,-4.9,0.0,0.0,7.9,8.6,0.0,0.0,0.0,-24.43196505142499,30.989179546623063,60.0,0.0
2023-04-15T10:00:00Z,-5.5,0.0,0.0,8.6,9.4,0.0,0.0,0.0,-18.573615553683464,45.593805588968166,30.0,0.0
2023-04-15T10:00:00Z,-5.5,0.0,0.0,8.6,9.4,0.0,0.0,0.0,-18.573615553683464,45.593805588968166,35.0,0.0
2023-04-15T10:00:00Z,-5.5,0.0,0.0,8.6,9.4,0.0,0.0,0.0,-18.573615553683464,45.593805588968166,40.0,0.0
2023-04-15T10:00:00Z,-5.5,0.0,0.0,8.6,9.4,0.0,0.0,0.0,-18.573615553683464,45.593805588968166,45.0,0.0
2023-04-15T10:00:00Z,-5.5,0.0,0.0,8.6,9.4,0.0,0.0,0.0,-18.573615553683464,45.593805588968166,50.0,0.0
2023-04-15T10:00:00Z,-5.5,0.0,0.0,8.6,9.4,0.0,0.0,0.0,-18.573615553683464,45.593805588968166,55.0,0.0
2023-04-15T10:00:00Z,-5.5,0.0,0.0,8.6,9.4,0.0,0.0,0.0,-18.573615553683464,45.593805588968166,60.0,0.0
2023-04-15T11:00:00Z,-5.9,0.0,0.0,9.4,6.5,0.0,0.0,0.0,-11.113499823115331,58.81155476760222,30.0,0.0
2023-04-15T11:00:00Z,-5.9,0.0,0.0,9.4,6.5,0.0,0.0,0.0,-11.113499823115331,58.81155476760222,35.0,0.0
2023-04-15T11:00:00Z,-5.9,0.0,0.0,9.4,6.5,0.0,0.0,0.0,-11.113499823115331,58.81155476760222,40.0,0.0
2023-04-15T11:00:00Z,-5.9,0.0,0.0,9.4,6.5,0.0,0.0,0.0,-11.113499823115331,58.81155476760222,45.0,0.0
2023-04-15T11:00:00Z,-5.9,0.0,0.0,9.4,6.5,0.0,0.0,0.0,-11.113499823115331,58.81155476760222,50.0,0.0
2023-04-15T11:00:00Z,-5.9,0.0,0.0,9.4,6.5,0.0,0.0,0.0,-11.113499823115331,58.81155476760222,55.0,0.0
2023-04-15T11:00:00Z,-5.9,0.0,0.0,9.4,6.5,0.0,0.0,0.0,-11.113499823115331,58.81155476760222,60.0,0.0
2023-04-15T12:00:00Z,-4.2,0.0,0.0,6.5,9.7,3.0,0.0,3.0,-2.5714538226345156,70.97607835782412,30.0,0.0
2023-04-15T12:00:00Z,-4.2,0.0,0.0,6.5,9.7,3.0,0.0,3.0,-2.5714538226345156,70.97607835782412,35.0,0.0
2023-04-15T12:00:00Z,-4.2,0.0,0.0,6.5,9.7,3.0,0.0,3.0,-2.5714538226345156,70.97607835782412,40.0,0.0
2023-04-15T12:00:00Z,-4.2,0.0,0.0,6.5,9.7,3.0,0.0,3.0,-2.5714538226345156,70.97607835782412,45.0,0.0
2023-04-15T12:00:00Z,-4.2,0.0,0.0,6.5,9.7,3.0,0.0,3.0,-2.5714538226345156,70.97607835782412,50.0,0.0
2023-04-15T12:00:00Z,-4.2,0.0,0.0,6.5,9.7,3.0,0.0,3.0,-2.5714538226345156,70.97607835782412,55.0,0.0
2023-04-15T12:00:00Z,-4.2,0.0,0.0,6.5,9.7,3.0,0.0,3.0,-2.5714538226345156,70.97607835782412,60.0,0.0
2023-04-15T13:00:00Z,-5.4,0.0,0.0,9.7,9.7,85.0,271.4,53.8,6.607768865484937,82.58355825015138,30.0,0.4483724948903127
2023-04-15T13:00:00Z,-5.4,0.0,0.0,9.7,9.7,85.0,271.4,53.8,6.607768865484937,82.58355825015138,35.0,0.3927428127924247
2023-04-15T13:00:00Z,-5.4,0.0,0.0,9.7,9.7,85.0,271.4,53.8,6.607768865484937,82.58355825015138,40.0,0.33575497871563914
2023-04-15T13:00:00Z,-5.4,0.0,0.0,9.7,9.7,85.0,271.4,53.8,6.607768865484937,82.58355825015138,45.0,0.3092847853552263
2023-04-15T13:00:00Z,-5.4,0.0,0.0,9.7,9.7,85.0,271.4,53.8,6.607768865484937,82.58355825015138,50.0,0.30152684983392203
2023-04-15T13:00:00Z,-5.4,0.0,0.0,9.7,9.7,85.0,271.4,53.8,6.607768865484937,82.58355825015138,55.0,0.2931772563447511
2023-04-15T13:00:00Z,-5.4,0.0,0.0,9.7,9.7,85.0,271.4,53.8,6.607768865484937,82.58355825015138,60.0,0.28429921761215876
2023-04-15T14:00:00Z,-3.2,0.0,0.0,9.7,20.2,254.0,525.8,109.1,16.031650543612646,94.21395422425456,30.0,2.2188010937094846
2023-04-15T14:00:00Z,-3.2,0.0,0.0,9.7,20.2,254.0,525.8,109.1,16.031650543612646,94.21395422425456,35.0,2.1693543965380293
2023-04-15T14:00:00Z,-3.2,0.0,0.0,9.7,20.2,254.0,525.8,109.1,16.031650543612646,94.21395422425456,40.0,2.1072886134840556
2023-04-15T14:00:00Z,-3.2,0.0,0.0,9.7,20.2,254.0,525.8,109.1,16.031650543612646,94.21395422425456,45.0,2.033016555125003
2023-04-15T14:00:00Z,-3.2,0.0,0.0,9.7,20.2,254.0,525.8,109.1,16.031650543612646,94.21395422425456,50.0,1.947035263808479
2023-04-15T14:00:00Z,-3.2,0.0,0.0,9.7,20.2,254.0,525.8,109.1,16.031650543612646,94.21395422425456,55.0,1.8499242700068184
2023-04-15T14:00:00Z,-3.2,0.0,0.0,9.7,20.2,254.0,525.8,109.1,16.031650543612646,94.21395422425456,60.0,1.7423434226009769
2023-04-15T15:00:00Z,0.9,0.0,0.0,7.9,22.7,431.0,694.7,134.7,25.30620837091359,106.53814947494698,30.0,4.218013264437449
2023-04-15T15:00:00Z,0.9,0.0,0.0,7.9,22.7,431.0,694.7,134.7,25.30620837091359,106.53814947494698,35.0,4.214233300773693
2023-04-15T15:00:00Z,0.9,0.0,0.0,7.9,22.7,431.0,694.7,134.7,25.30620837091359,106.53814947494698,40.0,4.184539436579881
2023-04-15T15:00:00Z,0.9,0.0,0.0,7.9,22.7,431.0,694.7,134.7,25.30620837091359,106.53814947494698,45.0,4.129088391278667
2023-04-15T15:00:00Z,0.9,0.0,0.0,7.9,22.7,431.0,694.7,134.7,25.30620837091359,106.53814947494698,50.0,4.048174526553323
2023-04-15T15:00:00Z,0.9,0.0,0.0,7.9,22.7,431.0,694.7,134.7,25.30620837091359,106.53814947494698,55.0,3.9422313316093196
2023-04-15T15:00:00Z,0.9,0.0,0.0,7.9,22.7,431.0,694.7,134.7,25.30620837091359,106.53814947494698,60.0,3.8118334517207373
2023-04-15T16:00:00Z,4.0,0.0,0.0,6.8,20.5,590.0,799.0,144.6,33.9614700090141,120.35750471444294,30.0,5.958249936682011
2023-04-15T16:00:00Z,4.0,0.0,0.0,6.8,20.5,590.0,799.0,144.6,33.9614700090141,120.35750471444294,35.0,6.002214715401905
2023-04-15T16:00:00Z,4.0,0.0,0.0,6.8,20.5,590.0,799.0,144.6,33.9614700090141,120.35750471444294,40.0,6.009260579789187
2023-04-15T16:00:00Z,4.0,0.0,0.0,6.8,20.5,590.0,799.0,144.6,33.9614700090141,120.35750471444294,45.0,5.979360986353751
2023-04-15T16:00:00Z,4.0,0.0,0.0,6.8,20.5,590.0,799.0,144.6,33.9614700090141,120.35750471444294,50.0,5.912628868792239
2023-04-15T16:00:00Z,4.0,0.0,0.0,6.8,20.5,590.0,799.0,144.6,33.9614700090141,120.35750471444294,55.0,5.809319054537081
2023-04-15T16:00:00Z,4.0,0.0,0.0,6.8,20.5,590.0,799.0,144.6,33.9614700090141,120.35750471444294,60.0,5.669833564211743
2023-04-15T17:00:00Z,6.9,0.0,0.0,5.0,8.6,715.0,854.9,151.4,41.359310790911486,136.5731260367412,30.0,7.216743414759843
2023-04-15T17:00:00Z,6.9,0.0,0.0,5.0,8.6,715.0,854.9,151.4,41.359310790911486,136.5731260367412,35.0,7.295846877871834
2023-04-15T17:00:00Z,6.9,0.0,0.0,5.0,8.6,715.0,854.9,151.4,41.359310790911486,136.5731260367412,40.0,7.3307860505064
2023-04-15T17:00:00Z,6.9,0.0,0.0,5.0,8.6,715.0,854.9,151.4,41.359310790911486,136.5731260367412,45.0,7.321480497828195
2023-04-15T17:00:00Z,6.9,0.0,0.0,5.0,8.6,715.0,854.9,151.4,41.359310790911486,136.5731260367412,50.0,7.267951518506208
2023-04-15T17:00:00Z,6.9,0.0,0.0,5.0,8.6,715.0,854.9,151.4,41.359310790911486,136.5731260367412,55.0,7.170323377323433
2023-04-15T17:00:00Z,6.9,0.0,0.0,5.0,8.6,715.0,854.9,151.4,41.359310790911486,136.5731260367412,60.0,7.0288303374594046
2023-04-15T18:00:00Z,9.5,0.0,0.0,5.0,21.6,793.0,874.3,158.8,46.6304268025691,155.83683213086692,30.0,7.938563934730428
2023-04-15T18:00:00Z,9.5,0.0,0.0,5.0,21.6,793.0,874.3,158.8,46.6304268025691,155.83683213086692,35.0,8.037531343212871
2023-04-15T18:00:00Z,9.5,0.0,0.0,5.0,21.6,793.0,874.3,158.8,46.6304268025691,155.83683213086692,40.0,8.08848503748688
2023-04-15T18:00:00Z,9.5,0.0,0.0,5.0,21.6,793.0,874.3,158.8,46.6304268025691,155.83683213086692,45.0,8.091355257173014
2023-04-15T18:00:00Z,9.5,0.0,0.0,5.0,21.6,793.0,874.3,158.8,46.6304268025691,155.83683213086692,50.0,8.046138162117067
2023-04-15T18:00:00Z,9.5,0.0,0.0,5.0,21.6,793.0,874.3,158.8,46.6304268025691,155.83683213086692,55.0,7.952895358637041
2023-04-15T18:00:00Z,9.5,0.0,0.0,5.0,21.6,793.0,874.3,158.8,46.6304268025691,155.83683213086692,60.0,7.81176132632399
2023-04-15T19:00:00Z,11.3,0.0,0.0,7.2,18.7,820.0,874.0,163.7,48.818084298819414,177.64361363577052,30.0,8.184072259187918
2023-04-15T19:00:00Z,11.3,0.0,0.0,7.2,18.7,820.0,874.0,163.7,48.818084298819414,177.64361363577052,35.0,8.29004440986386
2023-04-15T19:00:00Z,11.3,0.0,0.0,7.2,18.7,820.0,874.0,163.7,48.818084298819414,177.64361363577052,40.0,8.346554993329129
2023-04-15T19:00:00Z,11.3,0.0,0.0,7.2,18.7,820.0,874.0,163.7,48.818084298819414,177.64361363577052,45.0,8.353532890338855
2023-04-15T19:00:00Z,11.3,0.0,0.0,7.2,18.7,820.0,874.0,163.7,48.818084298819414,177.64361363577052,50.0,8.310969573036145
2023-04-15T19:00:00Z,11.3,0.0,0.0,7.2,18.7,820.0,874.0,163.7,48.818084298819414,177.64361363577052,55.0,8.218917927834074
2023-04-15T19:00:00Z,11.3,0.0,0.0,7.2,18.7,820.0,874.0,163.7,48.818084298819414,177.64361363577052,60.0,8.077499406931635
2023-04-15T20:00:00Z,12.1,0.0,0.0,12.2,19.1,805.0,878.2,159.9,47.39983797415658,199.7537439351242,30.0,8.07584210894975
2023-04-15T20:00:00Z,12.1,0.0,0.0,12.2,19.1,805.0,878.2,159.9,47.39983797415658,199.7537439351242,35.0,8.179131791722032
2023-04-15T20:00:00Z,12.1,0.0,0.0,12.2,19.1,805.0,878.2,159.9,47.39983797415658,199.7537439351242,40.0,8.232972097758319
2023-04-15T20:00:00Z,12.1,0.0,0.0,12.2,19.1,805.0,878.2,159.9,47.39983797415658,199.7537439351242,45.0,8.23726037780075
2023-04-15T20:00:00Z,12.1,0.0,0.0,12.2,19.1,805.0,878.2,159.9,47.39983797415658,199.7537439351242,50.0,8.191988581210934
2023-04-15T20:00:00Z,12.1,0.0,0.0,12.2,19.1,805.0,878.2,159.9,47.39983797415658,199.7537439351242,55.0,8.097242631528998
2023-04-15T20:00:00Z,12.1,0.0,0.0,12.2,19.1,805.0,878.2,159.9,47.39983797415658,199.7537439351242,60.0,7.953208988214155
2023-04-15T21:00:00Z,12.7,0.0,0.0,12.2,18.7,728.0,846.8,154.6,42.726605131994084,219.67513649338207,30.0,7.273610371218443
2023-04-15T21:00:00Z,12.7,0.0,0.0,12.2,18.7,728.0,846.8,154.6,42.726605131994084,219.67513649338207,35.0,7.356407554967606
2023-04-15T21:00:00Z,12.7,0.0,0.0,12.2,18.7,728.0,846.8,154.6,42.726605131994084,219.67513649338207,40.0,7.394322585128765
2023-04-15T21:00:00Z,12.7,0.0,0.0,12.2,18.7,728.0,846.8,154.6,42.726605131994084,219.67513649338207,45.0,7.387254094719727
2023-04-15T21:00:00Z,12.7,0.0,0.0,12.2,18.7,728.0,846.8,154.6,42.726605131994084,219.67513649338207,50.0,7.335220879397144
2023-04-15T21:00:00Z,12.7,0.0,0.0,12.2,18.7,728.0,846.8,154.6,42.726605131994084,219.67513649338207,55.0,7.238362739537204
2023-04-15T21:00:00Z,12.7,0.0,0.0,12.2,18.7,728.0,846.8,154.6,42.726605131994084,219.67513649338207,60.0,7.096946631323658
2023-04-15T22:00:00Z,13.1,0.0,0.0,12.2,18.7,608.0,790.0,147.6,35.717113230639846,236.5233725592464,30.0,5.998261874212488
2023-04-15T22:00:00Z,13.1,0.0,0.0,12.2,18.7,608.0,790.0,147.6,35.717113230639846,236.5233725592464,35.0,6.047191591334318
2023-04-15T22:00:00Z,13.1,0.0,0.0,12.2,18.7,608.0,790.0,147.6,35.717113230639846,236.5233725592464,40.0,6.058855142382245
2023-04-15T22:00:00Z,13.1,0.0,0.0,12.2,18.7,608.0,790.0,147.6,35.717113230639846,236.5233725592464,45.0,6.033208056488612
2023-04-15T22:00:00Z,13.1,0.0,0.0,12.2,18.7,608.0,790.0,147.6,35.717113230639846,236.5233725592464,50.0,5.970348272063179
2023-04-15T22:00:00Z,13.1,0.0,0.0,12.2,18.7,608.0,790.0,147.6,35.717113230639846,236.5233725592464,55.0,5.870518169552869
2023-04-15T22:00:00Z,13.1,0.0,0.0,12.2,18.7,608.0,790.0,147.6,35.717113230639846,236.5233725592464,60.0,5.734109474533625
2023-04-15T23:00:00Z,13.2,0.0,0.0,11.9,12.6,450.0,680.7,138.4,27.285085249473756,250.7928031293078,30.0,4.274284456436337
2023-04-15T23:00:00Z,13.2,0.0,0.0,11.9,12.6,450.0,680.7,138.4,27.285085249473756,250.7928031293078,35.0,4.278284568360312
2023-04-15T23:00:00Z,13.2,0.0,0.0,11.9,12.6,450.0,680.7,138.4,27.285085249473756,250.7928031293078,40.0,4.255991245984053
2023-04-15T23:00:00Z,13.2,0.0,0.0,11.9,12.6,450.0,680.7,138.4,27.285085249473756,250.7928031293078,45.0,4.207519875282587
2023-04-15T23:00:00Z,13.2,0.0,0.0,11.9,12.6,450.0,680.7,138.4,27.285085249473756,250.7928031293078,50.0,4.133122608088121
2023-04-15T23:00:00Z,13.2,0.0,0.0,11.9,12.6,450.0,680.7,138.4,27.285085249473756,250.7928031293078,55.0,4.033189846664561
2023-04-15T23:00:00Z,13.2,0.0,0.0,11.9,12.6,450.0,680.7,138.4,27.285085249473756,250.7928031293078,60.0,3.9082524039742554
2023-04-16T00:00:00Z,13.7,0.0,0.0,7.2,15.5,264.0,474.9,116.5,18.11753678110409,263.37808690710267,30.0,2.244369858275356
2023-04-16T00:00:00Z,13.7,0.0,0.0,7.2,15.5,264.0,474.9,116.5,18.11753678110409,263.37808690710267,35.0,2.2074857129764203
2023-04-16T00:00:00Z,13.7,0.0,0.0,7.2,15.5,264.0,474.9,116.5,18.11753678110409,263.37808690710267,40.0,2.157898507326447
2023-04-16T00:00:00Z,13.7,0.0,0.0,7.2,15.5,264.0,474.9,116.5,18.11753678110409,263.37808690710267,45.0,2.0959299697627483
2023-04-16T00:00:00Z,13.7,0.0,0.0,7.2,15.5,264.0,474.9,116.5,18.11753678110409,263.37808690710267,50.0,2.0219845784182895
2023-04-16T00:00:00Z,13.7,0.0,0.0,7.2,15.5,264.0,474.9,116.5,18.11753678110409,263.37808690710267,55.0,1.936548487207901
2023-04-16T00:00:00Z,13.7,0.0,0.0,7.2,15.5,264.0,474.9,116.5,18.11753678110409,263.37808690710267,60.0,1.8401881163131182
2023-04-16T01:00:00Z,12.6,4.0,0.0,10.1,16.6,95.0,200.1,64.7,8.713787422361277,275.11034249594246,30.0,0.6053913358502967
2023-04-16T01:00:00Z,12.6,4.0,0.0,10.1,16.6,95.0,200.1,64.7,8.713787422361277,275.11034249594246,35.0,0.5670909276359614
2023-04-16T01:00:00Z,12.6,4.0,0.0,10.1,16.6,95.0,200.1,64.7,8.713787422361277,275.11034249594246,40.0,0.5264945061431667
2023-04-16T01:00:00Z,12.6,4.0,0.0,10.1,16.6,95.0,200.1,64.7,8.713787422361277,275.11034249594246,45.0,0.4839042395283471
2023-04-16T01:00:00Z,12.6,4.0,0.0,10.1,16.6,95.0,200.1,64.7,8.713787422361277,275.11034249594246,50.0,0.439638209988362
2023-04-16T01:00:00Z,12.6,4.0,0.0,10.1,16.6,95.0,200.1,64.7,8.713787422361277,275.11034249594246,55.0,0.3940281771626343
2023-04-16T01:00:00Z,12.6,4.0,0.0,10.1,16.6,95.0,200.1,64.7,8.713787422361277,275.11034249594246,60.0,0.3485659173584509
2023-04-16T02:00:00Z,11.3,6.0,0.0,9.7,9.7,8.0,0.0,8.0,-0.5215281848826209,286.6846452432829,30.0,0.0
2023-04-16T02:00:00Z,11.3,6.0,0.0,9.7,9.7,8.0,0.0,8.0,-0.5215281848826209,286.6846452432829,35.0,0.0
2023-04-16T02:00:00Z,11.3,6.0,0.0,9.7,9.7,8.0,0.0,8.0,-0.5215281848826209,286.6846452432829,40.0,0.0
2023-04-16T02:00:00Z,11.3,6.0,0.0,9.7,9.7,8.0,0.0,8.0,-0.5215281848826209,286.6846452432829,45.0,0.0
2023-04-16T02:00:00Z,11.3,6.0,0.0,9.7,9.7,8.0,0.0,8.0,-0.5215281848826209,286.6846452432829,50.0,0.0
2023-04-16T02:00:00Z,11.3,6.0,0.0,9.7,9.7,8.0,0.0,8.0,-0.5215281848826209,286.6846452432829,55.0,0.0
2023-04-16T02:00:00Z,11.3,6.0,0.0,9.7,9.7,8.0,0.0,8.0,-0.5215281848826209,286.6846452432829,60.0,0.0
2023-04-16T03:00:00Z,9.2,7.0,0.0,9.7,9.7,0.0,0.0,0.0,-9.19959644729376,298.69564310097593,30.0,0.0
2023-04-16T03:00:00Z,9.2,7.0,0.0,9.7,9.7,0.0,0.0,0.0,-9.19959644729376,298.69564310097593,35.0,0.0
2023-04-16T03:00:00Z,9.2,7.0,0.0,9.7,9.7,0.0,0.0,0.0,-9.19959644729376,298.69564310097593,40.0,0.0
2023-04-16T03:00:00Z,9.2,7.0,0.0,9.7,9.7,0.0,0.0,0.0,-9.19959644729376,298.69564310097593,45.0,0.0
2023-04-16T03:00:00Z,9.2,7.0,0.0,9.7,9.7,0.0,0.0,0.0,-9.19959644729376,298.69564310097593,50.0,0.0
2023-04-16T03:00:00Z,9.2,7.0,0.0,9.7,9.7,0.0,0.0,0.0,-9.19959644729376,298.69564310097593,55.0,0.0
2023-04-16T03:00:00Z,9.2,7.0,0.0,9.7,9.7,0.0,0.0,0.0,-9.19959644729376,298.69564310097593,60.0,0.0
2023-04-16T04:00:00Z,7.2,9.0,0.0,9.4,9.0,0.0,0.0,0.0,-16.88953450852279,311.6557901101857,30.0,0.0
2023-04-16T04:00:00Z,7.2,9.0,0.0,9.4,9.0,0.0,0.0,0.0,-16.88953450852279,311.6557901101857,35.0,0.0
2023-04-16T04:00:00Z,7.2,9.0,0.0,9.4,9.0,0.0,0.0,0.0,-16.88953450852279,311.6557901101857,40.0,0.0
2023-04-16T04:00:00Z,7.2,9.0,0.0,9.4,9.0,0.0,0.0,0.0,-16.88953450852279,311.6557901101857,45.0,0.0
2023-04-16T04:00:00Z,7.2,9.0,0.0,9.4,9.0,0.0,0.0,0.0,-16.88953450852279,311.6557901101857,50.0,0.0
2023-04-16T04:00:00Z,7.2,9.0,0.0,9.4,9.0,0.0,0.0,0.0,-16.88953450852279,311.6557901101857,55.0,0.0
2023-04-16T04:00:00Z,7.2,9.0,0.0,9.4,9.0,0.0,0.0,0.0,-16.88953450852279,311.6557901101857,60.0,0.0
2023-04-16T05:00:00Z,5.9,13.0,0.0,9.0,8.3,0.0,0.0,0.0,-23.08801087513179,325.93787033757076,30.0,0.0
2023-04-16T05:00:00Z,5.9,13.0,0.0,9.0,8.3,0.0,0.0,0.0,-23.08801087513179,325.93787033757076,35.0,0.0
2023-04-16T05:00:00Z,5.9,13.0,0.0,9.0,8.3,0.0,0.0,0.0,-23.08801087513179,325.93787033757076,40.0,0.0
2023-04-16T05:00:00Z,5.9,13.0,0.0,9.0,8.3,0.0,0.0,0.0,-23.08801087513179,325.93787033757076,45.0,0.0
2023-04-16T05:00:00Z,5.9,13.0,0.0,9.0,8.3,0.0,0.0,0.0,-23.08801087513179,325.93787033757076,50.0,0.0
2023-04-16T05:00:00Z,5.9,13.0,0.0,9.0,8.3,0.0,0.0,0.0,-23.08801087513179,325.93787033757076,55.0,0.0
2023-04-16T05:00:00Z,5.9,13.0,0.0,9.0,8.3,0.0,0.0,0.0,-23.08801087513179,325.93787033757076,60.0,0.0
2023-04-16T06:00:00Z,7.5,0.0,0.0,8.3,7.6,0.0,0.0,0.0,-27.244519239512794,341.6133298515939,30.0,0.0
2023-04-16T06:00:00Z,7.5,0.0,0.0,8.3,7.6,0.0,0.0,0.0,-27.244519239512794,341.6133298515939,35.0,0.0
2023-04-16T06:00:00Z,7.5,0.0,0.0,8.3,7.6,0.0,0.0,0.0,-27.244519239512794,341.6133298515939,40.0,0.0
2023-04-16T06:00:00Z,7.5,0.0,0.0,8.3,7.6,0.0,0.0,0.0,-27.244519239512794,341.6133298515939,45.0,0.0
2023-04-16T06:00:00Z,7.5,0.0,0.0,8.3,7.6,0.0,0.0,0.0,-27.244519239512794,341.6133298515939,50.0,0.0
2023-04-16T06:00:00Z,7.5,0.0,0.0,8.3,7.6,0.0,0.0,0.0,-27.244519239512794,341.6133298515939,55.0,0.0
2023-04-16T06:00:00Z,7.5,0.0,0.0,8.3,7.6,0.0,0.0,0.0,-27.244519239512794,341.6133298515939,60.0,0.0
2023-04-16T07:00:00Z,4.3,15.0,0.0,7.2,7.2,0.0,0.0,0.0,-28.87993464650388,358.2627294642128,30.0,0.0
2023-04-16T07:00:00Z,4.3,15.0,0.0,7.2,7.2,0.0,0.0,0.0,-28.87993464650388,358.2627294642128,35.0,0.0
2023-04-16T07:00:00Z,4.3,15.0,0.0,7.2,7.2,0.0,0.0,0.0,-28.87993464650388,358.2627294642128,40.0,0.0
2023-04-16T07:00:00Z,4.3,15.0,0.0,7.2,7.2,0.0,0.0,0.0,-28.87993464650388,358.2627294642128,45.0,0.0
2023-04-16T07:00:00Z,4.3,15.0,0.0,7.2,7.2,0.0,0.0,0.0,-28.87993464650388,358.2627294642128,50.0,0.0
2023-04-16T07:00:00Z,4.3,15.0,0.0,7.2,7.2,0.0,0.0,0.0,-28.87993464650388,358.2627294642128,55.0,0.0
2023-04-16T07:00:00Z,4.3,15.0,0.0,7.2,7.2,0.0,0.0,0.0,-28.87993464650388,358.2627294642128,60.0,0.0
2023-04-16T08:00:00Z,4.6,18.0,0.0,7.2,7.6,0.0,0.0,0.0,-27.773591351451355,15.0085042579924,30.0,0.0
2023-04-16T08:00:00Z,4.6,18.0,0.0,7.2,7.6,0.0,0.0,0.0,-27.773591351451355,15.0085042579924,35.0,0.0
2023-04-16T08:00:00Z,4.6,18.0,0.0,7.2,7.6,0.0,0.0,0.0,-27.773591351451355,15.0085042579924,40.0,0.0
2023-04-16T08:00:00Z,4.6,18.0,0.0,7.2,7.6,0.0,0.0,0.0,-27.773591351451355,15.0085042579924,45.0,0.0
2023-04-16T08:00:00Z,4.6,18.0,0.0,7.2,7.6,0.0,0.0,0.0,-27.773591351451355,15.0085042579924,50.0,0.0
2023-04-16T08:00:00Z,4.6,18.0,0.0,7.2,7.6,0.0,0.0,0.0,-27.773591351451355,15.0085042579924,55.0,0.0
2023-04-16T08:00:00Z,4.6,18.0,0.0,7.2,7.6,0.0,0.0,0.0,-27.773591351451355,15.0085042579924,60.0,0.0
2023-04-16T09:00:00Z,4.7,11.0,0.0,7.6,7.6,0.0,0.0,0.0,-24.075938257205127,30.921675142017648,30.0,0.0
2023-04-16T09:00:00Z,4.7,11.0,0.0,7.6,7.6,0.0,0.0,0.0,-24.075938257205127,30.921675142017648,35.0,0.0
2023-04-16T09:00:00Z,4.7,11.0,0.0,7.6,7.6,0.0,0.0,0.0,-24.075938257205127,30.921675142017648,40.0,0.0
2023-04-16T09:00:00Z,4.7,11.0,0.0,7.6,7.6,0.0,0.0,0.0,-24.075938257205127,30.921675142017648,45.0,0.0
2023-04-16T09:00:00Z,4.7,11.0,0.0,7.6,7.6,0.0,0.0,0.0,-24.075938257205127,30.921675142017648,50.0,0.0
2023-04-16T09:00:00Z,4.7,11.0,0.0,7.6,7.6,0.0,0.0,0.0,-24.075938257205127,30.921675142017648,55.0,0.0
2023-04-16T09:00:00Z,4.7,11.0,0.0,7.6,7.6,0.0,0.0,0.0,-24.075938257205127,30.921675142017648,60.0,0.0
2023-04-16T10:00:00Z,4.2,4.0,0.0,7.6,7.6,0.0,0.0,0.0,-18.229621031645358,45.47776573056859,30.0,0.0
2023-04-16T10:00:00Z,4.2,4.0,0.0,7.6,7.6,0.0,0.0,0.0,-18.229621031645358,45.47776573056859,35.0,0.0
2023-04-16T10:00:00Z,4.2,4.0,0.0,7.6,7.6,0.0,0.0,0.0,-18.229621031645358,45.47776573056859,40.0,0.0
2023-04-16T10:00:00Z,4.2,4.0,0.0,7.6,7.6,0.0,0.0,0.0,-18.229621031645358,45.47776573056859,45.0,0.0
2023-04-16T10:00:00Z,4.2,4.0,0.0,7.6,7.6,0.0,0.0,0.0,-18.229621031645358,45.47776573056859,50.0,0.0
2023-04-16T10:00:00Z,4.2,4.0,0.0,7.6,7.6,0.0,0.0,0.0,-18.229621031645358,45.47776573056859,55.0,0.0
2023-04-16T10:00:00Z,4.2,4.0,0.0,7.6,7.6,0.0,0.0,0.0,-18.229621031645358,45.47776573056859,60.0,0.0
2023-04-16T11:00:00Z,3.3,1.0,0.0,7.6,7.6,0.0,0.0,0.0,-10.782947815461204,58.663589870232784,30.0,0.0
2023-04-16T11:00:00Z,3.3,1.0,0.0,7.6,7.6,0.0,0.0,0.0,-10.782947815461204,58.663589870232784,35.0,0.0
2023-04-16T11:00:00Z,3.3,1.0,0.0,7.6,7.6,0.0,0.0,0.0,-10.782947815461204,58.663589870232784,40.0,0.0
2023-04-16T11:00:00Z,3.3,1.0,0.0,7.6,7.6,0.0,0.0,0.0,-10.782947815461204,58.663589870232784,45.0,0.0
2023-04-16T11:00:00Z,3.3,1.0,0.0,7.6,7.6,0.0,0.0,0.0,-10.782947815461204,58.663589870232784,50.0,0.0
2023-04-16T11:00:00Z,3.3,1.0,0.0,7.6,7.6,0.0,0.0,0.0,-10.782947815461204,58.663589870232784,55.0,0.0
2023-04-16T11:00:00Z,3.3,1.0,0.0,7.6,7.6,0.0,0.0,0.0,-10.782947815461204,58.663589870232784,60.0,0.0
2023-04-16T12:00:00Z,4.4,0.0,0.0,7.2,7.6,4.0,0.0,4.0,-2.252056261076701,70.8078021484281,30.0,0.0
2023-04-16T12:00:00Z,4.4,0.0,0.0,7.2,7.6,4.0,0.0,4.0,-2.252056261076701,70.8078021484281,35.0,0.0
2023-04-16T12:00:00Z,4.4,0.0,0.0,7.2,7.6,4.0,0.0,4.0,-2.252056261076701,70.8078021484281,40.0,0.0
2023-04-16T12:00:00Z,4.4,0.0,0.0,7.2,7.6,4.0,0.0,4.0,-2.252056261076701,70.8078021484281,45.0,0.0
2023-04-16T12:00:00Z,4.4,0.0,0.0,7.2,7.6,4.0,0.0,4.0,-2.252056261076701,70.8078021484281,50.0,0.0
2023-04-16T12:00:00Z,4.4,0.0,0.0,7.2,7.6,4.0,0.0,4.0,-2.252056261076701,70.8078021484281,55.0,0.0
2023-04-16T12:00:00Z,4.4,0.0,0.0,7.2,7.6,4.0,0.0,4.0,-2.252056261076701,70.8078021484281,60.0,0.0
2023-04-16T13:00:00Z,2.0,0.0,0.0,7.6,7.2,86.0,254.8,55.3,6.92045263211891,82.40223100368257,30.0,0.45440268981995263
2023-04-16T13:00:00Z,2.0,0.0,0.0,7.6,7.2,86.0,254.8,55.3,6.92045263211891,82.40223100368257,35.0,0.4015010870412457
2023-04-16T13:00:00Z,2.0,0.0,0.0,7.6,7.2,86.0,254.8,55.3,6.92045263211891,82.40223100368257,40.0,0.3471985493354981
2023-04-16T13:00:00Z,2.0,0.0,0.0,7.6,7.2,86.0,254.8,55.3,6.92045263211891,82.40223100368257,45.0,0.3153738989985554
2023-04-16T13:00:00Z,2.0,0.0,0.0,7.6,7.2,86.0,254.8,55.3,6.92045263211891,82.40223100368257,50.0,0.30731755151431
2023-04-16T13:00:00Z,2.0,0.0,0.0,7.6,7.2,86.0,254.8,55.3,6.92045263211891,82.40223100368257,55.0,0.29864660099909535
2023-04-16T13:00:00Z,2.0,0.0,0.0,7.6,7.2,86.0,254.8,55.3,6.92045263211891,82.40223100368257,60.0,0.28942665434181697
2023-04-16T14:00:00Z,4.3,0.0,0.0,7.2,13.3,253.0,509.9,109.7,16.343304508108787,94.02485515207684,30.0,2.1378478348892016
2023-04-16T14:00:00Z,4.3,0.0,0.0,7.2,13.3,253.0,509.9,109.7,16.343304508108787,94.02485515207684,35.0,2.088083371599663
2023-04-16T14:00:00Z,4.3,0.0,0.0,7.2,13.3,253.0,509.9,109.7,16.343304508108787,94.02485515207684,40.0,2.026256572653513
2023-04-16T14:00:00Z,4.3,0.0,0.0,7.2,13.3,253.0,509.9,109.7,16.343304508108787,94.02485515207684,45.0,1.952776774050552
2023-04-16T14:00:00Z,4.3,0.0,0.0,7.2,13.3,253.0,509.9,109.7,16.343304508108787,94.02485515207684,50.0,1.8681337019371218
2023-04-16T14:00:00Z,4.3,0.0,0.0,7.2,13.3,253.0,509.9,109.7,16.343304508108787,94.02485515207684,55.0,1.7728958245939745
2023-04-16T14:00:00Z,4.3,0.0,0.0,7.2,13.3,253.0,509.9,109.7,16.343304508108787,94.02485515207684,60.0,1.6677082948136501
2023-04-16T15:00:00Z,8.0,0.0,0.0,6.1,26.6,425.0,671.2,135.3,25.623261334901258,106.3479196809202,30.0,4.026706533905522
2023-04-16T15:00:00Z,8.0,0.0,0.0,6.1,26.6,425.0,671.2,135.3,25.623261334901258,106.3479196809202,35.0,4.0193285358535435
2023-04-16T15:00:00Z,8.0,0.0,0.0,6.1,26.6,425.0,671.2,135.3,25.623261334901258,106.3479196809202,40.0,3.9873892872260344
2023-04-16T15:00:00Z,8.0,0.0,0.0,6.1,26.6,425.0,671.2,135.3,25.623261334901258,106.3479196809202,45.0,3.931056253817981
2023-04-16T15:00:00Z,8.0,0.0,0.0,6.1,26.6,425.0,671.2,135.3,25.623261334901258,106.3479196809202,50.0,3.850626729690317
2023-04-16T15:00:00Z,8.0,0.0,0.0,6.1,26.6,425.0,671.2,135.3,25.623261334901258,106.3479196809202,55.0,3.746529417979687
2023-04-16T15:00:00Z,8.0,0.0,0.0,6.1,26.6,425.0,671.2,135.3,25.623261334901258,106.3479196809202,60.0,3.619326538596716
2023-04-16T16:00:00Z,10.1,0.0,0.0,5.8,23.0,583.0,776.9,146.2,34.2903589062315,120.179287972206,30.0,5.7259044681615014
2023-04-16T16:00:00Z,10.1,0.0,0.0,5.8,23.0,583.0,776.9,146.2,34.2903589062315,120.179287972206,35.0,5.763787558638916
2023-04-16T16:00:00Z,10.1,0.0,0.0,5.8,23.0,583.0,776.9,146.2,34.2903589062315,120.179287972206,40.0,5.766388032063156
2023-04-16T16:00:00Z,10.1,0.0,0.0,5.8,23.0,583.0,776.9,146.2,34.2903589062315,120.179287972206,45.0,5.733696168623021
2023-04-16T16:00:00Z,10.1,0.0,0.0,5.8,23.0,583.0,776.9,146.2,34.2903589062315,120.179287972206,50.0,5.66583461007048
2023-04-16T16:00:00Z,10.1,0.0,0.0,5.8,23.0,583.0,776.9,146.2,34.2903589062315,120.179287972206,55.0,5.563061041676459
2023-04-16T16:00:00Z,10.1,0.0,0.0,5.8,23.0,583.0,776.9,146.2,34.2903589062315,120.179287972206,60.0,5.425773653580224
2023-04-16T17:00:00Z,11.7,0.0,0.0,4.7,14.4,703.0,825.4,155.1,41.70431950713856,136.4342128637477,30.0,6.941570800437302
2023-04-16T17:00:00Z,11.7,0.0,0.0,4.7,14.4,703.0,825.4,155.1,41.70431950713856,136.4342128637477,35.0,7.012880704987197
2023-04-16T17:00:00Z,11.7,0.0,0.0,4.7,14.4,703.0,825.4,155.1,41.70431950713856,136.4342128637477,40.0,7.041891338947615
2023-04-16T17:00:00Z,11.7,0.0,0.0,4.7,14.4,703.0,825.4,155.1,41.70431950713856,136.4342128637477,45.0,7.028533935923372
2023-04-16T17:00:00Z,11.7,0.0,0.0,4.7,14.4,703.0,825.4,155.1,41.70431950713856,136.4342128637477,50.0,6.972840046025724
2023-04-16T17:00:00Z,11.7,0.0,0.0,4.7,14.4,703.0,825.4,155.1,41.70431950713856,136.4342128637477,55.0,6.874943276717855
2023-04-16T17:00:00Z,11.7,0.0,0.0,4.7,14.4,703.0,825.4,155.1,41.70431950713856,136.4342128637477,60.0,6.7350864823678505
2023-04-16T18:00:00Z,13.6,0.0,0.0,10.1,13.7,786.0,854.6,162.5,46.988749428052245,155.78293130004113,30.0,7.788762040752769
2023-04-16T18:00:00Z,13.6,0.0,0.0,10.1,13.7,786.0,854.6,162.5,46.988749428052245,155.78293130004113,35.0,7.8823765000721036
2023-04-16T18:00:00Z,13.6,0.0,0.0,10.1,13.7,786.0,854.6,162.5,46.988749428052245,155.78293130004113,40.0,7.928532667969723
2023-04-16T18:00:00Z,13.6,0.0,0.0,10.1,13.7,786.0,854.6,162.5,46.988749428052245,155.78293130004113,45.0,7.927141752093868
2023-04-16T18:00:00Z,13.6,0.0,0.0,10.1,13.7,786.0,854.6,162.5,46.988749428052245,155.78293130004113,50.0,7.8782063956401025
2023-04-16T18:00:00Z,13.6,0.0,0.0,10.1,13.7,786.0,854.6,162.5,46.988749428052245,155.78293130004113,55.0,7.781820879523641
2023-04-16T18:00:00Z,13.6,0.0,0.0,10.1,13.7,786.0,854.6,162.5,46.988749428052245,155.78293130004113,60.0,7.638178192748649
2023-04-16T19:00:00Z,14.7,0.0,0.0,8.6,16.6,810.0,849.3,168.7,49.174844982216975,177.7181072804933,30.0,7.97286693860709
2023-04-16T19:00:00Z,14.7,0.0,0.0,8.6,16.6,810.0,849.3,168.7,49.174844982216975,177.7181072804933,35.0,8.071716540128369
2023-04-16T19:00:00Z,14.7,0.0,0.0,8.6,16.6,810.0,849.3,168.7,49.174844982216975,177.7181072804933,40.0,8.1223841021877
2023-04-16T19:00:00Z,14.7,0.0,0.0,8.6,16.6,810.0,849.3,168.7,49.174844982216975,177.7181072804933,45.0,8.124793472644894
2023-04-16T19:00:00Z,14.7,0.0,0.0,8.6,16.6,810.0,849.3,168.7,49.174844982216975,177.7181072804933,50.0,8.078941102084036
2023-04-16T19:00:00Z,14.7,0.0,0.0,8.6,16.6,810.0,849.3,168.7,49.174844982216975,177.7181072804933,55.0,7.984895657760814
2023-04-16T19:00:00Z,14.7,0.0,0.0,8.6,16.6,810.0,849.3,168.7,49.174844982216975,177.7181072804933,60.0,7.84280533359568
2023-04-16T20:00:00Z,15.6,1.0,0.0,10.8,20.2,785.0,836.4,167.3,47.734067502277256,199.95185644713956,30.0,7.728480213532263
2023-04-16T20:00:00Z,15.6,1.0,0.0,10.8,20.2,785.0,836.4,167.3,47.734067502277256,199.95185644713956,35.0,7.8216503434766445
2023-04-16T20:00:00Z,15.6,1.0,0.0,10.8,20.2,785.0,836.4,167.3,47.734067502277256,199.95185644713956,40.0,7.86779316324233
2023-04-16T20:00:00Z,15.6,1.0,0.0,10.8,20.2,785.0,836.4,167.3,47.734067502277256,199.95185644713956,45.0,7.866817586734424
2023-04-16T20:00:00Z,15.6,1.0,0.0,10.8,20.2,785.0,836.4,167.3,47.734067502277256,199.95185644713956,50.0,7.81872551672013
2023-04-16T20:00:00Z,15.6,1.0,0.0,10.8,20.2,785.0,836.4,167.3,47.734067502277256,199.95185644713956,55.0,7.723611985016034
2023-04-16T20:00:00Z,15.6,1.0,0.0,10.8,20.2,785.0,836.4,167.3,47.734067502277256,199.95185644713956,60.0,7.581672022450061
2023-04-16T21:00:00Z,16.2,1.0,0.0,13.3,21.2,701.0,789.7,163.2,43.02702244385659,219.9454399426681,30.0,6.893503574700104
2023-04-16T21:00:00Z,16.2,1.0,0.0,13.3,21.2,701.0,789.7,163.2,43.02702244385659,219.9454399426681,35.0,6.966067367449725
2023-04-16T21:00:00Z,16.2,1.0,0.0,13.3,21.2,701.0,789.7,163.2,43.02702244385659,219.9454399426681,40.0,6.996237009947535
2023-04-16T21:00:00Z,16.2,1.0,0.0,13.3,21.2,701.0,789.7,163.2,43.02702244385659,219.9454399426681,45.0,6.983921531404003
2023-04-16T21:00:00Z,16.2,1.0,0.0,13.3,21.2,701.0,789.7,163.2,43.02702244385659,219.9454399426681,50.0,6.929157966159809
2023-04-16T21:00:00Z,16.2,1.0,0.0,13.3,21.2,701.0,789.7,163.2,43.02702244385659,219.9454399426681,55.0,6.8321126752056305
2023-04-16T21:00:00Z,16.2,1.0,0.0,13.3,21.2,701.0,789.7,163.2,43.02702244385659,219.9454399426681,60.0,6.693087166602232
2023-04-16T22:00:00Z,16.4,3.0,0.0,13.7,24.1,568.0,699.2,157.9,35.98649915663227,236.81748266617038,30.0,5.505676935083642
2023-04-16T22:00:00Z,16.4,3.0,0.0,13.7,24.1,568.0,699.2,157.9,35.98649915663227,236.81748266617038,35.0,5.543410775269239
2023-04-16T22:00:00Z,16.4,3.0,0.0,13.7,24.1,568.0,699.2,157.9,35.98649915663227,236.81748266617038,40.0,5.54726444307557
2023-04-16T22:00:00Z,16.4,3.0,0.0,13.7,24.1,568.0,699.2,157.9,35.98649915663227,236.81748266617038,45.0,5.517221534396753
2023-04-16T22:00:00Z,16.4,3.0,0.0,13.7,24.1,568.0,699.2,157.9,35.98649915663227,236.81748266617038,50.0,5.453410252807485
2023-04-16T22:00:00Z,16.4,3.0,0.0,13.7,24.1,568.0,699.2,157.9,35.98649915663227,236.81748266617038,55.0,5.356105321224379
2023-04-16T22:00:00Z,16.4,3.0,0.0,13.7,24.1,568.0,699.2,157.9,35.98649915663227,236.81748266617038,60.0,5.225731959657808
2023-04-16T23:00:00Z,16.3,4.0,0.0,15.1,23.4,407.0,564.1,146.6,27.533149970147146,251.08604808589448,30.0,3.7825007749059876
2023-04-16T23:00:00Z,16.3,4.0,0.0,15.1,23.4,407.0,564.1,146.6,27.533149970147146,251.08604808589448,35.0,3.7788894428695476
2023-04-16T23:00:00Z,16.3,4.0,0.0,15.1,23.4,407.0,564.1,146.6,27.533149970147146,251.08604808589448,40.0,3.752571642784357
2023-04-16T23:00:00Z,16.3,4.0,0.0,15.1,23.4,407.0,564.1,146.6,27.533149970147146,251.08604808589448,45.0,3.7036952800621843
2023-04-16T23:00:00Z,16.3,4.0,0.0,15.1,23.4,407.0,564.1,146.6,27.533149970147146,251.08604808589448,50.0,3.632536317990314
2023-04-16T23:00:00Z,16.3,4.0,0.0,15.1,23.4,407.0,564.1,146.6,27.533149970147146,251.08604808589448,55.0,3.5394994946297667
2023-04-16T23:00:00Z,16.3,4.0,0.0,15.1,23.4,407.0,564.1,146.6,27.533149970147146,251.08604808589448,60.0,3.425119261628441
2023-04-17T00:00:00Z,16.4,0.0,0.0,16.9,27.4,198.0,249.6,119.5,18.355097204417312,263.66212954268826,30.0,1.626700923309347
2023-04-17T00:00:00Z,16.4,0.0,0.0,16.9,27.4,198.0,249.6,119.5,18.355097204417312,263.66212954268826,35.0,1.596585425699173
2023-04-17T00:00:00Z,16.4,0.0,0.0,16.9,27.4,198.0,249.6,119.5,18.355097204417312,263.66212954268826,40.0,1.5584787831785314
2023-04-17T00:00:00Z,16.4,0.0,0.0,16.9,27.4,198.0,249.6,119.5,18.355097204417312,263.66212954268826,45.0,1.512647857003764
2023-04-17T00:00:00Z,16.4,0.0,0.0,16.9,27.4,198.0,249.6,119.5,18.355097204417312,263.66212954268826,50.0,1.4594147495263652
2023-04-17T00:00:00Z,16.4,0.0,0.0,16.9,27.4,198.0,249.6,119.5,18.355097204417312,263.66212954268826,55.0,1.3991551556973556
2023-04-17T00:00:00Z,16.4,0.0,0.0,16.9,27.4,198.0,249.6,119.5,18.355097204417312,263.66212954268826,60.0,1.3322963900594083
2023-04-17T01:00:00Z,15.3,78.0,0.0,14.8,31.3,31.0,4.1,30.4,8.950799233706459,275.38367236636674,30.0,0.19771489708685838
2023-04-17T01:00:00Z,15.3,78.0,0.0,14.8,31.3,31.0,4.1,30.4,8.950799233706459,275.38367236636674,35.0,0.19223738195050954
2023-04-17T01:00:00Z,15.3,78.0,0.0,14.8,31.3,31.0,4.1,30.4,8.950799233706459,275.38367236636674,40.0,0.18608384319843807
2023-04-17T01:00:00Z,15.3,78.0,0.0,14.8,31.3,31.0,4.1,30.4,8.950799233706459,275.38367236636674,45.0,0.1793008127884409
2023-04-17T01:00:00Z,15.3,78.0,0.0,14.8,31.3,31.0,4.1,30.4,8.950799233706459,275.38367236636674,50.0,0.17193960778469816
2023-04-17T01:00:00Z,15.3,78.0,0.0,14.8,31.3,31.0,4.1,30.4,8.950799233706459,275.38367236636674,55.0,0.16405594909267976
2023-04-17T01:00:00Z,15.3,78.0,0.0,14.8,31.3,31.0,4.1,30.4,8.950799233706459,275.38367236636674,60.0,0.15581027029904732
2023-04-17T02:00:00Z,14.5,82.0,0.0,16.2,32.0,3.0,0.0,3.0,-0.27618308034773636,286.9470187986855,30.0,0.0
2023-04-17T02:00:00Z,14.5,82.0,0.0,16.2,32.0,3.0,0.0,3.0,-0.27618308034773636,286.9470187986855,35.0,0.0
2023-04-17T02:00:00Z,14.5,82.0,0.0,16.2,32.0,3.0,0.0,3.0,-0.27618308034773636,286.9470187986855,40.0,0.0
2023-04-17T02:00:00Z,14.5,82.0,0.0,16.2,32.0,3.0,0.0,3.0,-0.27618308034773636,286.9470187986855,45.0,0.0
2023-04-17T02:00:00Z,14.5,82.0,0.0,16.2,32.0,3.0,0.0,3.0,-0.27618308034773636,286.9470187986855,50.0,0.0
2023-04-17T02:00:00Z,14.5,82.0,0.0,16.2,32.0,3.0,0.0,3.0,-0.27618308034773636,286.9470187986855,55.0,0.0
2023-04-17T02:00:00Z,14.5,82.0,0.0,16.2,32.0,3.0,0.0,3.0,-0.27618308034773636,286.9470187986855,60.0,0.0
2023-04-17T03:00:00Z,12.7,53.0,0.0,17.3,31.0,0.0,0.0,0.0,-8.938057624374041,298.9447992842837,30.0,0.0
2023-04-17T03:00:00Z,12.7,53.0,0.0,17.3,31.0,0.0,0.0,0.0,-8.938057624374041,298.9447992842837,35.0,0.0
2023-04-17T03:00:00Z,12.7,53.0,0.0,17.3,31.0,0.0,0.0,0.0,-8.938057624374041,298.9447992842837,40.0,0.0
2023-04-17T03:00:00Z,12.7,53.0,0.0,17.3,31.0,0.0,0.0,0.0,-8.938057624374041,298.9447992842837,45.0,0.0
2023-04-17T03:00:00Z,12.7,53.0,0.0,17.3,31.0,0.0,0.0,0.0,-8.938057624374041,298.9447992842837,50.0,0.0
2023-04-17T03:00:00Z,12.7,53.0,0.0,17.3,31.0,0.0,0.0,0.0,-8.938057624374041,298.9447992842837,55.0,0.0
2023-04-17T03:00:00Z,12.7,53.0,0.0,17.3,31.0,0.0,0.0,0.0,-8.938057624374041,298.9447992842837,60.0,0.0
2023-04-17T04:00:00Z,11.4,23.0,0.0,16.2,24.8,0.0,0.0,0.0,-16.60538567203708,311.8848382678631,30.0,0.0
2023-04-17T04:00:00Z,11.4,23.0,0.0,16.2,24.8,0.0,0.0,0.0,-16.60538567203708,311.8848382678631,35.0,0.0
2023-04-17T04:00:00Z,11.4,23.0,0.0,16.2,24.8,0.0,0.0,0.0,-16.60538567203708,311.8848382678631,40.0,0.0
2023-04-17T04:00:00Z,11.4,23.0,0.0,16.2,24.8,0.0,0.0,0.0,-16.60538567203708,311.8848382678631,45.0,0.0
2023-04-17T04:00:00Z,11.4,23.0,0.0,16.2,24.8,0.0,0.0,0.0,-16.60538567203708,311.8848382678631,50.0,0.0
2023-04-17T04:00:00Z,11.4,23.0,0.0,16.2,24.8,0.0,0.0,0.0,-16.60538567203708,311.8848382678631,55.0,0.0
2023-04-17T04:00:00Z,11.4,23.0,0.0,16.2,24.8,0.0,0.0,0.0,-16.60538567203708,311.8848382678631,60.0,0.0
2023-04-17T05:00:00Z,10.6,46.0,0.0,14.0,36.0,0.0,0.0,0.0,-22.77761576084193,326.13335115280813,30.0,0.0
2023-04-17T05:00:00Z,10.6,46.0,0.0,14.0,36.0,0.0,0.0,0.0,-22.77761576084193,326.13335115280813,35.0,0.0
2023-04-17T05:00:00Z,10.6,46.0,0.0,14.0,36.0,0.0,0.0,0.0,-22.77761576084193,326.13335115280813,40.0,0.0
2023-04-17T05:00:00Z,10.6,46.0,0.0,14.0,36.0,0.0,0.0,0.0,-22.77761576084193,326.13335115280813,45.0,0.0
2023-04-17T05:00:00Z,10.6,46.0,0.0,14.0,36.0,0.0,0.0,0.0,-22.77761576084193,326.13335115280813,50.0,0.0
2023-04-17T05:00:00Z,10.6,46.0,0.0,14.0,36.0,0.0,0.0,0.0,-22.77761576084193,326.13335115280813,55.0,0.0
2023-04-17T05:00:00Z,10.6,46.0,0.0,14.0,36.0,0.0,0.0,0.0,-22.77761576084193,326.13335115280813,60.0,0.0
2023-04-17T06:00:00Z,9.5,0.0,0.0,21.6,19.1,0.0,0.0,0.0,-26.909148089174934,341.75623754380103,30.0,0.0
2023-04-17T06:00:00Z,9.5,0.0,0.0,21.6,19.1,0.0,0.0,0.0,-26.909148089174934,341.75623754380103,35.0,0.0
2023-04-17T06:00:00Z,9.5,0.0,0.0,21.6,19.1,0.0,0.0,0.0,-26.909148089174934,341.75623754380103,40.0,0.0
2023-04-17T06:00:00Z,9.5,0.0,0.0,21.6,19.1,0.0,0.0,0.0,-26.909148089174934,341.75623754380103,45.0,0.0
2023-04-17T06:00:00Z,9.5,0.0,0.0,21.6,19.1,0.0,0.0,0.0,-26.909148089174934,341.75623754380103,50.0,0.0
2023-04-17T06:00:00Z,9.5,0.0,0.0,21.6,19.1,0.0,0.0,0.0,-26.909148089174934,341.75623754380103,55.0,0.0
2023-04-17T06:00:00Z,9.5,0.0,0.0,21.6,19.1,0.0,0.0,0.0,-26.909148089174934,341.75623754380103,60.0,0.0
2023-04-17T07:00:00Z,8.5,59.0,0.0,10.4,22.3,0.0,0.0,0.0,-28.527112460131633,358.3356486896125,30.0,0.0
2023-04-17T07:00:00Z,8.5,59.0,0.0,10.4,22.3,0.0,0.0,0.0,-28.527112460131633,358.3356486896125,35.0,0.0
2023-04-17T07:00:00Z,8.5,59.0,0.0,10.4,22.3,0.0,0.0,0.0,-28.527112460131633,358.3356486896125,40.0,0.0
2023-04-17T07:00:00Z,8.5,59.0,0.0,10.4,22.3,0.0,0.0,0.0,-28.527112460131633,358.3356486896125,45.0,0.0
2023-04-17T07:00:00Z,8.5,59.0,0.0,10.4,22.3,0.0,0.0,0.0,-28.527112460131633,358.3356486896125,50.0,0.0
2023-04-17T07:00:00Z,8.5,59.0,0.0,10.4,22.3,0.0,0.0,0.0,-28.527112460131633,358.3356486896125,55.0,0.0
2023-04-17T07:00:00Z,8.5,59.0,0.0,10.4,22.3,0.0,0.0,0.0,-28.527112460131633,358.3356486896125,60.0,0.0
2023-04-17T08:00:00Z,7.3,28.0,0.0,11.5,29.5,0.0,0.0,0.0,-27.41515135684383,15.00608638286576,30.0,0.0
2023-04-17T08:00:00Z,7.3,28.0,0.0,11.5,29.5,0.0,0.0,0.0,-27.41515135684383,15.00608638286576,35.0,0.0
2023-04-17T08:00:00Z,7.3,28.0,0.0,11.5,29.5,0.0,0.0,0.0,-27.41515135684383,15.00608638286576,40.0,0.0
2023-04-17T08:00:00Z,7.3,28.0,0.0,11.5,29.5,0.0,0.0,0.0,-27.41515135684383,15.00608638286576,45.0,0.0
2023-04-17T08:00:00Z,7.3,28.0,0.0,11.5,29.5,0.0,0.0,0.0,-27.41515135684383,15.00608638286576,50.0,0.0
2023-04-17T08:00:00Z,7.3,28.0,0.0,11.5,29.5,0.0,0.0,0.0,-27.41515135684383,15.00608638286576,55.0,0.0
2023-04-17T08:00:00Z,7.3,28.0,0.0,11.5,29.5,0.0,0.0,0.0,-27.41515135684383,15.00608638286576,60.0,0.0
2023-04-17T09:00:00Z,6.1,0.0,0.0,14.8,15.8,0.0,0.0,0.0,-23.723034441558376,30.853783616033297,30.0,0.0
2023-04-17T09:00:00Z,6.1,0.0,0.0,14.8,15.8,0.0,0.0,0.0,-23.723034441558376,30.853783616033297,35.0,0.0
2023-04-17T09:00:00Z,6.1,0.0,0.0,14.8,15.8,0.0,0.0,0.0,-23.723034441558376,30.853783616033297,40.0,0.0
2023-04-17T09:00:00Z,6.1,0.0,0.0,14.8,15.8,0.0,0.0,0.0,-23.723034441558376,30.853783616033297,45.0,0.0
2023-04-17T09:00:00Z,6.1,0.0,0.0,14.8,15.8,0.0,0.0,0.0,-23.723034441558376,30.853783616033297,50.0,0.0
2023-04-17T09:00:00Z,6.1,0.0,0.0,14.8,15.8,0.0,0.0,0.0,-23.723034441558376,30.853783616033297,55.0,0.0
2023-04-17T09:00:00Z,6.1,0.0,0.0,14.8,15.8,0.0,0.0,0.0,-23.723034441558376,30.853783616033297,60.0,0.0
2023-04-17T10:00:00Z,5.4,0.0,0.0,15.8,16.6,0.0,0.0,0.0,-17.888779932127548,45.36191548648628,30.0,0.0
2023-04-17T10:00:00Z,5.4,0.0,0.0,15.8,16.6,0.0,0.0,0.0,-17.888779932127548,45.36191548648628,35.0,0.0
2023-04-17T10:00:00Z,5.4,0.0,0.0,15.8,16.6,0.0,0.0,0.0,-17.888779932127548,45.36191548648628,40.0,0.0
2023-04-17T10:00:00Z,5.4,0.0,0.0,15.8,16.6,0.0,0.0,0.0,-17.888779932127548,45.36191548648628,45.0,0.0
2023-04-17T10:00:00Z,5.4,0.0,0.0,15.8,16.6,0.0,0.0,0.0,-17.888779932127548,45.36191548648628,50.0,0.0
2023-04-17T10:00:00Z,5.4,0.0,0.0,15.8,16.6,0.0,0.0,0.0,-17.888779932127548,45.36191548648628,55.0,0.0
2023-04-17T10:00:00Z,5.4,0.0,0.0,15.8,16.6,0.0,0.0,0.0,-17.888779932127548,45.36191548648628,60.0,0.0
2023-04-17T11:00:00Z,5.1,0.0,0.0,16.6,10.1,0.0,0.0,0.0,-10.455562357902707,58.516033574381254,30.0,0.0
2023-04-17T11:00:00Z,5.1,0.0,0.0,16.6,10.1,0.0,0.0,0.0,-10.455562357902707,58.516033574381254,35.0,0.0
2023-04-17T11:00:00Z,5.1,0.0,0.0,16.6,10.1,0.0,0.0,0.0,-10.455562357902707,58.516033574381254,40.0,0.0
2023-04-17T11:00:00Z,5.1,0.0,0.0,16.6,10.1,0.0,0.0,0.0,-10.455562357902707,58.516033574381254,45.0,0.0
2023-04-17T11:00:00Z,5.1,0.0,0.0,16.6,10.1,0.0,0.0,0.0,-10.455562357902707,58.516033574381254,50.0,0.0
2023-04-17T11:00:00Z,5.1,0.0,0.0,16.6,10.1,0.0,0.0,0.0,-10.455562357902707,58.516033574381254,55.0,0.0
2023-04-17T11:00:00Z,5.1,0.0,0.0,16.6,10.1,0.0,0.0,0.0,-10.455562357902707,58.516033574381254,60.0,0.0
2023-04-17T12:00:00Z,3.6,0.0,0.0,10.1,7.9,5.0,0.0,5.0,-1.935866477385454,70.63991222644017,30.0,0.0
2023-04-17T12:00:00Z,3.6,0.0,0.0,10.1,7.9,5.0,0.0,5.0,-1.935866477385454,70.63991222644017,35.0,0.0
2023-04-17T12:00:00Z,3.6,0.0,0.0,10.1,7.9,5.0,0.0,5.0,-1.935866477385454,70.63991222644017,40.0,0.0
2023-04-17T12:00:00Z,3.6,0.0,0.0,10.1,7.9,5.0,0.0,5.0,-1.935866477385454,70.63991222644017,45.0,0.0
2023-04-17T12:00:00Z,3.6,0.0,0.0,10.1,7.9,5.0,0.0,5.0,-1.935866477385454,70.63991222644017,50.0,0.0
2023-04-17T12:00:00Z,3.6,0.0,0.0,10.1,7.9,5.0,0.0,5.0,-1.935866477385454,70.63991222644017,55.0,0.0
2023-04-17T12:00:00Z,3.6,0.0,0.0,10.1,7.9,5.0,0.0,5.0,-1.935866477385454,70.63991222644017,60.0,0.0
2023-04-17T13:00:00Z,2.3,0.0,0.0,7.9,11.9,95.0,290.1,58.5,7.229850466530188,82.22110458589088,30.0,0.49185726791316653
2023-04-17T13:00:00Z,2.3,0.0,0.0,7.9,11.9,95.0,290.1,58.5,7.229850466530188,82.22110458589088,35.0,0.4308581866078154
2023-04-17T13:00:00Z,2.3,0.0,0.0,7.9,11.9,95.0,290.1,58.5,7.229850466530188,82.22110458589088,40.0,0.36830798550806654
2023-04-17T13:00:00Z,2.3,0.0,0.0,7.9,11.9,95.0,290.1,58.5,7.229850466530188,82.22110458589088,45.0,0.32563664093476363
2023-04-17T13:00:00Z,2.3,0.0,0.0,7.9,11.9,95.0,290.1,58.5,7.229850466530188,82.22110458589088,50.0,0.31780243639405464
2023-04-17T13:00:00Z,2.3,0.0,0.0,7.9,11.9,95.0,290.1,58.5,7.229850466530188,82.22110458589088,55.0,0.30937062841578616
2023-04-17T13:00:00Z,2.3,0.0,0.0,7.9,11.9,95.0,290.1,58.5,7.229850466530188,82.22110458589088,60.0,0.300405025416333
2023-04-17T14:00:00Z,2.5,0.0,0.0,11.9,18.4,265.0,536.5,111.5,16.65157035709184,93.83562958304401,30.0,2.245574613959078
2023-04-17T14:00:00Z,2.5,0.0,0.0,11.9,18.4,265.0,536.5,111.5,16.65157035709184,93.83562958304401,35.0,2.1908751106273003
2023-04-17T14:00:00Z,2.5,0.0,0.0,11.9,18.4,265.0,536.5,111.5,16.65157035709184,93.83562958304401,40.0,2.1234025573026627
2023-04-17T14:00:00Z,2.5,0.0,0.0,11.9,18.4,265.0,536.5,111.5,16.65157035709184,93.83562958304401,45.0,2.0436047887100277
2023-04-17T14:00:00Z,2.5,0.0,0.0,11.9,18.4,265.0,536.5,111.5,16.65157035709184,93.83562958304401,50.0,1.9520149974570602
2023-04-17T14:00:00Z,2.5,0.0,0.0,11.9,18.4,265.0,536.5,111.5,16.65157035709184,93.83562958304401,55.0,1.8492498920073575
2023-04-17T14:00:00Z,2.5,0.0,0.0,11.9,18.4,265.0,536.5,111.5,16.65157035709184,93.83562958304401,60.0,1.7360074094742592
2023-04-17T15:00:00Z,6.0,0.0,0.0,10.1,56.5,442.0,701.6,135.7,25.93683072167544,106.15707829927851,30.0,4.210234869771315
2023-04-17T15:00:00Z,6.0,0.0,0.0,10.1,56.5,442.0,701.6,135.7,25.93683072167544,106.15707829927851,35.0,4.200106446143493
2023-04-17T15:00:00Z,6.0,0.0,0.0,10.1,56.5,442.0,701.6,135.7,25.93683072167544,106.15707829927851,40.0,4.164134661045809
2023-04-17T15:00:00Z,6.0,0.0,0.0,10.1,56.5,442.0,701.6,135.7,25.93683072167544,106.15707829927851,45.0,4.10250971130701
2023-04-17T15:00:00Z,6.0,0.0,0.0,10.1,56.5,442.0,701.6,135.7,25.93683072167544,106.15707829927851,50.0,4.015559596116401
2023-04-17T15:00:00Z,6.0,0.0,0.0,10.1,56.5,442.0,701.6,135.7,25.93683072167544,106.15707829927851,55.0,3.9037517373058956
2023-04-17T15:00:00Z,6.0,0.0,0.0,10.1,56.5,442.0,701.6,135.7,25.93683072167544,106.15707829927851,60.0,3.7676951031572172
2023-04-17T16:00:00Z,8.4,0.0,0.0,12.2,51.5,599.0,800.1,145.4,34.61572940199776,119.99981592241738,30.0,5.933685967316643
2023-04-17T16:00:00Z,8.4,0.0,0.0,12.2,51.5,599.0,800.1,145.4,34.61572940199776,119.99981592241738,35.0,5.9705151915657675
2023-04-17T16:00:00Z,8.4,0.0,0.0,12.2,51.5,599.0,800.1,145.4,34.61572940199776,119.99981592241738,40.0,5.97046018685334
2023-04-17T16:00:00Z,8.4,0.0,0.0,12.2,51.5,599.0,800.1,145.4,34.61572940199776,119.99981592241738,45.0,5.933521173730983
2023-04-17T16:00:00Z,8.4,0.0,0.0,12.2,51.5,599.0,800.1,145.4,34.61572940199776,119.99981592241738,50.0,5.8598468136270885
2023-04-17T16:00:00Z,8.4,0.0,0.0,12.2,51.5,599.0,800.1,145.4,34.61572940199776,119.99981592241738,55.0,5.7497368662995925
2023-04-17T16:00:00Z,8.4,0.0,0.0,12.2,51.5,599.0,800.1,145.4,34.61572940199776,119.99981592241738,60.0,5.6036473797987485
2023-04-17T17:00:00Z,9.1,0.0,0.0,15.8,33.5,723.0,853.4,152.6,42.04590802724449,136.29339502579052,30.0,7.285529751787968
2023-04-17T17:00:00Z,9.1,0.0,0.0,15.8,33.5,723.0,853.4,152.6,42.04590802724449,136.29339502579052,35.0,7.3591962802056
2023-04-17T17:00:00Z,9.1,0.0,0.0,15.8,33.5,723.0,853.4,152.6,42.04590802724449,136.29339502579052,40.0,7.387619596449967
2023-04-17T17:00:00Z,9.1,0.0,0.0,15.8,33.5,723.0,853.4,152.6,42.04590802724449,136.29339502579052,45.0,7.370711385431167
2023-04-17T17:00:00Z,9.1,0.0,0.0,15.8,33.5,723.0,853.4,152.6,42.04590802724449,136.29339502579052,50.0,7.308524102144029
2023-04-17T17:00:00Z,9.1,0.0,0.0,15.8,33.5,723.0,853.4,152.6,42.04590802724449,136.29339502579052,55.0,7.201252718880305
2023-04-17T17:00:00Z,9.1,0.0,0.0,15.8,33.5,723.0,853.4,152.6,42.04590802724449,136.29339502579052,60.0,7.049241083782363
2023-04-17T18:00:00Z,10.2,0.0,0.0,24.1,45.0,414.0,183.9,279.0,47.34390781056183,155.7269507351757,30.0,3.7978122748080874
2023-04-17T18:00:00Z,10.2,0.0,0.0,24.1,45.0,414.0,183.9,279.0,47.34390781056183,155.7269507351757,35.0,3.788644258565412
2023-04-17T18:00:00Z,10.2,0.0,0.0,24.1,45.0,414.0,183.9,279.0,47.34390781056183,155.7269507351757,40.0,3.7615172728818997
2023-04-17T18:00:00Z,10.2,0.0,0.0,24.1,45.0,414.0,183.9,279.0,47.34390781056183,155.7269507351757,45.0,3.7166019646182122
2023-04-17T18:00:00Z,10.2,0.0,0.0,24.1,45.0,414.0,183.9,279.0,47.34390781056183,155.7269507351757,50.0,3.654181810223875
2023-04-17T18:00:00Z,10.2,0.0,0.0,24.1,45.0,414.0,183.9,279.0,47.34390781056183,155.7269507351757,55.0,3.574652684981283
2023-04-17T18:00:00Z,10.2,0.0,0.0,24.1,45.0,414.0,183.9,279.0,47.34390781056183,155.7269507351757,60.0,3.478522195366079
2023-04-17T19:00:00Z,7.2,53.0,0.0,24.5,49.3,661.0,560.0,235.9,49.52872429039334,177.79115298499164,30.0,6.702898665073953
2023-04-17T19:00:00Z,7.2,53.0,0.0,24.5,49.3,661.0,560.0,235.9,49.52872429039334,177.79115298499164,35.0,6.765128153620774
2023-04-17T19:00:00Z,7.2,53.0,0.0,24.5,49.3,661.0,560.0,235.9,49.52872429039334,177.79115298499164,40.0,6.787411741574074
2023-04-17T19:00:00Z,7.2,53.0,0.0,24.5,49.3,661.0,560.0,235.9,49.52872429039334,177.79115298499164,45.0,6.769652617143771
2023-04-17T19:00:00Z,7.2,53.0,0.0,24.5,49.3,661.0,560.0,235.9,49.52872429039334,177.79115298499164,50.0,6.711927908967489
2023-04-17T19:00:00Z,7.2,53.0,0.0,24.5,49.3,661.0,560.0,235.9,49.52872429039334,177.79115298499164,55.0,6.614489751849148
2023-04-17T19:00:00Z,7.2,53.0,0.0,24.5,49.3,661.0,560.0,235.9,49.52872429039334,177.79115298499164,60.0,6.477768702869042
2023-04-17T20:00:00Z,8.9,10.0,0.0,25.2,49.3,743.0,751.3,185.2,48.065602228271985,200.14910522837195,30.0,7.600529186286687
2023-04-17T20:00:00Z,8.9,10.0,0.0,25.2,49.3,743.0,751.3,185.2,48.065602228271985,200.14910522837195,35.0,7.686258038601611
2023-04-17T20:00:00Z,8.9,10.0,0.0,25.2,49.3,743.0,751.3,185.2,48.065602228271985,200.14910522837195,40.0,7.7249167965661085
2023-04-17T20:00:00Z,8.9,10.0,0.0,25.2,49.3,743.0,751.3,185.2,48.065602228271985,200.14910522837195,45.0,7.716366700921767
2023-04-17T20:00:00Z,8.9,10.0,0.0,25.2,49.3,743.0,751.3,185.2,48.065602228271985,200.14910522837195,50.0,7.660638350739555
2023-04-17T20:00:00Z,8.9,10.0,0.0,25.2,49.3,743.0,751.3,185.2,48.065602228271985,200.14910522837195,55.0,7.557932439511185
2023-04-17T20:00:00Z,8.9,10.0,0.0,25.2,49.3,743.0,751.3,185.2,48.065602228271985,200.14910522837195,60.0,7.4086245118676635
2023-04-17T21:00:00Z,9.6,10.0,0.0,23.4,41.4,471.0,324.7,248.7,43.32495585614719,220.21466303137538,30.0,4.517973936601809
2023-04-17T21:00:00Z,9.6,10.0,0.0,23.4,41.4,471.0,324.7,248.7,43.32495585614719,220.21466303137538,35.0,4.528851227813601
2023-04-17T21:00:00Z,9.6,10.0,0.0,23.4,41.4,471.0,324.7,248.7,43.32495585614719,220.21466303137538,40.0,4.515313502267596
2023-04-17T21:00:00Z,9.6,10.0,0.0,23.4,41.4,471.0,324.7,248.7,43.32495585614719,220.21466303137538,45.0,4.477438490849486
2023-04-17T21:00:00Z,9.6,10.0,0.0,23.4,41.4,471.0,324.7,248.7,43.32495585614719,220.21466303137538,50.0,4.415444250327818
2023-04-17T21:00:00Z,9.6,10.0,0.0,23.4,41.4,471.0,324.7,248.7,43.32495585614719,220.21466303137538,55.0,4.329689558218874
2023-04-17T21:00:00Z,9.6,10.0,0.0,23.4,41.4,471.0,324.7,248.7,43.32495585614719,220.21466303137538,60.0,4.220674493649349
2023-04-17T22:00:00Z,8.5,91.0,0.0,23.0,41.8,472.0,474.5,191.9,36.25371949541366,237.1099420050029,30.0,4.6225229599352735
2023-04-17T22:00:00Z,8.5,91.0,0.0,23.0,41.8,472.0,474.5,191.9,36.25371949541366,237.1099420050029,35.0,4.638016107158727
2023-04-17T22:00:00Z,8.5,91.0,0.0,23.0,41.8,472.0,474.5,191.9,36.25371949541366,237.1099420050029,40.0,4.626407385230697
2023-04-17T22:00:00Z,8.5,91.0,0.0,23.0,41.8,472.0,474.5,191.9,36.25371949541366,237.1099420050029,45.0,4.5877609771249555
2023-04-17T22:00:00Z,8.5,91.0,0.0,23.0,41.8,472.0,474.5,191.9,36.25371949541366,237.1099420050029,50.0,4.522291141845913
2023-04-17T22:00:00Z,8.5,91.0,0.0,23.0,41.8,472.0,474.5,191.9,36.25371949541366,237.1099420050029,55.0,4.4303629109921445
2023-04-17T22:00:00Z,8.5,91.0,0.0,23.0,41.8,472.0,474.5,191.9,36.25371949541366,237.1099420050029,60.0,4.312493196848575
2023-04-17T23:00:00Z,8.8,0.0,0.0,20.2,34.2,475.0,723.2,138.4,27.77940533122538,251.37714934447067,30.0,4.563779807572167
2023-04-17T23:00:00Z,8.8,0.0,0.0,20.2,34.2,475.0,723.2,138.4,27.77940533122538,251.37714934447067,35.0,4.562030006476969
2023-04-17T23:00:00Z,8.8,0.0,0.0,20.2,34.2,475.0,723.2,138.4,27.77940533122538,251.37714934447067,40.0,4.531930250652122
2023-04-17T23:00:00Z,8.8,0.0,0.0,20.2,34.2,475.0,723.2,138.4,27.77940533122538,251.37714934447067,45.0,4.473641512915642
2023-04-17T23:00:00Z,8.8,0.0,0.0,20.2,34.2,475.0,723.2,138.4,27.77940533122538,251.37714934447067,50.0,4.3874771531219885
2023-04-17T23:00:00Z,8.8,0.0,0.0,20.2,34.2,475.0,723.2,138.4,27.77940533122538,251.37714934447067,55.0,4.2739043223663895
2023-04-17T23:00:00Z,8.8,0.0,0.0,20.2,34.2,475.0,723.2,138.4,27.77940533122538,251.37714934447067,60.0,4.133545901923834
2023-04-18T00:00:00Z,9.3,0.0,0.0,23.8,37.8,301.0,573.2,118.4,18.59116037059884,263.9436661995327,30.0,2.591021357836247
2023-04-18T00:00:00Z,9.3,0.0,0.0,23.8,37.8,301.0,573.2,118.4,18.59116037059884,263.9436661995327,35.0,2.542884992419521
2023-04-18T00:00:00Z,9.3,0.0,0.0,23.8,37.8,301.0,573.2,118.4,18.59116037059884,263.9436661995327,40.0,2.4795815475213887
2023-04-18T00:00:00Z,9.3,0.0,0.0,23.8,37.8,301.0,573.2,118.4,18.59116037059884,263.9436661995327,45.0,2.4015266335631376
2023-04-18T00:00:00Z,9.3,0.0,0.0,23.8,37.8,301.0,573.2,118.4,18.59116037059884,263.9436661995327,50.0,2.3092357026612
2023-04-18T00:00:00Z,9.3,0.0,0.0,23.8,37.8,301.0,573.2,118.4,18.59116037059884,263.9436661995327,55.0,2.2033224663851616
2023-04-18T00:00:00Z,9.3,0.0,0.0,23.8,37.8,301.0,573.2,118.4,18.59116037059884,263.9436661995327,60.0,2.084496870483535
2023-04-18T01:00:00Z,7.9,0.0,0.0,18.7,32.8,125.0,332.6,71.8,9.18653508858956,275.6541969663015,30.0,0.7595045089720893
2023-04-18T01:00:00Z,7.9,0.0,0.0,18.7,32.8,125.0,332.6,71.8,9.18653508858956,275.6541969663015,35.0,0.6964765588171433
2023-04-18T01:00:00Z,7.9,0.0,0.0,18.7,32.8,125.0,332.6,71.8,9.18653508858956,275.6541969663015,40.0,0.6303271341686331
2023-04-18T01:00:00Z,7.9,0.0,0.0,18.7,32.8,125.0,332.6,71.8,9.18653508858956,275.6541969663015,45.0,0.5615468568011918
2023-04-18T01:00:00Z,7.9,0.0,0.0,18.7,32.8,125.0,332.6,71.8,9.18653508858956,275.6541969663015,50.0,0.49064831859040803
2023-04-18T01:00:00Z,7.9,0.0,0.0,18.7,32.8,125.0,332.6,71.8,9.18653508858956,275.6541969663015,55.0,0.41816251201017696
2023-04-18T01:00:00Z,7.9,0.0,0.0,18.7,32.8,125.0,332.6,71.8,9.18653508858956,275.6541969663015,60.0,0.3619430625346182
2023-04-18T02:00:00Z,6.8,0.0,0.0,14.8,10.4,12.0,5.0,11.7,-0.03201087350873179,287.20629334729506,30.0,0.0
2023-04-18T02:00:00Z,6.8,0.0,0.0,14.8,10.4,12.0,5.0,11.7,-0.03201087350873179,287.20629334729506,35.0,0.0
2023-04-18T02:00:00Z,6.8,0.0,0.0,14.8,10.4,12.0,5.0,11.7,-0.03201087350873179,287.20629334729506,40.0,0.0
2023-04-18T02:00:00Z,6.8,0.0,0.0,14.8,10.4,12.0,5.0,11.7,-0.03201087350873179,287.20629334729506,45.0,0.0
2023-04-18T02:00:00Z,6.8,0.0,0.0,14.8,10.4,12.0,5.0,11.7,-0.03201087350873179,287.20629334729506,50.0,0.0
2023-04-18T02:00:00Z,6.8,0.0,0.0,14.8,10.4,12.0,5.0,11.7,-0.03201087350873179,287.20629334729506,55.0,0.0
2023-04-18T02:00:00Z,6.8,0.0,0.0,14.8,10.4,12.0,5.0,11.7,-0.03201087350873179,287.20629334729506,60.0,0.0
2023-04-18T03:00:00Z,4.7,0.0,0.0,10.4,6.5,0.0,0.0,0.0,-8.677731572750856,299.1905539622241,30.0,0.0
2023-04-18T03:00:00Z,4.7,0.0,0.0,10.4,6.5,0.0,0.0,0.0,-8.677731572750856,299.1905539622241,35.0,0.0
2023-04-18T03:00:00Z,4.7,0.0,0.0,10.4,6.5,0.0,0.0,0.0,-8.677731572750856,299.1905539622241,40.0,0.0
2023-04-18T03:00:00Z,4.7,0.0,0.0,10.4,6.5,0.0,0.0,0.0,-8.677731572750856,299.1905539622241,45.0,0.0
2023-04-18T03:00:00Z,4.7,0.0,0.0,10.4,6.5,0.0,0.0,0.0,-8.677731572750856,299.1905539622241,50.0,0.0
2023-04-18T03:00:00Z,4.7,0.0,0.0,10.4,6.5,0.0,0.0,0.0,-8.677731572750856,299.1905539622241,55.0,0.0
2023-04-18T03:00:00Z,4.7,0.0,0.0,10.4,6.5,0.0,0.0,0.0,-8.677731572750856,299.1905539622241,60.0,0.0
2023-04-18T04:00:00Z,2.2,0.0,0.0,6.5,5.0,0.0,0.0,0.0,-16.32265640500555,312.11022625157443,30.0,0.0
2023-04-18T04:00:00Z,2.2,0.0,0.0,6.5,5.0,0.0,0.0,0.0,-16.32265640500555,312.11022625157443,35.0,0.0
2023-04-18T04:00:00Z,2.2,0.0,0.0,6.5,5.0,0.0,0.0,0.0,-16.32265640500555,312.11022625157443,40.0,0.0
2023-04-18T04:00:00Z,2.2,0.0,0.0,6.5,5.0,0.0,0.0,0.0,-16.32265640500555,312.11022625157443,45.0,0.0
2023-04-18T04:00:00Z,2.2,0.0,0.0,6.5,5.0,0.0,0.0,0.0,-16.32265640500555,312.11022625157443,50.0,0.0
2023-04-18T04:00:00Z,2.2,0.0,0.0,6.5,5.0,0.0,0.0,0.0,-16.32265640500555,312.11022625157443,55.0,0.0
2023-04-18T04:00:00Z,2.2,0.0,0.0,6.5,5.0,0.0,0.0,0.0,-16.32265640500555,312.11022625157443,60.0,0.0
2023-04-18T05:00:00Z,0.4,0.0,0.0,5.0,3.2,0.0,0.0,0.0,-22.469018529115015,326.3251071127235,30.0,0.0
2023-04-18T05:00:00Z,0.4,0.0,0.0,5.0,3.2,0.0,0.0,0.0,-22.469018529115015,326.3251071127235,35.0,0.0
2023-04-18T05:00:00Z,0.4,0.0,0.0,5.0,3.2,0.0,0.0,0.0,-22.469018529115015,326.3251071127235,40.0,0.0
2023-04-18T05:00:00Z,0.4,0.0,0.0,5.0,3.2,0.0,0.0,0.0,-22.469018529115015,326.3251071127235,45.0,0.0
2023-04-18T05:00:00Z,0.4,0.0,0.0,5.0,3.2,0.0,0.0,0.0,-22.469018529115015,326.3251071127235,50.0,0.0
2023-04-18T05:00:00Z,0.4,0.0,0.0,5.0,3.2,0.0,0.0,0.0,-22.469018529115015,326.3251071127235,55.0,0.0
2023-04-18T05:00:00Z,0.4,0.0,0.0,5.0,3.2,0.0,0.0,0.0,-22.469018529115015,326.3251071127235,60.0,0.0
2023-04-18T06:00:00Z,-1.2,0.0,0.0,3.2,6.5,0.0,0.0,0.0,-26.576069925763882,341.89577086747965,30.0,0.0
2023-04-18T06:00:00Z,-1.2,0.0,0.0,3.2,6.5,0.0,0.0,0.0,-26.576069925763882,341.89577086747965,35.0,0.0
2023-04-18T06:00:00Z,-1.2,0.0,0.0,3.2,6.5,0.0,0.0,0.0,-26.576069925763882,341.89577086747965,40.0,0.0
2023-04-18T06:00:00Z,-1.2,0.0,0.0,3.2,6.5,0.0,0.0,0.0,-26.576069925763882,341.89577086747965,45.0,0.0
2023-04-18T06:00:00Z,-1.2,0.0,0.0,3.2,6.5,0.0,0.0,0.0,-26.576069925763882,341.89577086747965,50.0,0.0
2023-04-18T06:00:00Z,-1.2,0.0,0.0,3.2,6.5,0.0,0.0,0.0,-26.576069925763882,341.89577086747965,55.0,0.0
2023-04-18T06:00:00Z,-1.2,0.0,0.0,3.2,6.5,0.0,0.0,0.0,-26.576069925763882,341.89577086747965,60.0,0.0
2023-04-18T07:00:00Z,-3.2,0.0,0.0,6.5,6.1,0.0,0.0,0.0,-28.17706129787645,358.4060585717466,30.0,0.0
2023-04-18T07:00:00Z,-3.2,0.0,0.0,6.5,6.1,0.0,0.0,0.0,-28.17706129787645,358.4060585717466,35.0,0.0
2023-04-18T07:00:00Z,-3.2,0.0,0.0,6.5,6.1,0.0,0.0,0.0,-28.17706129787645,358.4060585717466,40.0,0.0
2023-04-18T07:00:00Z,-3.2,0.0,0.0,6.5,6.1,0.0,0.0,0.0,-28.17706129787645,358.4060585717466,45.0,0.0
2023-04-18T07:00:00Z,-3.2,0.0,0.0,6.5,6.1,0.0,0.0,0.0,-28.17706129787645,358.4060585717466,50.0,0.0
2023-04-18T07:00:00Z,-3.2,0.0,0.0,6.5,6.1,0.0,0.0,0.0,-28.17706129787645,358.4060585717466,55.0,0.0
2023-04-18T07:00:00Z,-3.2,0.0,0.0,6.5,6.1,0.0,0.0,0.0,-28.17706129787645,358.4060585717466,60.0,0.0
2023-04-18T08:00:00Z,-3.5,0.0,0.0,6.1,6.5,0.0,0.0,0.0,-27.059804504280425,15.002292580196809,30.0,0.0
2023-04-18T08:00:00Z,-3.5,0.0,0.0,6.1,6.5,0.0,0.0,0.0,-27.059804504280425,15.002292580196809,35.0,0.0
2023-04-18T08:00:00Z,-3.5,0.0,0.0,6.1,6.5,0.0,0.0,0.0,-27.059804504280425,15.002292580196809,40.0,0.0
2023-04-18T08:00:00Z,-3.5,0.0,0.0,6.1,6.5,0.0,0.0,0.0,-27.059804504280425,15.002292580196809,45.0,0.0
2023-04-18T08:00:00Z,-3.5,0.0,0.0,6.1,6.5,0.0,0.0,0.0,-27.059804504280425,15.002292580196809,50.0,0.0
2023-04-18T08:00:00Z,-3.5,0.0,0.0,6.1,6.5,0.0,0.0,0.0,-27.059804504280425,15.002292580196809,55.0,0.0
2023-04-18T08:00:00Z,-3.5,0.0,0.0,6.1,6.5,0.0,0.0,0.0,-27.059804504280425,15.002292580196809,60.0,0.0
2023-04-18T09:00:00Z,-3.8,0.0,0.0,6.5,7.2,0.0,0.0,0.0,-23.373362013291125,30.785488267651317,30.0,0.0
2023-04-18T09:00:00Z,-3.8,0.0,0.0,6.5,7.2,0.0,0.0,0.0,-23.373362013291125,30.785488267651317,35.0,0.0
2023-04-18T09:00:00Z,-3.8,0.0,0.0,6.5,7.2,0.0,0.0,0.0,-23.373362013291125,30.785488267651317,40.0,0.0
2023-04-18T09:00:00Z,-3.8,0.0,0.0,6.5,7.2,0.0,0.0,0.0,-23.373362013291125,30.785488267651317,45.0,0.0
2023-04-18T09:00:00Z,-3.8,0.0,0.0,6.5,7.2,0.0,0.0,0.0,-23.373362013291125,30.785488267651317,50.0,0.0
2023-04-18T09:00:00Z,-3.8,0.0,0.0,6.5,7.2,0.0,0.0,0.0,-23.373362013291125,30.785488267651317,55.0,0.0
2023-04-18T09:00:00Z,-3.8,0.0,0.0,6.5,7.2,0.0,0.0,0.0,-23.373362013291125,30.785488267651317,60.0,0.0
2023-04-18T10:00:00Z,-3.5,0.0,0.0,7.2,6.5,0.0,0.0,0.0,-17.55120227934782,45.246245846280374,30.0,0.0
2023-04-18T10:00:00Z,-3.5,0.0,0.0,7.2,6.5,0.0,0.0,0.0,-17.55120227934782,45.246245846280374,35.0,0.0
2023-04-18T10:00:00Z,-3.5,0.0,0.0,7.2,6.5,0.0,0.0,0.0,-17.55120227934782,45.246245846280374,40.0,0.0
2023-04-18T10:00:00Z,-3.5,0.0,0.0,7.2,6.5,0.0,0.0,0.0,-17.55120227934782,45.246245846280374,45.0,0.0
2023-04-18T10:00:00Z,-3.5,0.0,0.0,7.2,6.5,0.0,0.0,0.0,-17.55120227934782,45.246245846280374,50.0,0.0
2023-04-18T10:00:00Z,-3.5,0.0,0.0,7.2,6.5,0.0,0.0,0.0,-17.55120227934782,45.246245846280374,55.0,0.0
2023-04-18T10:00:00Z,-3.5,0.0,0.0,7.2,6.5,0.0,0.0,0.0,-17.55120227934782,45.246245846280374,60.0,0.0
2023-04-18T11:00:00Z,-4.2,0.0,0.0,6.5,4.0,0.0,0.0,0.0,-10.131453350897761,58.36888833073698,30.0,0.0
2023-04-18T11:00:00Z,-4.2,0.0,0.0,6.5,4.0,0.0,0.0,0.0,-10.131453350897761,58.36888833073698,35.0,0.0
2023-04-18T11:00:00Z,-4.2,0.0,0.0,6.5,4.0,0.0,0.0,0.0,-10.131453350897761,58.36888833073698,40.0,0.0
2023-04-18T11:00:00Z,-4.2,0.0,0.0,6.5,4.0,0.0,0.0,0.0,-10.131453350897761,58.36888833073698,45.0,0.0
2023-04-18T11:00:00Z,-4.2,0.0,0.0,6.5,4.0,0.0,0.0,0.0,-10.131453350897761,58.36888833073698,50.0,0.0
2023-04-18T11:00:00Z,-4.2,0.0,0.0,6.5,4.0,0.0,0.0,0.0,-10.131453350897761,58.36888833073698,55.0,0.0
2023-04-18T11:00:00Z,-4.2,0.0,0.0,6.5,4.0,0.0,0.0,0.0,-10.131453350897761,58.36888833073698,60.0,0.0
2023-04-18T12:00:00Z,-4.4,0.0,0.0,3.6,4.3,6.0,0.0,6.0,-1.622993078930645,70.47242258633139,30.0,0.0
2023-04-18T12:00:00Z,-4.4,0.0,0.0,3.6,4.3,6.0,0.0,6.0,-1.622993078930645,70.47242258633139,35.0,0.0
2023-04-18T12:00:00Z,-4.4,0.0,0.0,3.6,4.3,6.0,0.0,6.0,-1.622993078930645,70.47242258633139,40.0,0.0
2023-04-18T12:00:00Z,-4.4,0.0,0.0,3.6,4.3,6.0,0.0,6.0,-1.622993078930645,70.47242258633139,45.0,0.0
2023-04-18T12:00:00Z,-4.4,0.0,0.0,3.6,4.3,6.0,0.0,6.0,-1.622993078930645,70.47242258633139,50.0,0.0
2023-04-18T12:00:00Z,-4.4,0.0,0.0,3.6,4.3,6.0,0.0,6.0,-1.622993078930645,70.47242258633139,55.0,0.0
2023-04-18T12:00:00Z,-4.4,0.0,0.0,3.6,4.3,6.0,0.0,6.0,-1.622993078930645,70.47242258633139,60.0,0.0
2023-04-18T13:00:00Z,-3.6,1.0,0.0,4.3,2.9,95.0,268.6,59.8,7.5358551348182905,82.04020266508303,30.0,0.517395476208807
2023-04-18T13:00:00Z,-3.6,1.0,0.0,4.3,2.9,95.0,268.6,59.8,7.5358551348182905,82.04020266508303,35.0,0.4577373832534923
2023-04-18T13:00:00Z,-3.6,1.0,0.0,4.3,2.9,95.0,268.6,59.8,7.5358551348182905,82.04020266508303,40.0,0.39643832863586237
2023-04-18T13:00:00Z,-3.6,1.0,0.0,4.3,2.9,95.0,268.6,59.8,7.5358551348182905,82.04020266508303,45.0,0.34828329979485695
2023-04-18T13:00:00Z,-3.6,1.0,0.0,4.3,2.9,95.0,268.6,59.8,7.5358551348182905,82.04020266508303,50.0,0.3397241545624368
2023-04-18T13:00:00Z,-3.6,1.0,0.0,4.3,2.9,95.0,268.6,59.8,7.5358551348182905,82.04020266508303,55.0,0.3305118987069103
2023-04-18T13:00:00Z,-3.6,1.0,0.0,4.3,2.9,95.0,268.6,59.8,7.5358551348182905,82.04020266508303,60.0,0.32071620362321657
2023-04-18T14:00:00Z,-4.6,2.0,0.0,2.9,2.5,260.0,508.2,112.0,16.956341249798353,93.6463076599581,30.0,2.2344252598331287
2023-04-18T14:00:00Z,-4.6,2.0,0.0,2.9,2.5,260.0,508.2,112.0,16.956341249798353,93.6463076599581,35.0,2.1781564740052355
2023-04-18T14:00:00Z,-4.6,2.0,0.0,2.9,2.5,260.0,508.2,112.0,16.956341249798353,93.6463076599581,40.0,2.1093590543875806
2023-04-18T14:00:00Z,-4.6,2.0,0.0,2.9,2.5,260.0,508.2,112.0,16.956341249798353,93.6463076599581,45.0,2.0284852854258775
2023-04-18T14:00:00Z,-4.6,2.0,0.0,2.9,2.5,260.0,508.2,112.0,16.956341249798353,93.6463076599581,50.0,1.9360708332108205
2023-04-18T14:00:00Z,-4.6,2.0,0.0,2.9,2.5,260.0,508.2,112.0,16.956341249798353,93.6463076599581,55.0,1.832733056222065
2023-04-18T14:00:00Z,-4.6,2.0,0.0,2.9,2.5,260.0,508.2,112.0,16.956341249798353,93.6463076599581,60.0,1.719168882567572
2023-04-18T15:00:00Z,-0.5,1.0,0.0,2.5,6.5,436.0,678.6,136.4,26.246808348057527,105.965656182298,30.0,4.196061601511888
2023-04-18T15:00:00Z,-0.5,1.0,0.0,2.5,6.5,436.0,678.6,136.4,26.246808348057527,105.965656182298,35.0,4.182261279105357
2023-04-18T15:00:00Z,-0.5,1.0,0.0,2.5,6.5,436.0,678.6,136.4,26.246808348057527,105.965656182298,40.0,4.142968960219504
2023-04-18T15:00:00Z,-0.5,1.0,0.0,2.5,6.5,436.0,678.6,136.4,26.246808348057527,105.965656182298,45.0,4.078386562901814
2023-04-18T15:00:00Z,-0.5,1.0,0.0,2.5,6.5,436.0,678.6,136.4,26.246808348057527,105.965656182298,50.0,3.988848589047131
2023-04-18T15:00:00Z,-0.5,1.0,0.0,2.5,6.5,436.0,678.6,136.4,26.246808348057527,105.965656182298,55.0,3.87482416375558
2023-04-18T15:00:00Z,-0.5,1.0,0.0,2.5,6.5,436.0,678.6,136.4,26.246808348057527,105.965656182298,60.0,3.736919674289457
2023-04-18T16:00:00Z,2.2,3.0,0.0,2.2,15.5,562.0,715.2,153.2,34.937470315284294,119.81910864877568,30.0,5.592482834882509
2023-04-18T16:00:00Z,2.2,3.0,0.0,2.2,15.5,562.0,715.2,153.2,34.937470315284294,119.81910864877568,35.0,5.6202778796182145
2023-04-18T16:00:00Z,2.2,3.0,0.0,2.2,15.5,562.0,715.2,153.2,34.937470315284294,119.81910864877568,40.0,5.614015581017675
2023-04-18T16:00:00Z,2.2,3.0,0.0,2.2,15.5,562.0,715.2,153.2,34.937470315284294,119.81910864877568,45.0,5.573720361026995
2023-04-18T16:00:00Z,2.2,3.0,0.0,2.2,15.5,562.0,715.2,153.2,34.937470315284294,119.81910864877568,50.0,5.49955021138199
2023-04-18T16:00:00Z,2.2,3.0,0.0,2.2,15.5,562.0,715.2,153.2,34.937470315284294,119.81910864877568,55.0,5.39179976195732
2023-04-18T16:00:00Z,2.2,3.0,0.0,2.2,15.5,562.0,715.2,153.2,34.937470315284294,119.81910864877568,60.0,5.250905797966025
2023-04-18T17:00:00Z,4.9,8.0,0.0,4.7,17.3,669.0,742.7,169.3,42.38396282810637,136.15066234722383,30.0,6.707624285048586
2023-04-18T17:00:00Z,4.9,8.0,0.0,4.7,17.3,669.0,742.7,169.3,42.38396282810637,136.15066234722383,35.0,6.766190540416993
2023-04-18T17:00:00Z,4.9,8.0,0.0,4.7,17.3,669.0,742.7,169.3,42.38396282810637,136.15066234722383,40.0,6.784122968038419
2023-04-18T17:00:00Z,4.9,8.0,0.0,4.7,17.3,669.0,742.7,169.3,42.38396282810637,136.15066234722383,45.0,6.761368575918855
2023-04-18T17:00:00Z,4.9,8.0,0.0,4.7,17.3,669.0,742.7,169.3,42.38396282810637,136.15066234722383,50.0,6.6979946587465395
2023-04-18T17:00:00Z,4.9,8.0,0.0,4.7,17.3,669.0,742.7,169.3,42.38396282810637,136.15066234722383,55.0,6.594191288831466
2023-04-18T17:00:00Z,4.9,8.0,0.0,4.7,17.3,669.0,742.7,169.3,42.38396282810637,136.15066234722383,60.0,6.450278164807938
2023-04-18T18:00:00Z,9.1,0.0,0.0,9.4,27.7,791.0,847.8,165.3,47.69579205567262,155.66883247215378,30.0,7.895402430289107
2023-04-18T18:00:00Z,9.1,0.0,0.0,9.4,27.7,791.0,847.8,165.3,47.69579205567262,155.66883247215378,35.0,7.982754388366145
2023-04-18T18:00:00Z,9.1,0.0,0.0,9.4,27.7,791.0,847.8,165.3,47.69579205567262,155.66883247215378,40.0,8.022136132429752
2023-04-18T18:00:00Z,9.1,0.0,0.0,9.4,27.7,791.0,847.8,165.3,47.69579205567262,155.66883247215378,45.0,8.013469645184921
2023-04-18T18:00:00Z,9.1,0.0,0.0,9.4,27.7,791.0,847.8,165.3,47.69579205567262,155.66883247215378,50.0,7.95677195958264
2023-04-18T18:00:00Z,9.1,0.0,0.0,9.4,27.7,791.0,847.8,165.3,47.69579205567262,155.66883247215378,55.0,7.852156397434616
2023-04-18T18:00:00Z,9.1,0.0,0.0,9.4,27.7,791.0,847.8,165.3,47.69579205567262,155.66883247215378,60.0,7.699840610455963
2023-04-18T19:00:00Z,10.4,1.0,0.0,14.0,23.8,846.0,895.1,162.9,49.87962520216751,177.86265029086485,30.0,8.461322235800491
2023-04-18T19:00:00Z,10.4,1.0,0.0,14.0,23.8,846.0,895.1,162.9,49.87962520216751,177.86265029086485,35.0,8.56182608209948
2023-04-18T19:00:00Z,10.4,1.0,0.0,14.0,23.8,846.0,895.1,162.9,49.87962520216751,177.86265029086485,40.0,8.610670104866132
2023-04-18T19:00:00Z,10.4,1.0,0.0,14.0,23.8,846.0,895.1,162.9,49.87962520216751,177.86265029086485,45.0,8.60776552888597
2023-04-18T19:00:00Z,10.4,1.0,0.0,14.0,23.8,846.0,895.1,162.9,49.87962520216751,177.86265029086485,50.0,8.553117568248128
2023-04-18T19:00:00Z,10.4,1.0,0.0,14.0,23.8,846.0,895.1,162.9,49.87962520216751,177.86265029086485,55.0,8.446825855943496
2023-04-18T19:00:00Z,10.4,1.0,0.0,14.0,23.8,846.0,895.1,162.9,49.87962520216751,177.86265029086485,60.0,8.28909247663259
2023-04-18T20:00:00Z,11.0,0.0,0.0,14.4,23.4,827.0,893.9,159.9,48.39436368054339,200.3453622306781,30.0,8.253657621162496
2023-04-18T20:00:00Z,11.0,0.0,0.0,14.4,23.4,827.0,893.9,159.9,48.39436368054339,200.3453622306781,35.0,8.3486894382657
2023-04-18T20:00:00Z,11.0,0.0,0.0,14.4,23.4,827.0,893.9,159.9,48.39436368054339,200.3453622306781,40.0,8.393163681256546
2023-04-18T20:00:00Z,11.0,0.0,0.0,14.4,23.4,827.0,893.9,159.9,48.39436368054339,200.3453622306781,45.0,8.386989977522042
2023-04-18T20:00:00Z,11.0,0.0,0.0,14.4,23.4,827.0,893.9,159.9,48.39436368054339,200.3453622306781,50.0,8.330180759453643
2023-04-18T20:00:00Z,11.0,0.0,0.0,14.4,23.4,827.0,893.9,159.9,48.39436368054339,200.3453622306781,55.0,8.222852132009866
2023-04-18T20:00:00Z,11.0,0.0,0.0,14.4,23.4,827.0,893.9,159.9,48.39436368054339,200.3453622306781,60.0,8.065231800258745
2023-04-18T21:00:00Z,11.6,0.0,0.0,15.1,21.6,753.0,870.4,153.6,43.62034564688995,220.48266475498653,30.0,7.482913879031527
2023-04-18T21:00:00Z,11.6,0.0,0.0,15.1,21.6,753.0,870.4,153.6,43.62034564688995,220.48266475498653,35.0,7.5577809788911665
2023-04-18T21:00:00Z,11.6,0.0,0.0,15.1,21.6,753.0,870.4,153.6,43.62034564688995,220.48266475498653,40.0,7.586402723013888
2023-04-18T21:00:00Z,11.6,0.0,0.0,15.1,21.6,753.0,870.4,153.6,43.62034564688995,220.48266475498653,45.0,7.568699253833478
2023-04-18T21:00:00Z,11.6,0.0,0.0,15.1,21.6,753.0,870.4,153.6,43.62034564688995,220.48266475498653,50.0,7.504719880642637
2023-04-18T21:00:00Z,11.6,0.0,0.0,15.1,21.6,753.0,870.4,153.6,43.62034564688995,220.48266475498653,55.0,7.3946451041984735
2023-04-18T21:00:00Z,11.6,0.0,0.0,15.1,21.6,753.0,870.4,153.6,43.62034564688995,220.48266475498653,60.0,7.238793857729847
2023-04-18T22:00:00Z,11.7,9.0,0.0,14.0,21.2,550.0,644.3,167.2,36.51872771666972,237.40061456634996,30.0,5.356707039580409
2023-04-18T22:00:00Z,11.7,9.0,0.0,14.0,21.2,550.0,644.3,167.2,36.51872771666972,237.40061456634996,35.0,5.384144670869895
2023-04-18T22:00:00Z,11.7,9.0,0.0,14.0,21.2,550.0,644.3,167.2,36.51872771666972,237.40061456634996,40.0,5.37897376460782
2023-04-18T22:00:00Z,11.7,9.0,0.0,14.0,21.2,550.0,644.3,167.2,36.51872771666972,237.40061456634996,45.0,5.341217820987906
2023-04-18T22:00:00Z,11.7,9.0,0.0,14.0,21.2,550.0,644.3,167.2,36.51872771666972,237.40061456634996,50.0,5.27104904696575
2023-04-18T22:00:00Z,11.7,9.0,0.0,14.0,21.2,550.0,644.3,167.2,36.51872771666972,237.40061456634996,55.0,5.168790364674756
2023-04-18T22:00:00Z,11.7,9.0,0.0,14.0,21.2,550.0,644.3,167.2,36.51872771666972,237.40061456634996,60.0,5.0349190452965695
2023-04-18T23:00:00Z,11.2,13.0,0.0,13.7,18.7,356.0,414.9,161.3,28.023810083079656,251.66598467128227,30.0,3.276615221506056
2023-04-18T23:00:00Z,11.2,13.0,0.0,13.7,18.7,356.0,414.9,161.3,28.023810083079656,251.66598467128227,35.0,3.262161463357736
2023-04-18T23:00:00Z,11.2,13.0,0.0,13.7,18.7,356.0,414.9,161.3,28.023810083079656,251.66598467128227,40.0,3.2291875710744726
2023-04-18T23:00:00Z,11.2,13.0,0.0,13.7,18.7,356.0,414.9,161.3,28.023810083079656,251.66598467128227,45.0,3.1778931614507084
2023-04-18T23:00:00Z,11.2,13.0,0.0,13.7,18.7,356.0,414.9,161.3,28.023810083079656,251.66598467128227,50.0,3.1085901925487303
2023-04-18T23:00:00Z,11.2,13.0,0.0,13.7,18.7,356.0,414.9,161.3,28.023810083079656,251.66598467128227,55.0,3.0217029072133035
2023-04-18T23:00:00Z,11.2,13.0,0.0,13.7,18.7,356.0,414.9,161.3,28.023810083079656,251.66598467128227,60.0,2.91776765765823
2023-04-19T00:00:00Z,10.4,0.0,0.0,12.2,21.2,127.0,75.3,102.7,18.825683557951656,264.222588962688,30.0,1.0180800274630806
2023-04-19T00:00:00Z,10.4,0.0,0.0,12.2,21.2,127.0,75.3,102.7,18.825683557951656,264.222588962688,35.0,0.9970628269528559
2023-04-19T00:00:00Z,10.4,0.0,0.0,12.2,21.2,127.0,75.3,102.7,18.825683557951656,264.222588962688,40.0,0.9721520082187302
2023-04-19T00:00:00Z,10.4,0.0,0.0,12.2,21.2,127.0,75.3,102.7,18.825683557951656,264.222588962688,45.0,0.9435298225476845
2023-04-19T00:00:00Z,10.4,0.0,0.0,12.2,21.2,127.0,75.3,102.7,18.825683557951656,264.222588962688,50.0,0.9114061294237917
2023-04-19T00:00:00Z,10.4,0.0,0.0,12.2,21.2,127.0,75.3,102.7,18.825683557951656,264.222588962688,55.0,0.8760170405197206
2023-04-19T00:00:00Z,10.4,0.0,0.0,12.2,21.2,127.0,75.3,102.7,18.825683557951656,264.222588962688,60.0,0.837623376045676
2023-04-19T01:00:00Z,9.7,44.0,0.0,12.6,20.2,60.0,46.0,52.5,9.42094589196163,275.9218210003586,30.0,0.4157527079207415
2023-04-19T01:00:00Z,9.7,44.0,0.0,12.6,20.2,60.0,46.0,52.5,9.42094589196163,275.9218210003586,35.0,0.40018444020954397
2023-04-19T01:00:00Z,9.7,44.0,0.0,12.6,20.2,60.0,46.0,52.5,9.42094589196163,275.9218210003586,40.0,0.3832594585898125
2023-04-19T01:00:00Z,9.7,44.0,0.0,12.6,20.2,60.0,46.0,52.5,9.42094589196163,275.9218210003586,45.0,0.3651049364537794
2023-04-19T01:00:00Z,9.7,44.0,0.0,12.6,20.2,60.0,46.0,52.5,9.42094589196163,275.9218210003586,50.0,0.3458574681484511
2023-04-19T01:00:00Z,9.7,44.0,0.0,12.6,20.2,60.0,46.0,52.5,9.42094589196163,275.9218210003586,55.0,0.32566207715985585
2023-04-19T01:00:00Z,9.7,44.0,0.0,12.6,20.2,60.0,46.0,52.5,9.42094589196163,275.9218210003586,60.0,0.30783235537947007
2023-04-19T02:00:00Z,8.9,37.0,0.0,10.4,16.6,8.0,0.0,8.0,0.21092954316505688,287.462385459825,30.0,0.011830853975257263
2023-04-19T02:00:00Z,8.9,37.0,0.0,10.4,16.6,8.0,0.0,8.0,0.21092954316505688,287.462385459825,35.0,0.01049497436647713
2023-04-19T02:00:00Z,8.9,37.0,0.0,10.4,16.6,8.0,0.0,8.0,0.21092954316505688,287.462385459825,40.0,0.008981365791335825
2023-04-19T02:00:00Z,8.9,37.0,0.0,10.4,16.6,8.0,0.0,8.0,0.21092954316505688,287.462385459825,45.0,0.007301528023643301
2023-04-19T02:00:00Z,8.9,37.0,0.0,10.4,16.6,8.0,0.0,8.0,0.21092954316505688,287.462385459825,50.0,0.005468225323800013
2023-04-19T02:00:00Z,8.9,37.0,0.0,10.4,16.6,8.0,0.0,8.0,0.21092954316505688,287.462385459825,55.0,0.0034953899123550286
2023-04-19T02:00:00Z,8.9,37.0,0.0,10.4,16.6,8.0,0.0,8.0,0.21092954316505688,287.462385459825,60.0,0.0013980165547263104
2023-04-19T03:00:00Z,7.5,38.0,0.0,9.0,16.6,0.0,0.0,0.0,-8.418689070551837,299.43283689788433,30.0,0.0
2023-04-19T03:00:00Z,7.5,38.0,0.0,9.0,16.6,0.0,0.0,0.0,-8.418689070551837,299.43283689788433,35.0,0.0
2023-04-19T03:00:00Z,7.5,38.0,0.0,9.0,16.6,0.0,0.0,0.0,-8.418689070551837,299.43283689788433,40.0,0.0
2023-04-19T03:00:00Z,7.5,38.0,0.0,9.0,16.6,0.0,0.0,0.0,-8.418689070551837,299.43283689788433,45.0,0.0
2023-04-19T03:00:00Z,7.5,38.0,0.0,9.0,16.6,0.0,0.0,0.0,-8.418689070551837,299.43283689788433,50.0,0.0
2023-04-19T03:00:00Z,7.5,38.0,0.0,9.0,16.6,0.0,0.0,0.0,-8.418689070551837,299.43283689788433,55.0,0.0
2023-04-19T03:00:00Z,7.5,38.0,0.0,9.0,16.6,0.0,0.0,0.0,-8.418689070551837,299.43283689788433,60.0,0.0
2023-04-19T04:00:00Z,6.4,56.0,0.0,9.4,24.8,0.0,0.0,0.0,-16.04142973998468,312.3319002669815,30.0,0.0
2023-04-19T04:00:00Z,6.4,56.0,0.0,9.4,24.8,0.0,0.0,0.0,-16.04142973998468,312.3319002669815,35.0,0.0
2023-04-19T04:00:00Z,6.4,56.0,0.0,9.4,24.8,0.0,0.0,0.0,-16.04142973998468,312.3319002669815,40.0,0.0
2023-04-19T04:00:00Z,6.4,56.0,0.0,9.4,24.8,0.0,0.0,0.0,-16.04142973998468,312.3319002669815,45.0,0.0
2023-04-19T04:00:00Z,6.4,56.0,0.0,9.4,24.8,0.0,0.0,0.0,-16.04142973998468,312.3319002669815,50.0,0.0
2023-04-19T04:00:00Z,6.4,56.0,0.0,9.4,24.8,0.0,0.0,0.0,-16.04142973998468,312.3319002669815,55.0,0.0
2023-04-19T04:00:00Z,6.4,56.0,0.0,9.4,24.8,0.0,0.0,0.0,-16.04142973998468,312.3319002669815,60.0,0.0
2023-04-19T05:00:00Z,5.8,91.0,0.0,12.2,4.7,0.0,0.0,0.0,-22.162312494588235,326.5131036264229,30.0,0.0
2023-04-19T05:00:00Z,5.8,91.0,0.0,12.2,4.7,0.0,0.0,0.0,-22.162312494588235,326.5131036264229,35.0,0.0
2023-04-19T05:00:00Z,5.8,91.0,0.0,12.2,4.7,0.0,0.0,0.0,-22.162312494588235,326.5131036264229,40.0,0.0
2023-04-19T05:00:00Z,5.8,91.0,0.0,12.2,4.7,0.0,0.0,0.0,-22.162312494588235,326.5131036264229,45.0,0.0
2023-04-19T05:00:00Z,5.8,91.0,0.0,12.2,4.7,0.0,0.0,0.0,-22.162312494588235,326.5131036264229,50.0,0.0
2023-04-19T05:00:00Z,5.8,91.0,0.0,12.2,4.7,0.0,0.0,0.0,-22.162312494588235,326.5131036264229,55.0,0.0
2023-04-19T05:00:00Z,5.8,91.0,0.0,12.2,4.7,0.0,0.0,0.0,-22.162312494588235,326.5131036264229,60.0,0.0
2023-04-19T06:00:00Z,5.5,100.0,0.0,4.7,2.2,0.0,0.0,0.0,-26.245384397217272,342.0319116937561,30.0,0.0
2023-04-19T06:00:00Z,5.5,100.0,0.0,4.7,2.2,0.0,0.0,0.0,-26.245384397217272,342.0319116937561,35.0,0.0
2023-04-19T06:00:00Z,5.5,100.0,0.0,4.7,2.2,0.0,0.0,0.0,-26.245384397217272,342.0319116937561,40.0,0.0
2023-04-19T06:00:00Z,5.5,100.0,0.0,4.7,2.2,0.0,0.0,0.0,-26.245384397217272,342.0319116937561,45.0,0.0
2023-04-19T06:00:00Z,5.5,100.0,0.0,4.7,2.2,0.0,0.0,0.0,-26.245384397217272,342.0319116937561,50.0,0.0
2023-04-19T06:00:00Z,5.5,100.0,0.0,4.7,2.2,0.0,0.0,0.0,-26.245384397217272,342.0319116937561,55.0,0.0
2023-04-19T06:00:00Z,5.5,100.0,0.0,4.7,2.2,0.0,0.0,0.0,-26.245384397217272,342.0319116937561,60.0,0.0
2023-04-19T07:00:00Z,4.8,37.0,0.0,2.2,7.6,0.0,0.0,0.0,-27.82988364064878,358.473947579325,30.0,0.0
2023-04-19T07:00:00Z,4.8,37.0,0.0,2.2,7.6,0.0,0.0,0.0,-27.82988364064878,358.473947579325,35.0,0.0
2023-04-19T07:00:00Z,4.8,37.0,0.0,2.2,7.6,0.0,0.0,0.0,-27.82988364064878,358.473947579325,40.0,0.0
2023-04-19T07:00:00Z,4.8,37.0,0.0,2.2,7.6,0.0,0.0,0.0,-27.82988364064878,358.473947579325,45.0,0.0
2023-04-19T07:00:00Z,4.8,37.0,0.0,2.2,7.6,0.0,0.0,0.0,-27.82988364064878,358.473947579325,50.0,0.0
2023-04-19T07:00:00Z,4.8,37.0,0.0,2.2,7.6,0.0,0.0,0.0,-27.82988364064878,358.473947579325,55.0,0.0
2023-04-19T07:00:00Z,4.8,37.0,0.0,2.2,7.6,0.0,0.0,0.0,-27.82988364064878,358.473947579325,60.0,0.0
2023-04-19T08:00:00Z,4.2,30.0,0.0,7.6,18.0,0.0,0.0,0.0,-26.7076551523803,14.997109980517223,30.0,0.0
2023-04-19T08:00:00Z,4.2,30.0,0.0,7.6,18.0,0.0,0.0,0.0,-26.7076551523803,14.997109980517223,35.0,0.0
2023-04-19T08:00:00Z,4.2,30.0,0.0,7.6,18.0,0.0,0.0,0.0,-26.7076551523803,14.997109980517223,40.0,0.0
2023-04-19T08:00:00Z,4.2,30.0,0.0,7.6,18.0,0.0,0.0,0.0,-26.7076551523803,14.997109980517223,45.0,0.0
2023-04-19T08:00:00Z,4.2,30.0,0.0,7.6,18.0,0.0,0.0,0.0,-26.7076551523803,14.997109980517223,50.0,0.0
2023-04-19T08:00:00Z,4.2,30.0,0.0,7.6,18.0,0.0,0.0,0.0,-26.7076551523803,14.997109980517223,55.0,0.0
2023-04-19T08:00:00Z,4.2,30.0,0.0,7.6,18.0,0.0,0.0,0.0,-26.7076551523803,14.997109980517223,60.0,0.0
2023-04-19T09:00:00Z,3.0,89.0,0.0,10.1,19.1,0.0,0.0,0.0,-23.027027326193732,30.716776940731847,30.0,0.0
2023-04-19T09:00:00Z,3.0,89.0,0.0,10.1,19.1,0.0,0.0,0.0,-23.027027326193732,30.716776940731847,35.0,0.0
2023-04-19T09:00:00Z,3.0,89.0,0.0,10.1,19.1,0.0,0.0,0.0,-23.027027326193732,30.716776940731847,40.0,0.0
2023-04-19T09:00:00Z,3.0,89.0,0.0,10.1,19.1,0.0,0.0,0.0,-23.027027326193732,30.716776940731847,45.0,0.0
2023-04-19T09:00:00Z,3.0,89.0,0.0,10.1,19.1,0.0,0.0,0.0,-23.027027326193732,30.716776940731847,50.0,0.0
2023-04-19T09:00:00Z,3.0,89.0,0.0,10.1,19.1,0.0,0.0,0.0,-23.027027326193732,30.716776940731847,55.0,0.0
2023-04-19T09:00:00Z,3.0,89.0,0.0,10.1,19.1,0.0,0.0,0.0,-23.027027326193732,30.716776940731847,60.0,0.0
2023-04-19T10:00:00Z,2.5,91.0,0.0,7.9,11.2,0.0,0.0,0.0,-17.21699550812333,45.13075192916415,30.0,0.0
2023-04-19T10:00:00Z,2.5,91.0,0.0,7.9,11.2,0.0,0.0,0.0,-17.21699550812333,45.13075192916415,35.0,0.0
2023-04-19T10:00:00Z,2.5,91.0,0.0,7.9,11.2,0.0,0.0,0.0,-17.21699550812333,45.13075192916415,40.0,0.0
2023-04-19T10:00:00Z,2.5,91.0,0.0,7.9,11.2,0.0,0.0,0.0,-17.21699550812333,45.13075192916415,45.0,0.0
2023-04-19T10:00:00Z,2.5,91.0,0.0,7.9,11.2,0.0,0.0,0.0,-17.21699550812333,45.13075192916415,50.0,0.0
2023-04-19T10:00:00Z,2.5,91.0,0.0,7.9,11.2,0.0,0.0,0.0,-17.21699550812333,45.13075192916415,55.0,0.0
2023-04-19T10:00:00Z,2.5,91.0,0.0,7.9,11.2,0.0,0.0,0.0,-17.21699550812333,45.13075192916415,60.0,0.0
2023-04-19T11:00:00Z,2.2,100.0,0.0,5.0,12.2,0.0,0.0,0.0,-9.810727733178778,58.22216037618375,30.0,0.0
2023-04-19T11:00:00Z,2.2,100.0,0.0,5.0,12.2,0.0,0.0,0.0,-9.810727733178778,58.22216037618375,35.0,0.0
2023-04-19T11:00:00Z,2.2,100.0,0.0,5.0,12.2,0.0,0.0,0.0,-9.810727733178778,58.22216037618375,40.0,0.0
2023-04-19T11:00:00Z,2.2,100.0,0.0,5.0,12.2,0.0,0.0,0.0,-9.810727733178778,58.22216037618375,45.0,0.0
2023-04-19T11:00:00Z,2.2,100.0,0.0,5.0,12.2,0.0,0.0,0.0,-9.810727733178778,58.22216037618375,50.0,0.0
2023-04-19T11:00:00Z,2.2,100.0,0.0,5.0,12.2,0.0,0.0,0.0,-9.810727733178778,58.22216037618375,55.0,0.0
2023-04-19T11:00:00Z,2.2,100.0,0.0,5.0,12.2,0.0,0.0,0.0,-9.810727733178778,58.22216037618375,60.0,0.0
2023-04-19T12:00:00Z,0.2,0.0,0.0,6.5,5.4,6.0,0.0,6.0,-1.3135414646500374,70.3053508861928,30.0,0.0
2023-04-19T12:00:00Z,0.2,0.0,0.0,6.5,5.4,6.0,0.0,6.0,-1.3135414646500374,70.3053508861928,35.0,0.0
2023-04-19T12:00:00Z,0.2,0.0,0.0,6.5,5.4,6.0,0.0,6.0,-1.3135414646500374,70.3053508861928,40.0,0.0
2023-04-19T12:00:00Z,0.2,0.0,0.0,6.5,5.4,6.0,0.0,6.0,-1.3135414646500374,70.3053508861928,45.0,0.0
2023-04-19T12:00:00Z,0.2,0.0,0.0,6.5,5.4,6.0,0.0,6.0,-1.3135414646500374,70.3053508861928,50.0,0.0
2023-04-19T12:00:00Z,0.2,0.0,0.0,6.5,5.4,6.0,0.0,6.0,-1.3135414646500374,70.3053508861928,55.0,0.0
2023-04-19T12:00:00Z,0.2,0.0,0.0,6.5,5.4,6.0,0.0,6.0,-1.3135414646500374,70.3053508861928,60.0,0.0
2023-04-19T13:00:00Z,-3.4,76.0,0.0,5.4,2.2,30.0,5.2,29.3,7.838362761973429,81.85955272406551,30.0,0.20276136822166416
2023-04-19T13:00:00Z,-3.4,76.0,0.0,5.4,2.2,30.0,5.2,29.3,7.838362761973429,81.85955272406551,35.0,0.1968190961998062
2023-04-19T13:00:00Z,-3.4,76.0,0.0,5.4,2.2,30.0,5.2,29.3,7.838362761973429,81.85955272406551,40.0,0.19019577275868813
2023-04-19T13:00:00Z,-3.4,76.0,0.0,5.4,2.2,30.0,5.2,29.3,7.838362761973429,81.85955272406551,45.0,0.1830947536474121
2023-04-19T13:00:00Z,-3.4,76.0,0.0,5.4,2.2,30.0,5.2,29.3,7.838362761973429,81.85955272406551,50.0,0.1762120802743419
2023-04-19T13:00:00Z,-3.4,76.0,0.0,5.4,2.2,30.0,5.2,29.3,7.838362761973429,81.85955272406551,55.0,0.16880458126532086
2023-04-19T13:00:00Z,-3.4,76.0,0.0,5.4,2.2,30.0,5.2,29.3,7.838362761973429,81.85955272406551,60.0,0.16092835370985245
2023-04-19T14:00:00Z,-1.6,100.0,0.0,2.2,1.4,38.0,3.2,37.0,17.257513760125555,93.45692379515327,30.0,0.27474184108461036
2023-04-19T14:00:00Z,-1.6,100.0,0.0,2.2,1.4,38.0,3.2,37.0,17.257513760125555,93.45692379515327,35.0,0.26814558809588407
2023-04-19T14:00:00Z,-1.6,100.0,0.0,2.2,1.4,38.0,3.2,37.0,17.257513760125555,93.45692379515327,40.0,0.260644542242791
2023-04-19T14:00:00Z,-1.6,100.0,0.0,2.2,1.4,38.0,3.2,37.0,17.257513760125555,93.45692379515327,45.0,0.2522952644219939
2023-04-19T14:00:00Z,-1.6,100.0,0.0,2.2,1.4,38.0,3.2,37.0,17.257513760125555,93.45692379515327,50.0,0.24316075197941395
2023-04-19T14:00:00Z,-1.6,100.0,0.0,2.2,1.4,38.0,3.2,37.0,17.257513760125555,93.45692379515327,55.0,0.23330997582829488
2023-04-19T14:00:00Z,-1.6,100.0,0.0,2.2,1.4,38.0,3.2,37.0,17.257513760125555,93.45692379515327,60.0,0.22281737218528452
2023-04-19T15:00:00Z,-0.6,99.0,0.0,1.4,6.8,113.0,23.7,102.4,26.55308935119909,105.77368920691703,30.0,0.9381816647330722
2023-04-19T15:00:00Z,-0.6,99.0,0.0,1.4,6.8,113.0,23.7,102.4,26.55308935119909,105.77368920691703,35.0,0.9210473158998023
2023-04-19T15:00:00Z,-0.6,99.0,0.0,1.4,6.8,113.0,23.7,102.4,26.55308935119909,105.77368920691703,40.0,0.9007694097097225
2023-04-19T15:00:00Z,-0.6,99.0,0.0,1.4,6.8,113.0,23.7,102.4,26.55308935119909,105.77368920691703,45.0,0.8774970637937138
2023-04-19T15:00:00Z,-0.6,99.0,0.0,1.4,6.8,113.0,23.7,102.4,26.55308935119909,105.77368920691703,50.0,0.8514017413497008
2023-04-19T15:00:00Z,-0.6,99.0,0.0,1.4,6.8,113.0,23.7,102.4,26.55308935119909,105.77368920691703,55.0,0.8226761173479743
2023-04-19T15:00:00Z,-0.6,99.0,0.0,1.4,6.8,113.0,23.7,102.4,26.55308935119909,105.77368920691703,60.0,0.7915327916548709
2023-04-19T16:00:00Z,0.6,96.0,0.0,2.9,10.1,275.0,128.8,200.8,35.25547345314232,119.63719218775833,30.0,2.482642037222661
2023-04-19T16:00:00Z,0.6,96.0,0.0,2.9,10.1,275.0,128.8,200.8,35.25547345314232,119.63719218775833,35.0,2.4609593454191026
2023-04-19T16:00:00Z,0.6,96.0,0.0,2.9,10.1,275.0,128.8,200.8,35.25547345314232,119.63719218775833,40.0,2.4284679357883063
2023-04-19T16:00:00Z,0.6,96.0,0.0,2.9,10.1,275.0,128.8,200.8,35.25547345314232,119.63719218775833,45.0,2.385384158330056
2023-04-19T16:00:00Z,0.6,96.0,0.0,2.9,10.1,275.0,128.8,200.8,35.25547345314232,119.63719218775833,50.0,2.331996019868012
2023-04-19T16:00:00Z,0.6,96.0,0.0,2.9,10.1,275.0,128.8,200.8,35.25547345314232,119.63719218775833,55.0,2.268662185436631
2023-04-19T16:00:00Z,0.6,96.0,0.0,2.9,10.1,275.0,128.8,200.8,35.25547345314232,119.63719218775833,60.0,2.1958106755634064
2023-04-19T17:00:00Z,2.6,67.0,0.0,3.6,11.2,598.0,587.3,200.3,42.71837270485201,136.00601108176653,30.0,5.965501116445047
2023-04-19T17:00:00Z,2.6,67.0,0.0,3.6,11.2,598.0,587.3,200.3,42.71837270485201,136.00601108176653,35.0,6.004913782443746
2023-04-19T17:00:00Z,2.6,67.0,0.0,3.6,11.2,598.0,587.3,200.3,42.71837270485201,136.00601108176653,40.0,6.009145254051413
2023-04-19T17:00:00Z,2.6,67.0,0.0,3.6,11.2,598.0,587.3,200.3,42.71837270485201,136.00601108176653,45.0,5.978179585353148
2023-04-19T17:00:00Z,2.6,67.0,0.0,3.6,11.2,598.0,587.3,200.3,42.71837270485201,136.00601108176653,50.0,5.912133843244119
2023-04-19T17:00:00Z,2.6,67.0,0.0,3.6,11.2,598.0,587.3,200.3,42.71837270485201,136.00601108176653,55.0,5.811260615374429
2023-04-19T17:00:00Z,2.6,67.0,0.0,3.6,11.2,598.0,587.3,200.3,42.71837270485201,136.00601108176653,60.0,5.675953260492324
2023-04-19T18:00:00Z,3.5,0.0,0.0,7.6,22.3,767.0,796.7,175.7,48.044293702678154,155.60852395706365,30.0,7.760063683340899
2023-04-19T18:00:00Z,3.5,0.0,0.0,7.6,22.3,767.0,796.7,175.7,48.044293702678154,155.60852395706365,35.0,7.839907712199418
2023-04-19T18:00:00Z,3.5,0.0,0.0,7.6,22.3,767.0,796.7,175.7,48.044293702678154,155.60852395706365,40.0,7.872839713782982
2023-04-19T18:00:00Z,3.5,0.0,0.0,7.6,22.3,767.0,796.7,175.7,48.044293702678154,155.60852395706365,45.0,7.858786131127413
2023-04-19T18:00:00Z,3.5,0.0,0.0,7.6,22.3,767.0,796.7,175.7,48.044293702678154,155.60852395706365,50.0,7.797778223185457
2023-04-19T18:00:00Z,3.5,0.0,0.0,7.6,22.3,767.0,796.7,175.7,48.044293702678154,155.60852395706365,55.0,7.689953948692049
2023-04-19T18:00:00Z,3.5,0.0,0.0,7.6,22.3,767.0,796.7,175.7,48.044293702678154,155.60852395706365,60.0,7.535566069624477
2023-04-19T19:00:00Z,7.2,20.0,0.0,11.9,29.5,818.0,840.7,173.1,50.22745142472732,177.93250184678038,30.0,8.224173757834704
2023-04-19T19:00:00Z,7.2,20.0,0.0,11.9,29.5,818.0,840.7,173.1,50.22745142472732,177.93250184678038,35.0,8.315731230304037
2023-04-19T19:00:00Z,7.2,20.0,0.0,11.9,29.5,818.0,840.7,173.1,50.22745142472732,177.93250184678038,40.0,8.357338884384115
2023-04-19T19:00:00Z,7.2,20.0,0.0,11.9,29.5,818.0,840.7,173.1,50.22745142472732,177.93250184678038,45.0,8.348912643011722
2023-04-19T19:00:00Z,7.2,20.0,0.0,11.9,29.5,818.0,840.7,173.1,50.22745142472732,177.93250184678038,50.0,8.290469397849478
2023-04-19T19:00:00Z,7.2,20.0,0.0,11.9,29.5,818.0,840.7,173.1,50.22745142472732,177.93250184678038,55.0,8.182128197418667
2023-04-19T19:00:00Z,7.2,20.0,0.0,11.9,29.5,818.0,840.7,173.1,50.22745142472732,177.93250184678038,60.0,8.02411842603433
2023-04-19T20:00:00Z,7.8,3.0,0.0,13.7,35.3,776.0,798.1,177.4,48.72027372192895,200.5405008176714,30.0,7.80114282119198
2023-04-19T20:00:00Z,7.8,3.0,0.0,13.7,35.3,776.0,798.1,177.4,48.72027372192895,200.5405008176714,35.0,7.883252625118093
2023-04-19T20:00:00Z,7.8,3.0,0.0,13.7,35.3,776.0,798.1,177.4,48.72027372192895,200.5405008176714,40.0,7.917802969746141
2023-04-19T20:00:00Z,7.8,3.0,0.0,13.7,35.3,776.0,798.1,177.4,48.72027372192895,200.5405008176714,45.0,7.90470449649758
2023-04-19T20:00:00Z,7.8,3.0,0.0,13.7,35.3,776.0,798.1,177.4,48.72027372192895,200.5405008176714,50.0,7.84399095615178
2023-04-19T20:00:00Z,7.8,3.0,0.0,13.7,35.3,776.0,798.1,177.4,48.72027372192895,200.5405008176714,55.0,7.735820799380066
2023-04-19T20:00:00Z,7.8,3.0,0.0,13.7,35.3,776.0,798.1,177.4,48.72027372192895,200.5405008176714,60.0,7.580484483095055
2023-04-19T21:00:00Z,7.9,6.0,0.0,15.5,31.7,681.0,728.6,176.6,43.9131320607666,220.74930529395516,30.0,6.822605550187553
2023-04-19T21:00:00Z,7.9,6.0,0.0,15.5,31.7,681.0,728.6,176.6,43.9131320607666,220.74930529395516,35.0,6.881122798596722
2023-04-19T21:00:00Z,7.9,6.0,0.0,15.5,31.7,681.0,728.6,176.6,43.9131320607666,220.74930529395516,40.0,6.897871409572923
2023-04-19T21:00:00Z,7.9,6.0,0.0,15.5,31.7,681.0,728.6,176.6,43.9131320607666,220.74930529395516,45.0,6.872791411715275
2023-04-19T21:00:00Z,7.9,6.0,0.0,15.5,31.7,681.0,728.6,176.6,43.9131320607666,220.74930529395516,50.0,6.805972691806694
2023-04-19T21:00:00Z,7.9,6.0,0.0,15.5,31.7,681.0,728.6,176.6,43.9131320607666,220.74930529395516,55.0,6.697657173509334
2023-04-19T21:00:00Z,7.9,6.0,0.0,15.5,31.7,681.0,728.6,176.6,43.9131320607666,220.74930529395516,60.0,6.5482445403458005
2023-04-19T22:00:00Z,7.7,44.0,0.0,15.5,28.8,518.0,564.6,180.5,36.78147676594123,237.68936599070187,30.0,5.069352959458827
2023-04-19T22:00:00Z,7.7,44.0,0.0,15.5,28.8,518.0,564.6,180.5,36.78147676594123,237.68936599070187,35.0,5.087607692989865
2023-04-19T22:00:00Z,7.7,44.0,0.0,15.5,28.8,518.0,564.6,180.5,36.78147676594123,237.68936599070187,40.0,5.075544602640271
2023-04-19T22:00:00Z,7.7,44.0,0.0,15.5,28.8,518.0,564.6,180.5,36.78147676594123,237.68936599070187,45.0,5.033223455739385
2023-04-19T22:00:00Z,7.7,44.0,0.0,15.5,28.8,518.0,564.6,180.5,36.78147676594123,237.68936599070187,50.0,4.960854743363353
2023-04-19T22:00:00Z,7.7,44.0,0.0,15.5,28.8,518.0,564.6,180.5,36.78147676594123,237.68936599070187,55.0,4.858801310050728
2023-04-19T22:00:00Z,7.7,44.0,0.0,15.5,28.8,518.0,564.6,180.5,36.78147676594123,237.68936599070187,60.0,4.7275810401768075
2023-04-19T23:00:00Z,7.2,64.0,0.0,14.8,23.0,360.0,418.3,162.2,28.26632195182056,251.9524338973179,30.0,3.348295064121683
2023-04-19T23:00:00Z,7.2,64.0,0.0,14.8,23.0,360.0,418.3,162.2,28.26632195182056,251.9524338973179,35.0,3.3314088525815024
2023-04-19T23:00:00Z,7.2,64.0,0.0,14.8,23.0,360.0,418.3,162.2,28.26632195182056,251.9524338973179,40.0,3.295591087389562
2023-04-19T23:00:00Z,7.2,64.0,0.0,14.8,23.0,360.0,418.3,162.2,28.26632195182056,251.9524338973179,45.0,3.2410596232873687
2023-04-19T23:00:00Z,7.2,64.0,0.0,14.8,23.0,360.0,418.3,162.2,28.26632195182056,251.9524338973179,50.0,3.168147703882862
2023-04-19T23:00:00Z,7.2,64.0,0.0,14.8,23.0,360.0,418.3,162.2,28.26632195182056,251.9524338973179,55.0,3.07730384127716
2023-04-19T23:00:00Z,7.2,64.0,0.0,14.8,23.0,360.0,418.3,162.2,28.26632195182056,251.9524338973179,60.0,2.96909154955941
2023-04-20T00:00:00Z,4.8,0.0,0.0,15.5,23.4,182.0,187.6,120.8,19.05862263175573,264.49879225856444,30.0,1.523200121146159
2023-04-20T00:00:00Z,4.8,0.0,0.0,15.5,23.4,182.0,187.6,120.8,19.05862263175573,264.49879225856444,35.0,1.491407994308724
2023-04-20T00:00:00Z,4.8,0.0,0.0,15.5,23.4,182.0,187.6,120.8,19.05862263175573,264.49879225856444,40.0,1.4526853138162046
2023-04-20T00:00:00Z,4.8,0.0,0.0,15.5,23.4,182.0,187.6,120.8,19.05862263175573,264.49879225856444,45.0,1.4073075691604993
2023-04-20T00:00:00Z,4.8,0.0,0.0,15.5,23.4,182.0,187.6,120.8,19.05862263175573,264.49879225856444,50.0,1.3555986703107132
2023-04-20T00:00:00Z,4.8,0.0,0.0,15.5,23.4,182.0,187.6,120.8,19.05862263175573,264.49879225856444,55.0,1.29792912858154
2023-04-20T00:00:00Z,4.8,0.0,0.0,15.5,23.4,182.0,187.6,120.8,19.05862263175573,264.49879225856444,60.0,1.2347139312072921
2023-04-20T01:00:00Z,5.1,85.0,0.0,14.0,20.9,69.0,66.0,57.9,9.653980898251197,276.1864517678491,30.0,0.4823722056313412
2023-04-20T01:00:00Z,5.1,85.0,0.0,14.0,20.9,69.0,66.0,57.9,9.653980898251197,276.1864517678491,35.0,0.46215736293613846
2023-04-20T01:00:00Z,5.1,85.0,0.0,14.0,20.9,69.0,66.0,57.9,9.653980898251197,276.1864517678491,40.0,0.4403538828300601
2023-04-20T01:00:00Z,5.1,85.0,0.0,14.0,20.9,69.0,66.0,57.9,9.653980898251197,276.1864517678491,45.0,0.4171253525220871
2023-04-20T01:00:00Z,5.1,85.0,0.0,14.0,20.9,69.0,66.0,57.9,9.653980898251197,276.1864517678491,50.0,0.39264633810370714
2023-04-20T01:00:00Z,5.1,85.0,0.0,14.0,20.9,69.0,66.0,57.9,9.653980898251197,276.1864517678491,55.0,0.36710112332961803
2023-04-20T01:00:00Z,5.1,85.0,0.0,14.0,20.9,69.0,66.0,57.9,9.653980898251197,276.1864517678491,60.0,0.34672839900024033
2023-04-20T02:00:00Z,4.0,72.0,0.0,12.2,17.6,12.0,1.9,11.9,0.45257756503639957,287.71521459225517,30.0,0.04619391877717924
2023-04-20T02:00:00Z,4.0,72.0,0.0,12.2,17.6,12.0,1.9,11.9,0.45257756503639957,287.71521459225517,35.0,0.044183803745579675
2023-04-20T02:00:00Z,4.0,72.0,0.0,12.2,17.6,12.0,1.9,11.9,0.45257756503639957,287.71521459225517,40.0,0.04190622217349229
2023-04-20T02:00:00Z,4.0,72.0,0.0,12.2,17.6,12.0,1.9,11.9,0.45257756503639957,287.71521459225517,45.0,0.03937846536519557
2023-04-20T02:00:00Z,4.0,72.0,0.0,12.2,17.6,12.0,1.9,11.9,0.45257756503639957,287.71521459225517,50.0,0.0366197272770047
2023-04-20T02:00:00Z,4.0,72.0,0.0,12.2,17.6,12.0,1.9,11.9,0.45257756503639957,287.71521459225517,55.0,0.03365095977015447
2023-04-20T02:00:00Z,4.0,72.0,0.0,12.2,17.6,12.0,1.9,11.9,0.45257756503639957,287.71521459225517,60.0,0.030494714485106884
2023-04-20T03:00:00Z,2.5,68.0,0.0,9.4,15.8,0.0,0.0,0.0,-8.161002485104769,299.6715810775179,30.0,0.0
2023-04-20T03:00:00Z,2.5,68.0,0.0,9.4,15.8,0.0,0.0,0.0,-8.161002485104769,299.6715810775179,35.0,0.0
2023-04-20T03:00:00Z,2.5,68.0,0.0,9.4,15.8,0.0,0.0,0.0,-8.161002485104769,299.6715810775179,40.0,0.0
2023-04-20T03:00:00Z,2.5,68.0,0.0,9.4,15.8,0.0,0.0,0.0,-8.161002485104769,299.6715810775179,45.0,0.0
2023-04-20T03:00:00Z,2.5,68.0,0.0,9.4,15.8,0.0,0.0,0.0,-8.161002485104769,299.6715810775179,50.0,0.0
2023-04-20T03:00:00Z,2.5,68.0,0.0,9.4,15.8,0.0,0.0,0.0,-8.161002485104769,299.6715810775179,55.0,0.0
2023-04-20T03:00:00Z,2.5,68.0,0.0,9.4,15.8,0.0,0.0,0.0,-8.161002485104769,299.6715810775179,60.0,0.0
2023-04-20T04:00:00Z,1.5,69.0,0.0,8.3,14.4,0.0,0.0,0.0,-15.761789970295277,312.5498100358251,30.0,0.0
2023-04-20T04:00:00Z,1.5,69.0,0.0,8.3,14.4,0.0,0.0,0.0,-15.761789970295277,312.5498100358251,35.0,0.0
2023-04-20T04:00:00Z,1.5,69.0,0.0,8.3,14.4,0.0,0.0,0.0,-15.761789970295277,312.5498100358251,40.0,0.0
2023-04-20T04:00:00Z,1.5,69.0,0.0,8.3,14.4,0.0,0.0,0.0,-15.761789970295277,312.5498100358251,45.0,0.0
2023-04-20T04:00:00Z,1.5,69.0,0.0,8.3,14.4,0.0,0.0,0.0,-15.761789970295277,312.5498100358251,50.0,0.0
2023-04-20T04:00:00Z,1.5,69.0,0.0,8.3,14.4,0.0,0.0,0.0,-15.761789970295277,312.5498100358251,55.0,0.0
2023-04-20T04:00:00Z,1.5,69.0,0.0,8.3,14.4,0.0,0.0,0.0,-15.761789970295277,312.5498100358251,60.0,0.0
2023-04-20T05:00:00Z,1.1,55.0,0.0,7.6,9.7,0.0,0.0,0.0,-21.85759172852111,326.6973097429948,30.0,0.0
2023-04-20T05:00:00Z,1.1,55.0,0.0,7.6,9.7,0.0,0.0,0.0,-21.85759172852111,326.6973097429948,35.0,0.0
2023-04-20T05:00:00Z,1.1,55.0,0.0,7.6,9.7,0.0,0.0,0.0,-21.85759172852111,326.6973097429948,40.0,0.0
2023-04-20T05:00:00Z,1.1,55.0,0.0,7.6,9.7,0.0,0.0,0.0,-21.85759172852111,326.6973097429948,45.0,0.0
2023-04-20T05:00:00Z,1.1,55.0,0.0,7.6,9.7,0.0,0.0,0.0,-21.85759172852111,326.6973097429948,50.0,0.0
2023-04-20T05:00:00Z,1.1,55.0,0.0,7.6,9.7,0.0,0.0,0.0,-21.85759172852111,326.6973097429948,55.0,0.0
2023-04-20T05:00:00Z,1.1,55.0,0.0,7.6,9.7,0.0,0.0,0.0,-21.85759172852111,326.6973097429948,60.0,0.0
2023-04-20T06:00:00Z,0.3,0.0,0.0,6.1,4.7,0.0,0.0,0.0,-25.917191317380112,342.1646454764476,30.0,0.0
2023-04-20T06:00:00Z,0.3,0.0,0.0,6.1,4.7,0.0,0.0,0.0,-25.917191317380112,342.1646454764476,35.0,0.0
2023-04-20T06:00:00Z,0.3,0.0,0.0,6.1,4.7,0.0,0.0,0.0,-25.917191317380112,342.1646454764476,40.0,0.0
2023-04-20T06:00:00Z,0.3,0.0,0.0,6.1,4.7,0.0,0.0,0.0,-25.917191317380112,342.1646454764476,45.0,0.0
2023-04-20T06:00:00Z,0.3,0.0,0.0,6.1,4.7,0.0,0.0,0.0,-25.917191317380112,342.1646454764476,50.0,0.0
2023-04-20T06:00:00Z,0.3,0.0,0.0,6.1,4.7,0.0,0.0,0.0,-25.917191317380112,342.1646454764476,55.0,0.0
2023-04-20T06:00:00Z,0.3,0.0,0.0,6.1,4.7,0.0,0.0,0.0,-25.917191317380112,342.1646454764476,60.0,0.0
2023-04-20T07:00:00Z,-1.8,58.0,0.0,4.7,4.7,0.0,0.0,0.0,-27.48568154702742,358.5393077162761,30.0,0.0
2023-04-20T07:00:00Z,-1.8,58.0,0.0,4.7,4.7,0.0,0.0,0.0,-27.48568154702742,358.5393077162761,35.0,0.0
2023-04-20T07:00:00Z,-1.8,58.0,0.0,4.7,4.7,0.0,0.0,0.0,-27.48568154702742,358.5393077162761,40.0,0.0
2023-04-20T07:00:00Z,-1.8,58.0,0.0,4.7,4.7,0.0,0.0,0.0,-27.48568154702742,358.5393077162761,45.0,0.0
2023-04-20T07:00:00Z,-1.8,58.0,0.0,4.7,4.7,0.0,0.0,0.0,-27.48568154702742,358.5393077162761,50.0,0.0
2023-04-20T07:00:00Z,-1.8,58.0,0.0,4.7,4.7,0.0,0.0,0.0,-27.48568154702742,358.5393077162761,55.0,0.0
2023-04-20T07:00:00Z,-1.8,58.0,0.0,4.7,4.7,0.0,0.0,0.0,-27.48568154702742,358.5393077162761,60.0,0.0
2023-04-20T08:00:00Z,-1.8,80.0,0.0,4.7,4.7,0.0,0.0,0.0,-26.35880667698941,14.990529279297107,30.0,0.0
2023-04-20T08:00:00Z,-1.8,80.0,0.0,4.7,4.7,0.0,0.0,0.0,-26.35880667698941,14.990529279297107,35.0,0.0
2023-04-20T08:00:00Z,-1.8,80.0,0.0,4.7,4.7,0.0,0.0,0.0,-26.35880667698941,14.990529279297107,40.0,0.0
2023-04-20T08:00:00Z,-1.8,80.0,0.0,4.7,4.7,0.0,0.0,0.0,-26.35880667698941,14.990529279297107,45.0,0.0
2023-04-20T08:00:00Z,-1.8,80.0,0.0,4.7,4.7,0.0,0.0,0.0,-26.35880667698941,14.990529279297107,50.0,0.0
2023-04-20T08:00:00Z,-1.8,80.0,0.0,4.7,4.7,0.0,0.0,0.0,-26.35880667698941,14.990529279297107,55.0,0.0
2023-04-20T08:00:00Z,-1.8,80.0,0.0,4.7,4.7,0.0,0.0,0.0,-26.35880667698941,14.990529279297107,60.0,0.0
2023-04-20T09:00:00Z,-1.7,78.0,0.0,4.7,4.7,0.0,0.0,0.0,-22.684135248708806,30.6476409322961,30.0,0.0
2023-04-20T09:00:00Z,-1.7,78.0,0.0,4.7,4.7,0.0,0.0,0.0,-22.684135248708806,30.6476409322961,35.0,0.0
2023-04-20T09:00:00Z,-1.7,78.0,0.0,4.7,4.7,0.0,0.0,0.0,-22.684135248708806,30.6476409322961,40.0,0.0
2023-04-20T09:00:00Z,-1.7,78.0,0.0,4.7,4.7,0.0,0.0,0.0,-22.684135248708806,30.6476409322961,45.0,0.0
2023-04-20T09:00:00Z,-1.7,78.0,0.0,4.7,4.7,0.0,0.0,0.0,-22.684135248708806,30.6476409322961,50.0,0.0
2023-04-20T09:00:00Z,-1.7,78.0,0.0,4.7,4.7,0.0,0.0,0.0,-22.684135248708806,30.6476409322961,55.0,0.0
2023-04-20T09:00:00Z,-1.7,78.0,0.0,4.7,4.7,0.0,0.0,0.0,-22.684135248708806,30.6476409322961,60.0,0.0
2023-04-20T10:00:00Z,-1.7,77.0,0.0,4.7,4.0,0.0,0.0,0.0,-16.886265173279206,45.01543205296275,30.0,0.0
2023-04-20T10:00:00Z,-1.7,77.0,0.0,4.7,4.0,0.0,0.0,0.0,-16.886265173279206,45.01543205296275,35.0,0.0
2023-04-20T10:00:00Z,-1.7,77.0,0.0,4.7,4.0,0.0,0.0,0.0,-16.886265173279206,45.01543205296275,40.0,0.0
2023-04-20T10:00:00Z,-1.7,77.0,0.0,4.7,4.0,0.0,0.0,0.0,-16.886265173279206,45.01543205296275,45.0,0.0
2023-04-20T10:00:00Z,-1.7,77.0,0.0,4.7,4.0,0.0,0.0,0.0,-16.886265173279206,45.01543205296275,50.0,0.0
2023-04-20T10:00:00Z,-1.7,77.0,0.0,4.7,4.0,0.0,0.0,0.0,-16.886265173279206,45.01543205296275,55.0,0.0
2023-04-20T10:00:00Z,-1.7,77.0,0.0,4.7,4.0,0.0,0.0,0.0,-16.886265173279206,45.01543205296275,60.0,0.0
2023-04-20T11:00:00Z,-1.8,81.0,0.0,4.0,5.4,0.0,0.0,0.0,-9.4934902874589,58.075858929736455,30.0,0.0
2023-04-20T11:00:00Z,-1.8,81.0,0.0,4.0,5.4,0.0,0.0,0.0,-9.4934902874589,58.075858929736455,35.0,0.0
2023-04-20T11:00:00Z,-1.8,81.0,0.0,4.0,5.4,0.0,0.0,0.0,-9.4934902874589,58.075858929736455,40.0,0.0
2023-04-20T11:00:00Z,-1.8,81.0,0.0,4.0,5.4,0.0,0.0,0.0,-9.4934902874589,58.075858929736455,45.0,0.0
2023-04-20T11:00:00Z,-1.8,81.0,0.0,4.0,5.4,0.0,0.0,0.0,-9.4934902874589,58.075858929736455,50.0,0.0
2023-04-20T11:00:00Z,-1.8,81.0,0.0,4.0,5.4,0.0,0.0,0.0,-9.4934902874589,58.075858929736455,55.0,0.0
2023-04-20T11:00:00Z,-1.8,81.0,0.0,4.0,5.4,0.0,0.0,0.0,-9.4934902874589,58.075858929736455,60.0,0.0
2023-04-20T12:00:00Z,-1.6,0.0,0.0,5.0,3.6,5.0,0.0,5.0,-1.00761468594988,70.13871773273206,30.0,0.0
2023-04-20T12:00:00Z,-1.6,0.0,0.0,5.0,3.6,5.0,0.0,5.0,-1.00761468594988,70.13871773273206,35.0,0.0
2023-04-20T12:00:00Z,-1.6,0.0,0.0,5.0,3.6,5.0,0.0,5.0,-1.00761468594988,70.13871773273206,40.0,0.0
2023-04-20T12:00:00Z,-1.6,0.0,0.0,5.0,3.6,5.0,0.0,5.0,-1.00761468594988,70.13871773273206,45.0,0.0
2023-04-20T12:00:00Z,-1.6,0.0,0.0,5.0,3.6,5.0,0.0,5.0,-1.00761468594988,70.13871773273206,50.0,0.0
2023-04-20T12:00:00Z,-1.6,0.0,0.0,5.0,3.6,5.0,0.0,5.0,-1.00761468594988,70.13871773273206,55.0,0.0
2023-04-20T12:00:00Z,-1.6,0.0,0.0,5.0,3.6,5.0,0.0,5.0,-1.00761468594988,70.13871773273206,60.0,0.0
2023-04-20T13:00:00Z,-2.9,85.0,0.0,3.2,7.2,66.0,88.8,53.4,8.13727194457873,81.67918538750223,30.0,0.4345762157399892
2023-04-20T13:00:00Z,-2.9,85.0,0.0,3.2,7.2,66.0,88.8,53.4,8.13727194457873,81.67918538750223,35.0,0.40884686531330705
2023-04-20T13:00:00Z,-2.9,85.0,0.0,3.2,7.2,66.0,88.8,53.4,8.13727194457873,81.67918538750223,40.0,0.38178421560120673
2023-04-20T13:00:00Z,-2.9,85.0,0.0,3.2,7.2,66.0,88.8,53.4,8.13727194457873,81.67918538750223,45.0,0.35485346992969735
2023-04-20T13:00:00Z,-2.9,85.0,0.0,3.2,7.2,66.0,88.8,53.4,8.13727194457873,81.67918538750223,50.0,0.34402908152853773
2023-04-20T13:00:00Z,-2.9,85.0,0.0,3.2,7.2,66.0,88.8,53.4,8.13727194457873,81.67918538750223,55.0,0.3323779593791182
2023-04-20T13:00:00Z,-2.9,85.0,0.0,3.2,7.2,66.0,88.8,53.4,8.13727194457873,81.67918538750223,60.0,0.319988059419852
2023-04-20T14:00:00Z,-1.5,79.0,0.0,3.6,13.0,152.0,142.4,109.1,17.554986982214437,93.26751598852172,30.0,1.2607552277129663
2023-04-20T14:00:00Z,-1.5,79.0,0.0,3.6,13.0,152.0,142.4,109.1,17.554986982214437,93.26751598852172,35.0,1.230403508609326
2023-04-20T14:00:00Z,-1.5,79.0,0.0,3.6,13.0,152.0,142.4,109.1,17.554986982214437,93.26751598852172,40.0,1.1947456036151778
2023-04-20T14:00:00Z,-1.5,79.0,0.0,3.6,13.0,152.0,142.4,109.1,17.554986982214437,93.26751598852172,45.0,1.1540378063233931
2023-04-20T14:00:00Z,-1.5,79.0,0.0,3.6,13.0,152.0,142.4,109.1,17.554986982214437,93.26751598852172,50.0,1.108573685839881
2023-04-20T14:00:00Z,-1.5,79.0,0.0,3.6,13.0,152.0,142.4,109.1,17.554986982214437,93.26751598852172,55.0,1.0586823430443366
2023-04-20T14:00:00Z,-1.5,79.0,0.0,3.6,13.0,152.0,142.4,109.1,17.554986982214437,93.26751598852172,60.0,1.0047264170409265
2023-04-20T15:00:00Z,-0.2,83.0,0.0,4.0,11.9,242.0,179.3,161.1,26.855571319366703,105.58121754717769,30.0,2.1686023466631164
2023-04-20T15:00:00Z,-0.2,83.0,0.0,4.0,11.9,242.0,179.3,161.1,26.855571319366703,105.58121754717769,35.0,2.143136692918318
2023-04-20T15:00:00Z,-0.2,83.0,0.0,4.0,11.9,242.0,179.3,161.1,26.855571319366703,105.58121754717769,40.0,2.1076066275453074
2023-04-20T15:00:00Z,-0.2,83.0,0.0,4.0,11.9,242.0,179.3,161.1,26.855571319366703,105.58121754717769,45.0,2.0622522813798754
2023-04-20T15:00:00Z,-0.2,83.0,0.0,4.0,11.9,242.0,179.3,161.1,26.855571319366703,105.58121754717769,50.0,2.007381401905602
2023-04-20T15:00:00Z,-0.2,83.0,0.0,4.0,11.9,242.0,179.3,161.1,26.855571319366703,105.58121754717769,55.0,1.9433681324399688
2023-04-20T15:00:00Z,-0.2,83.0,0.0,4.0,11.9,242.0,179.3,161.1,26.855571319366703,105.58121754717769,60.0,1.8706514679958017
2023-04-20T16:00:00Z,0.8,88.0,0.0,3.2,8.3,231.0,77.1,186.2,35.56963279190905,119.45409769891467,30.0,2.0277349672773894
2023-04-20T16:00:00Z,0.8,88.0,0.0,3.2,8.3,231.0,77.1,186.2,35.56963279190905,119.45409769891467,35.0,2.00328932751614
2023-04-20T16:00:00Z,0.8,88.0,0.0,3.2,8.3,231.0,77.1,186.2,35.56963279190905,119.45409769891467,40.0,1.9708980482015646
2023-04-20T16:00:00Z,0.8,88.0,0.0,3.2,8.3,231.0,77.1,186.2,35.56963279190905,119.45409769891467,45.0,1.9307856659111244
2023-04-20T16:00:00Z,0.8,88.0,0.0,3.2,8.3,231.0,77.1,186.2,35.56963279190905,119.45409769891467,50.0,1.8832312141595957
2023-04-20T16:00:00Z,0.8,88.0,0.0,3.2,8.3,231.0,77.1,186.2,35.56963279190905,119.45409769891467,55.0,1.8285668886735627
2023-04-20T16:00:00Z,0.8,88.0,0.0,3.2,8.3,231.0,77.1,186.2,35.56963279190905,119.45409769891467,60.0,1.7671764133548666
2023-04-20T17:00:00Z,1.4,100.0,0.0,3.6,9.7,163.0,13.2,154.0,43.049028048933295,135.85944293043485,30.0,1.3580652222487446
2023-04-20T17:00:00Z,1.4,100.0,0.0,3.6,9.7,163.0,13.2,154.0,43.049028048933295,135.85944293043485,35.0,1.3342290226874223
2023-04-20T17:00:00Z,1.4,100.0,0.0,3.6,9.7,163.0,13.2,154.0,43.049028048933295,135.85944293043485,40.0,1.3061963135266472
2023-04-20T17:00:00Z,1.4,100.0,0.0,3.6,9.7,163.0,13.2,154.0,43.049028048933295,135.85944293043485,45.0,1.274170840202203
2023-04-20T17:00:00Z,1.4,100.0,0.0,3.6,9.7,163.0,13.2,154.0,43.049028048933295,135.85944293043485,50.0,1.2383859867805227
2023-04-20T17:00:00Z,1.4,100.0,0.0,3.6,9.7,163.0,13.2,154.0,43.049028048933295,135.85944293043485,55.0,1.1991033126949142
2023-04-20T17:00:00Z,1.4,100.0,0.0,3.6,9.7,163.0,13.2,154.0,43.049028048933295,135.85944293043485,60.0,1.1566108884660513
2023-04-20T18:00:00Z,-0.0,0.0,0.0,7.2,8.3,162.0,6.5,157.1,48.389305146962215,155.54597678704408,30.0,1.3442308672270076
2023-04-20T18:00:00Z,-0.0,0.0,0.0,7.2,8.3,162.0,6.5,157.1,48.389305146962215,155.54597678704408,35.0,1.3191152883568729
2023-04-20T18:00:00Z,-0.0,0.0,0.0,7.2,8.3,162.0,6.5,157.1,48.389305146962215,155.54597678704408,40.0,1.2900691774276858
2023-04-20T18:00:00Z,-0.0,0.0,0.0,7.2,8.3,162.0,6.5,157.1,48.389305146962215,155.54597678704408,45.0,1.2573048356066385
2023-04-20T18:00:00Z,-0.0,0.0,0.0,7.2,8.3,162.0,6.5,157.1,48.389305146962215,155.54597678704408,50.0,1.221062354564161
2023-04-20T18:00:00Z,-0.0,0.0,0.0,7.2,8.3,162.0,6.5,157.1,48.389305146962215,155.54597678704408,55.0,1.181608069539458
2023-04-20T18:00:00Z,-0.0,0.0,0.0,7.2,8.3,162.0,6.5,157.1,48.389305146962215,155.54597678704408,60.0,1.139232819767181
2023-04-20T19:00:00Z,0.9,100.0,0.0,6.1,7.6,135.0,1.5,133.8,50.572107036220075,178.00061183193804,30.0,1.1006482659622856
2023-04-20T19:00:00Z,0.9,100.0,0.0,6.1,7.6,135.0,1.5,133.8,50.572107036220075,178.00061183193804,35.0,1.07859038924718
2023-04-20T19:00:00Z,0.9,100.0,0.0,6.1,7.6,135.0,1.5,133.8,50.572107036220075,178.00061183193804,40.0,1.0534478271391639
2023-04-20T19:00:00Z,0.9,100.0,0.0,6.1,7.6,135.0,1.5,133.8,50.572107036220075,178.00061183193804,45.0,1.0254059396484814
2023-04-20T19:00:00Z,0.9,100.0,0.0,6.1,7.6,135.0,1.5,133.8,50.572107036220075,178.00061183193804,50.0,0.9946719174989876
2023-04-20T19:00:00Z,0.9,100.0,0.0,6.1,7.6,135.0,1.5,133.8,50.572107036220075,178.00061183193804,55.0,0.9614733938351047
2023-04-20T19:00:00Z,0.9,100.0,0.0,6.1,7.6,135.0,1.5,133.8,50.572107036220075,178.00061183193804,60.0,0.9260569018795881
2023-04-20T20:00:00Z,0.8,100.0,0.0,5.4,8.3,137.0,2.5,135.1,49.04325445579951,200.73439406774713,30.0,1.1203682896894909
2023-04-20T20:00:00Z,0.8,100.0,0.0,5.4,8.3,137.0,2.5,135.1,49.04325445579951,200.73439406774713,35.0,1.0982408104802386
2023-04-20T20:00:00Z,0.8,100.0,0.0,5.4,8.3,137.0,2.5,135.1,49.04325445579951,200.73439406774713,40.0,1.0729359849375761
2023-04-20T20:00:00Z,0.8,100.0,0.0,5.4,8.3,137.0,2.5,135.1,49.04325445579951,200.73439406774713,45.0,1.0446401220817059
2023-04-20T20:00:00Z,0.8,100.0,0.0,5.4,8.3,137.0,2.5,135.1,49.04325445579951,200.73439406774713,50.0,1.0135620209568863
2023-04-20T20:00:00Z,0.8,100.0,0.0,5.4,8.3,137.0,2.5,135.1,49.04325445579951,200.73439406774713,55.0,0.979931579898537
2023-04-20T20:00:00Z,0.8,100.0,0.0,5.4,8.3,137.0,2.5,135.1,49.04325445579951,200.73439406774713,60.0,0.9439982476338321
2023-04-20T21:00:00Z,1.1,99.0,0.0,5.8,7.9,253.0,51.0,217.5,44.20325544341926,221.01444444839947,30.0,2.1962045879683667
2023-04-20T21:00:00Z,1.1,99.0,0.0,5.8,7.9,253.0,51.0,217.5,44.20325544341926,221.01444444839947,35.0,2.1680034084962396
2023-04-20T21:00:00Z,1.1,99.0,0.0,5.8,7.9,253.0,51.0,217.5,44.20325544341926,221.01444444839947,40.0,2.1318790726993964
2023-04-20T21:00:00Z,1.1,99.0,0.0,5.8,7.9,253.0,51.0,217.5,44.20325544341926,221.01444444839947,45.0,2.0880827962224573
2023-04-20T21:00:00Z,1.1,99.0,0.0,5.8,7.9,253.0,51.0,217.5,44.20325544341926,221.01444444839947,50.0,2.036920286034575
2023-04-20T21:00:00Z,1.1,99.0,0.0,5.8,7.9,253.0,51.0,217.5,44.20325544341926,221.01444444839947,55.0,1.978750243931209
2023-04-20T21:00:00Z,1.1,99.0,0.0,5.8,7.9,253.0,51.0,217.5,44.20325544341926,221.01444444839947,60.0,1.913982559811397
2023-04-20T22:00:00Z,1.9,98.0,0.0,5.8,8.6,162.0,23.9,147.6,37.041919359536365,237.97606218938495,30.0,1.3612760425659034
2023-04-20T22:00:00Z,1.9,98.0,0.0,5.8,8.6,162.0,23.9,147.6,37.041919359536365,237.97606218938495,35.0,1.3387915834117317
2023-04-20T22:00:00Z,1.9,98.0,0.0,5.8,8.6,162.0,23.9,147.6,37.041919359536365,237.97606218938495,40.0,1.3118115507246861
2023-04-20T22:00:00Z,1.9,98.0,0.0,5.8,8.6,162.0,23.9,147.6,37.041919359536365,237.97606218938495,45.0,1.280531614698855
2023-04-20T22:00:00Z,1.9,98.0,0.0,5.8,8.6,162.0,23.9,147.6,37.041919359536365,237.97606218938495,50.0,1.245179200682498
2023-04-20T22:00:00Z,1.9,98.0,0.0,5.8,8.6,162.0,23.9,147.6,37.041919359536365,237.97606218938495,55.0,1.2060120796884528
2023-04-20T22:00:00Z,1.9,98.0,0.0,5.8,8.6,162.0,23.9,147.6,37.041919359536365,237.97606218938495,60.0,1.1633167477883235
2023-04-20T23:00:00Z,2.0,94.0,0.0,5.8,12.6,118.0,22.0,107.5,28.506898038227344,252.23637767897293,30.0,0.9733581153097361
2023-04-20T23:00:00Z,2.0,94.0,0.0,5.8,12.6,118.0,22.0,107.5,28.506898038227344,252.23637767897293,35.0,0.9556511223343199
2023-04-20T23:00:00Z,2.0,94.0,0.0,5.8,12.6,118.0,22.0,107.5,28.506898038227344,252.23637767897293,40.0,0.934713280956684
2023-04-20T23:00:00Z,2.0,94.0,0.0,5.8,12.6,118.0,22.0,107.5,28.506898038227344,252.23637767897293,45.0,0.9106986464484044
2023-04-20T23:00:00Z,2.0,94.0,0.0,5.8,12.6,118.0,22.0,107.5,28.506898038227344,252.23637767897293,50.0,0.8837842441429543
2023-04-20T23:00:00Z,2.0,94.0,0.0,5.8,12.6,118.0,22.0,107.5,28.506898038227344,252.23637767897293,55.0,0.8541688959351184
2023-04-20T23:00:00Z,2.0,94.0,0.0,5.8,12.6,118.0,22.0,107.5,28.506898038227344,252.23637767897293,60.0,0.8220718892405805
2023-04-21T00:00:00Z,1.6,0.0,0.0,9.7,13.3,282.0,488.0,120.9,19.28993249791013,264.77217170334717,30.0,2.422768746959856
2023-04-21T00:00:00Z,1.6,0.0,0.0,9.7,13.3,282.0,488.0,120.9,19.28993249791013,264.77217170334717,35.0,2.3698637359972
2023-04-21T00:00:00Z,1.6,0.0,0.0,9.7,13.3,282.0,488.0,120.9,19.28993249791013,264.77217170334717,40.0,2.3033411277939213
2023-04-21T00:00:00Z,1.6,0.0,0.0,9.7,13.3,282.0,488.0,120.9,19.28993249791013,264.77217170334717,45.0,2.2236356795991177
2023-04-21T00:00:00Z,1.6,0.0,0.0,9.7,13.3,282.0,488.0,120.9,19.28993249791013,264.77217170334717,50.0,2.1312719561187574
2023-04-21T00:00:00Z,1.6,0.0,0.0,9.7,13.3,282.0,488.0,120.9,19.28993249791013,264.77217170334717,55.0,2.0268627862295414
2023-04-21T00:00:00Z,1.6,0.0,0.0,9.7,13.3,282.0,488.0,120.9,19.28993249791013,264.77217170334717,60.0,1.9111072936315463
2023-04-21T01:00:00Z,3.2,53.0,0.0,9.4,15.5,99.0,168.5,70.0,9.885588183153903,276.4479980432735,30.0,0.655833233841982
2023-04-21T01:00:00Z,3.2,53.0,0.0,9.4,15.5,99.0,168.5,70.0,9.885588183153903,276.4479980432735,35.0,0.6154358188062856
2023-04-21T01:00:00Z,3.2,53.0,0.0,9.4,15.5,99.0,168.5,70.0,9.885588183153903,276.4479980432735,40.0,0.5726875113527312
2023-04-21T01:00:00Z,3.2,53.0,0.0,9.4,15.5,99.0,168.5,70.0,9.885588183153903,276.4479980432735,45.0,0.5279066586487848
2023-04-21T01:00:00Z,3.2,53.0,0.0,9.4,15.5,99.0,168.5,70.0,9.885588183153903,276.4479980432735,50.0,0.48142788056284436
2023-04-21T01:00:00Z,3.2,53.0,0.0,9.4,15.5,99.0,168.5,70.0,9.885588183153903,276.4479980432735,55.0,0.4335997113352477
2023-04-21T01:00:00Z,3.2,53.0,0.0,9.4,15.5,99.0,168.5,70.0,9.885588183153903,276.4479980432735,60.0,0.40443680610597105
2023-04-21T02:00:00Z,2.1,52.0,0.0,10.4,19.1,10.0,0.0,10.0,0.6928713190841973,287.9647019626983,30.0,0.030586464739503803
2023-04-21T02:00:00Z,2.1,52.0,0.0,10.4,19.1,10.0,0.0,10.0,0.6928713190841973,287.9647019626983,35.0,0.028879656874051557
2023-04-21T02:00:00Z,2.1,52.0,0.0,10.4,19.1,10.0,0.0,10.0,0.6928713190841973,287.9647019626983,40.0,0.026945754692449638
2023-04-21T02:00:00Z,2.1,52.0,0.0,10.4,19.1,10.0,0.0,10.0,0.6928713190841973,287.9647019626983,45.0,0.024799445382756816
2023-04-21T02:00:00Z,2.1,52.0,0.0,10.4,19.1,10.0,0.0,10.0,0.6928713190841973,287.9647019626983,50.0,0.022457031707750066
2023-04-21T02:00:00Z,2.1,52.0,0.0,10.4,19.1,10.0,0.0,10.0,0.6928713190841973,287.9647019626983,55.0,0.019936308901540238
2023-04-21T02:00:00Z,2.1,52.0,0.0,10.4,19.1,10.0,0.0,10.0,0.6928713190841973,287.9647019626983,60.0,0.017256430207667962
2023-04-21T03:00:00Z,0.9,61.0,0.0,11.5,19.4,0.0,0.0,0.0,-7.904745385140124,299.9067215271441,30.0,0.0
2023-04-21T03:00:00Z,0.9,61.0,0.0,11.5,19.4,0.0,0.0,0.0,-7.904745385140124,299.9067215271441,35.0,0.0
2023-04-21T03:00:00Z,0.9,61.0,0.0,11.5,19.4,0.0,0.0,0.0,-7.904745385140124,299.9067215271441,40.0,0.0
2023-04-21T03:00:00Z,0.9,61.0,0.0,11.5,19.4,0.0,0.0,0.0,-7.904745385140124,299.9067215271441,45.0,0.0
2023-04-21T03:00:00Z,0.9,61.0,0.0,11.5,19.4,0.0,0.0,0.0,-7.904745385140124,299.9067215271441,50.0,0.0
2023-04-21T03:00:00Z,0.9,61.0,0.0,11.5,19.4,0.0,0.0,0.0,-7.904745385140124,299.9067215271441,55.0,0.0
2023-04-21T03:00:00Z,0.9,61.0,0.0,11.5,19.4,0.0,0.0,0.0,-7.904745385140124,299.9067215271441,60.0,0.0
2023-04-21T04:00:00Z,-0.1,76.0,0.0,11.5,18.4,0.0,0.0,0.0,-15.483822369961064,312.7639075307159,30.0,0.0
2023-04-21T04:00:00Z,-0.1,76.0,0.0,11.5,18.4,0.0,0.0,0.0,-15.483822369961064,312.7639075307159,35.0,0.0
2023-04-21T04:00:00Z,-0.1,76.0,0.0,11.5,18.4,0.0,0.0,0.0,-15.483822369961064,312.7639075307159,40.0,0.0
2023-04-21T04:00:00Z,-0.1,76.0,0.0,11.5,18.4,0.0,0.0,0.0,-15.483822369961064,312.7639075307159,45.0,0.0
2023-04-21T04:00:00Z,-0.1,76.0,0.0,11.5,18.4,0.0,0.0,0.0,-15.483822369961064,312.7639075307159,50.0,0.0
2023-04-21T04:00:00Z,-0.1,76.0,0.0,11.5,18.4,0.0,0.0,0.0,-15.483822369961064,312.7639075307159,55.0,0.0
2023-04-21T04:00:00Z,-0.1,76.0,0.0,11.5,18.4,0.0,0.0,0.0,-15.483822369961064,312.7639075307159,60.0,0.0
2023-04-21T05:00:00Z,-0.3,85.0,0.0,10.8,25.9,0.0,0.0,0.0,-21.554950933667826,326.87769679450446,30.0,0.0
2023-04-21T05:00:00Z,-0.3,85.0,0.0,10.8,25.9,0.0,0.0,0.0,-21.554950933667826,326.87769679450446,35.0,0.0
2023-04-21T05:00:00Z,-0.3,85.0,0.0,10.8,25.9,0.0,0.0,0.0,-21.554950933667826,326.87769679450446,40.0,0.0
2023-04-21T05:00:00Z,-0.3,85.0,0.0,10.8,25.9,0.0,0.0,0.0,-21.554950933667826,326.87769679450446,45.0,0.0
2023-04-21T05:00:00Z,-0.3,85.0,0.0,10.8,25.9,0.0,0.0,0.0,-21.554950933667826,326.87769679450446,50.0,0.0
2023-04-21T05:00:00Z,-0.3,85.0,0.0,10.8,25.9,0.0,0.0,0.0,-21.554950933667826,326.87769679450446,55.0,0.0
2023-04-21T05:00:00Z,-0.3,85.0,0.0,10.8,25.9,0.0,0.0,0.0,-21.554950933667826,326.87769679450446,60.0,0.0
2023-04-21T06:00:00Z,-0.1,0.0,0.0,14.0,9.4,0.0,0.0,0.0,-25.591590742687373,342.29395984568237,30.0,0.0
2023-04-21T06:00:00Z,-0.1,0.0,0.0,14.0,9.4,0.0,0.0,0.0,-25.591590742687373,342.29395984568237,35.0,0.0
2023-04-21T06:00:00Z,-0.1,0.0,0.0,14.0,9.4,0.0,0.0,0.0,-25.591590742687373,342.29395984568237,40.0,0.0
2023-04-21T06:00:00Z,-0.1,0.0,0.0,14.0,9.4,0.0,0.0,0.0,-25.591590742687373,342.29395984568237,45.0,0.0
2023-04-21T06:00:00Z,-0.1,0.0,0.0,14.0,9.4,0.0,0.0,0.0,-25.591590742687373,342.29395984568237,50.0,0.0
2023-04-21T06:00:00Z,-0.1,0.0,0.0,14.0,9.4,0.0,0.0,0.0,-25.591590742687373,342.29395984568237,55.0,0.0
2023-04-21T06:00:00Z,-0.1,0.0,0.0,14.0,9.4,0.0,0.0,0.0,-25.591590742687373,342.29395984568237,60.0,0.0
2023-04-21T07:00:00Z,-2.0,84.0,0.0,9.4,16.9,0.0,0.0,0.0,-27.144556955268,358.60213314440807,30.0,0.0
2023-04-21T07:00:00Z,-2.0,84.0,0.0,9.4,16.9,0.0,0.0,0.0,-27.144556955268,358.60213314440807,35.0,0.0
2023-04-21T07:00:00Z,-2.0,84.0,0.0,9.4,16.9,0.0,0.0,0.0,-27.144556955268,358.60213314440807,40.0,0.0
2023-04-21T07:00:00Z,-2.0,84.0,0.0,9.4,16.9,0.0,0.0,0.0,-27.144556955268,358.60213314440807,45.0,0.0
2023-04-21T07:00:00Z,-2.0,84.0,0.0,9.4,16.9,0.0,0.0,0.0,-27.144556955268,358.60213314440807,50.0,0.0
2023-04-21T07:00:00Z,-2.0,84.0,0.0,9.4,16.9,0.0,0.0,0.0,-27.144556955268,358.60213314440807,55.0,0.0
2023-04-21T07:00:00Z,-2.0,84.0,0.0,9.4,16.9,0.0,0.0,0.0,-27.144556955268,358.60213314440807,60.0,0.0
2023-04-21T08:00:00Z,-2.1,85.0,0.0,9.0,15.5,0.0,0.0,0.0,-26.01336198938125,14.982543466075185,30.0,0.0
2023-04-21T08:00:00Z,-2.1,85.0,0.0,9.0,15.5,0.0,0.0,0.0,-26.01336198938125,14.982543466075185,35.0,0.0
2023-04-21T08:00:00Z,-2.1,85.0,0.0,9.0,15.5,0.0,0.0,0.0,-26.01336198938125,14.982543466075185,40.0,0.0
2023-04-21T08:00:00Z,-2.1,85.0,0.0,9.0,15.5,0.0,0.0,0.0,-26.01336198938125,14.982543466075185,45.0,0.0
2023-04-21T08:00:00Z,-2.1,85.0,0.0,9.0,15.5,0.0,0.0,0.0,-26.01336198938125,14.982543466075185,50.0,0.0
2023-04-21T08:00:00Z,-2.1,85.0,0.0,9.0,15.5,0.0,0.0,0.0,-26.01336198938125,14.982543466075185,55.0,0.0
2023-04-21T08:00:00Z,-2.1,85.0,0.0,9.0,15.5,0.0,0.0,0.0,-26.01336198938125,14.982543466075185,60.0,0.0
2023-04-21T09:00:00Z,-2.3,79.0,0.0,8.6,8.3,0.0,0.0,0.0,-22.344789858157693,30.57807389325467,30.0,0.0
2023-04-21T09:00:00Z,-2.3,79.0,0.0,8.6,8.3,0.0,0.0,0.0,-22.344789858157693,30.57807389325467,35.0,0.0
2023-04-21T09:00:00Z,-2.3,79.0,0.0,8.6,8.3,0.0,0.0,0.0,-22.344789858157693,30.57807389325467,40.0,0.0
2023-04-21T09:00:00Z,-2.3,79.0,0.0,8.6,8.3,0.0,0.0,0.0,-22.344789858157693,30.57807389325467,45.0,0.0
2023-04-21T09:00:00Z,-2.3,79.0,0.0,8.6,8.3,0.0,0.0,0.0,-22.344789858157693,30.57807389325467,50.0,0.0
2023-04-21T09:00:00Z,-2.3,79.0,0.0,8.6,8.3,0.0,0.0,0.0,-22.344789858157693,30.57807389325467,55.0,0.0
2023-04-21T09:00:00Z,-2.3,79.0,0.0,8.6,8.3,0.0,0.0,0.0,-22.344789858157693,30.57807389325467,60.0,0.0
2023-04-21T10:00:00Z,-2.5,87.0,0.0,8.3,14.4,0.0,0.0,0.0,-16.559115771057375,44.90028680319995,30.0,0.0
2023-04-21T10:00:00Z,-2.5,87.0,0.0,8.3,14.4,0.0,0.0,0.0,-16.559115771057375,44.90028680319995,35.0,0.0
2023-04-21T10:00:00Z,-2.5,87.0,0.0,8.3,14.4,0.0,0.0,0.0,-16.559115771057375,44.90028680319995,40.0,0.0
2023-04-21T10:00:00Z,-2.5,87.0,0.0,8.3,14.4,0.0,0.0,0.0,-16.559115771057375,44.90028680319995,45.0,0.0
2023-04-21T10:00:00Z,-2.5,87.0,0.0,8.3,14.4,0.0,0.0,0.0,-16.559115771057375,44.90028680319995,50.0,0.0
2023-04-21T10:00:00Z,-2.5,87.0,0.0,8.3,14.4,0.0,0.0,0.0,-16.559115771057375,44.90028680319995,55.0,0.0
2023-04-21T10:00:00Z,-2.5,87.0,0.0,8.3,14.4,0.0,0.0,0.0,-16.559115771057375,44.90028680319995,60.0,0.0
2023-04-21T11:00:00Z,-2.6,95.0,0.0,8.3,23.8,0.0,0.0,0.0,-9.179844539038584,57.92999540184485,30.0,0.0
2023-04-21T11:00:00Z,-2.6,95.0,0.0,8.3,23.8,0.0,0.0,0.0,-9.179844539038584,57.92999540184485,35.0,0.0
2023-04-21T11:00:00Z,-2.6,95.0,0.0,8.3,23.8,0.0,0.0,0.0,-9.179844539038584,57.92999540184485,40.0,0.0
2023-04-21T11:00:00Z,-2.6,95.0,0.0,8.3,23.8,0.0,0.0,0.0,-9.179844539038584,57.92999540184485,45.0,0.0
2023-04-21T11:00:00Z,-2.6,95.0,0.0,8.3,23.8,0.0,0.0,0.0,-9.179844539038584,57.92999540184485,50.0,0.0
2023-04-21T11:00:00Z,-2.6,95.0,0.0,8.3,23.8,0.0,0.0,0.0,-9.179844539038584,57.92999540184485,55.0,0.0
2023-04-21T11:00:00Z,-2.6,95.0,0.0,8.3,23.8,0.0,0.0,0.0,-9.179844539038584,57.92999540184485,60.0,0.0
2023-04-21T12:00:00Z,-2.1,0.0,0.0,11.2,14.4,4.0,0.0,4.0,-0.7053143940490751,69.97254597037715,30.0,0.0
2023-04-21T12:00:00Z,-2.1,0.0,0.0,11.2,14.4,4.0,0.0,4.0,-0.7053143940490751,69.97254597037715,35.0,0.0
2023-04-21T12:00:00Z,-2.1,0.0,0.0,11.2,14.4,4.0,0.0,4.0,-0.7053143940490751,69.97254597037715,40.0,0.0
2023-04-21T12:00:00Z,-2.1,0.0,0.0,11.2,14.4,4.0,0.0,4.0,-0.7053143940490751,69.97254597037715,45.0,0.0
2023-04-21T12:00:00Z,-2.1,0.0,0.0,11.2,14.4,4.0,0.0,4.0,-0.7053143940490751,69.97254597037715,50.0,0.0
2023-04-21T12:00:00Z,-2.1,0.0,0.0,11.2,14.4,4.0,0.0,4.0,-0.7053143940490751,69.97254597037715,55.0,0.0
2023-04-21T12:00:00Z,-2.1,0.0,0.0,11.2,14.4,4.0,0.0,4.0,-0.7053143940490751,69.97254597037715,60.0,0.0
2023-04-21T13:00:00Z,-2.8,100.0,0.1,8.3,18.0,34.0,7.8,32.9,8.432482786323432,81.49913374740117,30.0,0.2348964618694657
2023-04-21T13:00:00Z,-2.8,100.0,0.1,8.3,18.0,34.0,7.8,32.9,8.432482786323432,81.49913374740117,35.0,0.22783272789853753
2023-04-21T13:00:00Z,-2.8,100.0,0.1,8.3,18.0,34.0,7.8,32.9,8.432482786323432,81.49913374740117,40.0,0.22000124296562318
2023-04-21T13:00:00Z,-2.8,100.0,0.1,8.3,18.0,34.0,7.8,32.9,8.432482786323432,81.49913374740117,45.0,0.21146118547906886
2023-04-21T13:00:00Z,-2.8,100.0,0.1,8.3,18.0,34.0,7.8,32.9,8.432482786323432,81.49913374740117,50.0,0.2037640264614362
2023-04-21T13:00:00Z,-2.8,100.0,0.1,8.3,18.0,34.0,7.8,32.9,8.432482786323432,81.49913374740117,55.0,0.1955064242901525
2023-04-21T13:00:00Z,-2.8,100.0,0.1,8.3,18.0,34.0,7.8,32.9,8.432482786323432,81.49913374740117,60.0,0.18672616752413004
2023-04-21T14:00:00Z,-2.5,100.0,0.0,8.6,20.5,67.0,14.4,62.6,17.848661573711766,93.07812514223531,30.0,0.5281097679915545
2023-04-21T14:00:00Z,-2.5,100.0,0.0,8.6,20.5,67.0,14.4,62.6,17.848661573711766,93.07812514223531,35.0,0.5161223139670577
2023-04-21T14:00:00Z,-2.5,100.0,0.0,8.6,20.5,67.0,14.4,62.6,17.848661573711766,93.07812514223531,40.0,0.5024267151119746
2023-04-21T14:00:00Z,-2.5,100.0,0.0,8.6,20.5,67.0,14.4,62.6,17.848661573711766,93.07812514223531,45.0,0.4871255248386567
2023-04-21T14:00:00Z,-2.5,100.0,0.0,8.6,20.5,67.0,14.4,62.6,17.848661573711766,93.07812514223531,50.0,0.47033344471865696
2023-04-21T14:00:00Z,-2.5,100.0,0.0,8.6,20.5,67.0,14.4,62.6,17.848661573711766,93.07812514223531,55.0,0.45217650460747455
2023-04-21T14:00:00Z,-2.5,100.0,0.0,8.6,20.5,67.0,14.4,62.6,17.848661573711766,93.07812514223531,60.0,0.4327911571279978
2023-04-21T15:00:00Z,-2.0,100.0,0.0,9.0,20.5,120.0,26.3,108.0,27.15415336975672,105.3882849303593,30.0,1.0052108660949173
2023-04-21T15:00:00Z,-2.0,100.0,0.0,9.0,20.5,120.0,26.3,108.0,27.15415336975672,105.3882849303593,35.0,0.9868043293321452
2023-04-21T15:00:00Z,-2.0,100.0,0.0,9.0,20.5,120.0,26.3,108.0,27.15415336975672,105.3882849303593,40.0,0.9650087022663452
2023-04-21T15:00:00Z,-2.0,100.0,0.0,9.0,20.5,120.0,26.3,108.0,27.15415336975672,105.3882849303593,45.0,0.9399844432058717
2023-04-21T15:00:00Z,-2.0,100.0,0.0,9.0,20.5,120.0,26.3,108.0,27.15415336975672,105.3882849303593,50.0,0.9119161168436081
2023-04-21T15:00:00Z,-2.0,100.0,0.0,9.0,20.5,120.0,26.3,108.0,27.15415336975672,105.3882849303593,55.0,0.8810111677230362
2023-04-21T15:00:00Z,-2.0,100.0,0.0,9.0,20.5,120.0,26.3,108.0,27.15415336975672,105.3882849303593,60.0,0.8474985283759116
2023-04-21T16:00:00Z,-1.5,100.0,0.0,9.4,18.7,70.0,2.5,68.5,35.87984362526715,119.2698606149919,30.0,0.5548571945511472
2023-04-21T16:00:00Z,-1.5,100.0,0.0,9.4,18.7,70.0,2.5,68.5,35.87984362526715,119.2698606149919,35.0,0.5433105197961694
2023-04-21T16:00:00Z,-1.5,100.0,0.0,9.4,18.7,70.0,2.5,68.5,35.87984362526715,119.2698606149919,40.0,0.5300856140406042
2023-04-21T16:00:00Z,-1.5,100.0,0.0,9.4,18.7,70.0,2.5,68.5,35.87984362526715,119.2698606149919,45.0,0.5152815393397957
2023-04-21T16:00:00Z,-1.5,100.0,0.0,9.4,18.7,70.0,2.5,68.5,35.87984362526715,119.2698606149919,50.0,0.499009303460863
2023-04-21T16:00:00Z,-1.5,100.0,0.0,9.4,18.7,70.0,2.5,68.5,35.87984362526715,119.2698606149919,55.0,0.4813910654038819
2023-04-21T16:00:00Z,-1.5,100.0,0.0,9.4,18.7,70.0,2.5,68.5,35.87984362526715,119.2698606149919,60.0,0.46255925675115567
2023-04-21T17:00:00Z,-1.7,100.0,0.0,10.1,19.4,85.0,1.1,84.3,43.375820104095595,135.71096400717295,30.0,0.6834423324608605
2023-04-21T17:00:00Z,-1.7,100.0,0.0,10.1,19.4,85.0,1.1,84.3,43.375820104095595,135.71096400717295,35.0,0.6692136171235817
2023-04-21T17:00:00Z,-1.7,100.0,0.0,10.1,19.4,85.0,1.1,84.3,43.375820104095595,135.71096400717295,40.0,0.6530062511647817
2023-04-21T17:00:00Z,-1.7,100.0,0.0,10.1,19.4,85.0,1.1,84.3,43.375820104095595,135.71096400717295,45.0,0.6349413046890213
2023-04-21T17:00:00Z,-1.7,100.0,0.0,10.1,19.4,85.0,1.1,84.3,43.375820104095595,135.71096400717295,50.0,0.6151538975145241
2023-04-21T17:00:00Z,-1.7,100.0,0.0,10.1,19.4,85.0,1.1,84.3,43.375820104095595,135.71096400717295,55.0,0.5937922425583185
2023-04-21T17:00:00Z,-1.7,100.0,0.0,10.1,19.4,85.0,1.1,84.3,43.375820104095595,135.71096400717295,60.0,0.5710165900866143
2023-04-21T18:00:00Z,-1.8,0.0,0.0,11.9,16.9,103.0,0.3,102.8,48.730719065775226,155.48114539068115,30.0,0.8363463511097845
2023-04-21T18:00:00Z,-1.8,0.0,0.0,11.9,16.9,103.0,0.3,102.8,48.730719065775226,155.48114539068115,35.0,0.818950906600221
2023-04-21T18:00:00Z,-1.8,0.0,0.0,11.9,16.9,103.0,0.3,102.8,48.730719065775226,155.48114539068115,40.0,0.799207617142477
2023-04-21T18:00:00Z,-1.8,0.0,0.0,11.9,16.9,103.0,0.3,102.8,48.730719065775226,155.48114539068115,45.0,0.777263512598282
2023-04-21T18:00:00Z,-1.8,0.0,0.0,11.9,16.9,103.0,0.3,102.8,48.730719065775226,155.48114539068115,50.0,0.753282264216415
2023-04-21T18:00:00Z,-1.8,0.0,0.0,11.9,16.9,103.0,0.3,102.8,48.730719065775226,155.48114539068115,55.0,0.7274430401476022
2023-04-21T18:00:00Z,-1.8,0.0,0.0,11.9,16.9,103.0,0.3,102.8,48.730719065775226,155.48114539068115,60.0,0.6999392432827989
2023-04-21T19:00:00Z,-0.7,100.0,0.0,9.0,15.5,166.0,4.9,162.2,50.91349615617852,178.06688429287897,30.0,1.3783874956361981
2023-04-21T19:00:00Z,-0.7,100.0,0.0,9.0,15.5,166.0,4.9,162.2,50.91349615617852,178.06688429287897,35.0,1.3521550486007115
2023-04-21T19:00:00Z,-0.7,100.0,0.0,9.0,15.5,166.0,4.9,162.2,50.91349615617852,178.06688429287897,40.0,1.3219635721307925
2023-04-21T19:00:00Z,-0.7,100.0,0.0,9.0,15.5,166.0,4.9,162.2,50.91349615617852,178.06688429287897,45.0,1.2880339295705394
2023-04-21T19:00:00Z,-0.7,100.0,0.0,9.0,15.5,166.0,4.9,162.2,50.91349615617852,178.06688429287897,50.0,1.250614971736829
2023-04-21T19:00:00Z,-0.7,100.0,0.0,9.0,15.5,166.0,4.9,162.2,50.91349615617852,178.06688429287897,55.0,1.20998192665611
2023-04-21T19:00:00Z,-0.7,100.0,0.0,9.0,15.5,166.0,4.9,162.2,50.91349615617852,178.06688429287897,60.0,1.1664345941855658
2023-04-21T20:00:00Z,0.1,95.0,0.0,8.3,13.7,215.0,18.4,201.0,49.36322818297419,200.92691302617055,30.0,1.8182437353157346
2023-04-21T20:00:00Z,0.1,95.0,0.0,8.3,13.7,215.0,18.4,201.0,49.36322818297419,200.92691302617055,35.0,1.7881585665303052
2023-04-21T20:00:00Z,0.1,95.0,0.0,8.3,13.7,215.0,18.4,201.0,49.36322818297419,200.92691302617055,40.0,1.752382499667862
2023-04-21T20:00:00Z,0.1,95.0,0.0,8.3,13.7,215.0,18.4,201.0,49.36322818297419,200.92691302617055,45.0,1.7111720358932037
2023-04-21T20:00:00Z,0.1,95.0,0.0,8.3,13.7,215.0,18.4,201.0,49.36322818297419,200.92691302617055,50.0,1.6648236080657526
2023-04-21T20:00:00Z,0.1,95.0,0.0,8.3,13.7,215.0,18.4,201.0,49.36322818297419,200.92691302617055,55.0,1.6136718439201576
2023-04-21T20:00:00Z,0.1,95.0,0.0,8.3,13.7,215.0,18.4,201.0,49.36322818297419,200.92691302617055,60.0,1.5580875664762024
2023-04-21T21:00:00Z,0.7,90.0,0.0,7.2,13.3,219.0,31.1,197.2,44.49065644043282,221.27794006239145,30.0,1.8710290314252278
2023-04-21T21:00:00Z,0.7,90.0,0.0,7.2,13.3,219.0,31.1,197.2,44.49065644043282,221.27794006239145,35.0,1.8427778475392893
2023-04-21T21:00:00Z,0.7,90.0,0.0,7.2,13.3,219.0,31.1,197.2,44.49065644043282,221.27794006239145,40.0,1.808255131592471
2023-04-21T21:00:00Z,0.7,90.0,0.0,7.2,13.3,219.0,31.1,197.2,44.49065644043282,221.27794006239145,45.0,1.7677064161198006
2023-04-21T21:00:00Z,0.7,90.0,0.0,7.2,13.3,219.0,31.1,197.2,44.49065644043282,221.27794006239145,50.0,1.721421042999416
2023-04-21T21:00:00Z,0.7,90.0,0.0,7.2,13.3,219.0,31.1,197.2,44.49065644043282,221.27794006239145,55.0,1.6697305419725854
2023-04-21T21:00:00Z,0.7,90.0,0.0,7.2,13.3,219.0,31.1,197.2,44.49065644043282,221.27794006239145,60.0,1.6130067330166216
2023-04-21T22:00:00Z,1.3,80.0,0.0,7.2,11.9,309.0,152.8,216.6,37.30000834401958,238.26056799942654,30.0,2.808201248768607
2023-04-21T22:00:00Z,1.3,80.0,0.0,7.2,11.9,309.0,152.8,216.6,37.30000834401958,238.26056799942654,35.0,2.786225616619438
2023-04-21T22:00:00Z,1.3,80.0,0.0,7.2,11.9,309.0,152.8,216.6,37.30000834401958,238.26056799942654,40.0,2.751606483627133
2023-04-21T22:00:00Z,1.3,80.0,0.0,7.2,11.9,309.0,152.8,216.6,37.30000834401958,238.26056799942654,45.0,2.704570370920272
2023-04-21T22:00:00Z,1.3,80.0,0.0,7.2,11.9,309.0,152.8,216.6,37.30000834401958,238.26056799942654,50.0,2.645426319666092
2023-04-21T22:00:00Z,1.3,80.0,0.0,7.2,11.9,309.0,152.8,216.6,37.30000834401958,238.26056799942654,55.0,2.5745649989577366
2023-04-21T22:00:00Z,1.3,80.0,0.0,7.2,11.9,309.0,152.8,216.6,37.30000834401958,238.26056799942654,60.0,2.4924575082018587
2023-04-21T23:00:00Z,1.9,79.0,0.0,7.9,10.8,191.0,81.0,152.1,28.74549527662808,252.51769632076497,30.0,1.6478399914648019
2023-04-21T23:00:00Z,1.9,79.0,0.0,7.9,10.8,191.0,81.0,152.1,28.74549527662808,252.51769632076497,35.0,1.6236232886308748
2023-04-21T23:00:00Z,1.9,79.0,0.0,7.9,10.8,191.0,81.0,152.1,28.74549527662808,252.51769632076497,40.0,1.5929086844401956
2023-04-21T23:00:00Z,1.9,79.0,0.0,7.9,10.8,191.0,81.0,152.1,28.74549527662808,252.51769632076497,45.0,1.5559142046240602
2023-04-21T23:00:00Z,1.9,79.0,0.0,7.9,10.8,191.0,81.0,152.1,28.74549527662808,252.51769632076497,50.0,1.5129032256473454
2023-04-21T23:00:00Z,1.9,79.0,0.0,7.9,10.8,191.0,81.0,152.1,28.74549527662808,252.51769632076497,55.0,1.46418301781236
2023-04-21T23:00:00Z,1.9,79.0,0.0,7.9,10.8,191.0,81.0,152.1,28.74549527662808,252.51769632076497,60.0,1.4101030119008144
2023-07-15T00:00:00Z,22.0,0.0,0.0,4.0,6.8,351.0,406.4,161.3,27.86135773628889,270.46870072067765,30.0,2.5224947872327075
2023-07-15T00:00:00Z,22.0,0.0,0.0,4.0,6.8,351.0,406.4,161.3,27.86135773628889,270.46870072067765,35.0,2.424242692711981
2023-07-15T00:00:00Z,22.0,0.0,0.0,4.0,6.8,351.0,406.4,161.3,27.86135773628889,270.46870072067765,40.0,2.3129422998416866
2023-07-15T00:00:00Z,22.0,0.0,0.0,4.0,6.8,351.0,406.4,161.3,27.86135773628889,270.46870072067765,45.0,2.189302313965057
2023-07-15T00:00:00Z,22.0,0.0,0.0,4.0,6.8,351.0,406.4,161.3,27.86135773628889,270.46870072067765,50.0,2.0541214367594502
2023-07-15T00:00:00Z,22.0,0.0,0.0,4.0,6.8,351.0,406.4,161.3,27.86135773628889,270.46870072067765,55.0,1.9082865542928436
2023-07-15T00:00:00Z,22.0,0.0,0.0,4.0,6.8,351.0,406.4,161.3,27.86135773628889,270.46870072067765,60.0,1.7527702563521392
2023-07-15T01:00:00Z,22.3,83.0,0.0,2.9,2.5,148.0,117.9,110.6,18.49565431704748,281.7249207711085,30.0,0.9726825808796357
2023-07-15T01:00:00Z,22.3,83.0,0.0,2.9,2.5,148.0,117.9,110.6,18.49565431704748,281.7249207711085,35.0,0.9231287145039497
2023-07-15T01:00:00Z,22.3,83.0,0.0,2.9,2.5,148.0,117.9,110.6,18.49565431704748,281.7249207711085,40.0,0.8702570371968145
2023-07-15T01:00:00Z,22.3,83.0,0.0,2.9,2.5,148.0,117.9,110.6,18.49565431704748,281.7249207711085,45.0,0.8144546915439344
2023-07-15T01:00:00Z,22.3,83.0,0.0,2.9,2.5,148.0,117.9,110.6,18.49565431704748,281.7249207711085,50.0,0.7561324739394364
2023-07-15T01:00:00Z,22.3,83.0,0.0,2.9,2.5,148.0,117.9,110.6,18.49565431704748,281.7249207711085,55.0,0.6957221305182814
2023-07-15T01:00:00Z,22.3,83.0,0.0,2.9,2.5,148.0,117.9,110.6,18.49565431704748,281.7249207711085,60.0,0.6439720258304895
2023-07-15T02:00:00Z,22.3,1.0,0.0,0.4,4.0,86.0,127.6,64.9,9.49692623612288,292.71432539031434,30.0,0.41700359404248344
2023-07-15T02:00:00Z,22.3,1.0,0.0,0.4,4.0,86.0,127.6,64.9,9.49692623612288,292.71432539031434,35.0,0.4088468229714721
2023-07-15T02:00:00Z,22.3,1.0,0.0,0.4,4.0,86.0,127.6,64.9,9.49692623612288,292.71432539031434,40.0,0.3996026210340089
2023-07-15T02:00:00Z,22.3,1.0,0.0,0.4,4.0,86.0,127.6,64.9,9.49692623612288,292.71432539031434,45.0,0.38934041554376797
2023-07-15T02:00:00Z,22.3,1.0,0.0,0.4,4.0,86.0,127.6,64.9,9.49692623612288,292.71432539031434,50.0,0.3781373522310844
2023-07-15T02:00:00Z,22.3,1.0,0.0,0.4,4.0,86.0,127.6,64.9,9.49692623612288,292.71432539031434,55.0,0.36607773712890984
2023-07-15T02:00:00Z,22.3,1.0,0.0,0.4,4.0,86.0,127.6,64.9,9.49692623612288,292.71432539031434,60.0,0.353252423977695
2023-07-15T03:00:00Z,21.3,63.0,0.4,4.0,0.7,8.0,0.0,8.0,1.2025760545445063,303.9807891184429,30.0,0.009051475495149786
2023-07-15T03:00:00Z,21.3,63.0,0.4,4.0,0.7,8.0,0.0,8.0,1.2025760545445063,303.9807891184429,35.0,0.0077707416167318655
2023-07-15T03:00:00Z,21.3,63.0,0.4,4.0,0.7,8.0,0.0,8.0,1.2025760545445063,303.9807891184429,40.0,0.006319609179497408
2023-07-15T03:00:00Z,21.3,63.0,0.4,4.0,0.7,8.0,0.0,8.0,1.2025760545445063,303.9807891184429,45.0,0.004709101004877307
2023-07-15T03:00:00Z,21.3,63.0,0.4,4.0,0.7,8.0,0.0,8.0,1.2025760545445063,303.9807891184429,50.0,0.0029514521958264647
2023-07-15T03:00:00Z,21.3,63.0,0.4,4.0,0.7,8.0,0.0,8.0,1.2025760545445063,303.9807891184429,55.0,0.0010600176836885586
2023-07-15T03:00:00Z,21.3,63.0,0.4,4.0,0.7,8.0,0.0,8.0,1.2025760545445063,303.9807891184429,60.0,0.0
2023-07-15T04:00:00Z,20.2,99.0,0.0,0.7,1.4,0.0,0.0,0.0,-6.026112253189011,315.92238105902265,30.0,0.0
2023-07-15T04:00:00Z,20.2,99.0,0.0,0.7,1.4,0.0,0.0,0.0,-6.026112253189011,315.92238105902265,35.0,0.0
2023-07-15T04:00:00Z,20.2,99.0,0.0,0.7,1.4,0.0,0.0,0.0,-6.026112253189011,315.92238105902265,40.0,0.0
2023-07-15T04:00:00Z,20.2,99.0,0.0,0.7,1.4,0.0,0.0,0.0,-6.026112253189011,315.92238105902265,45.0,0.0
2023-07-15T04:00:00Z,20.2,99.0,0.0,0.7,1.4,0.0,0.0,0.0,-6.026112253189011,315.92238105902265,50.0,0.0
2023-07-15T04:00:00Z,20.2,99.0,0.0,0.7,1.4,0.0,0.0,0.0,-6.026112253189011,315.92238105902265,55.0,0.0
2023-07-15T04:00:00Z,20.2,99.0,0.0,0.7,1.4,0.0,0.0,0.0,-6.026112253189011,315.92238105902265,60.0,0.0
2023-07-15T05:00:00Z,19.5,56.0,0.0,1.4,5.4,0.0,0.0,0.0,-11.790484224776385,328.7803348933005,30.0,0.0
2023-07-15T05:00:00Z,19.5,56.0,0.0,1.4,5.4,0.0,0.0,0.0,-11.790484224776385,328.7803348933005,35.0,0.0
2023-07-15T05:00:00Z,19.5,56.0,0.0,1.4,5.4,0.0,0.0,0.0,-11.790484224776385,328.7803348933005,40.0,0.0
2023-07-15T05:00:00Z,19.5,56.0,0.0,1.4,5.4,0.0,0.0,0.0,-11.790484224776385,328.7803348933005,45.0,0.0
2023-07-15T05:00:00Z,19.5,56.0,0.0,1.4,5.4,0.0,0.0,0.0,-11.790484224776385,328.7803348933005,50.0,0.0
2023-07-15T05:00:00Z,19.5,56.0,0.0,1.4,5.4,0.0,0.0,0.0,-11.790484224776385,328.7803348933005,55.0,0.0
2023-07-15T05:00:00Z,19.5,56.0,0.0,1.4,5.4,0.0,0.0,0.0,-11.790484224776385,328.7803348933005,60.0,0.0
2023-07-15T06:00:00Z,17.6,0.0,0.0,5.4,7.2,0.0,0.0,0.0,-15.682233700800815,342.569844046684,30.0,0.0
2023-07-15T06:00:00Z,17.6,0.0,0.0,5.4,7.2,0.0,0.0,0.0,-15.682233700800815,342.569844046684,35.0,0.0
2023-07-15T06:00:00Z,17.6,0.0,0.0,5.4,7.2,0.0,0.0,0.0,-15.682233700800815,342.569844046684,40.0,0.0
2023-07-15T06:00:00Z,17.6,0.0,0.0,5.4,7.2,0.0,0.0,0.0,-15.682233700800815,342.569844046684,45.0,0.0
2023-07-15T06:00:00Z,17.6,0.0,0.0,5.4,7.2,0.0,0.0,0.0,-15.682233700800815,342.569844046684,50.0,0.0
2023-07-15T06:00:00Z,17.6,0.0,0.0,5.4,7.2,0.0,0.0,0.0,-15.682233700800815,342.569844046684,55.0,0.0
2023-07-15T06:00:00Z,17.6,0.0,0.0,5.4,7.2,0.0,0.0,0.0,-15.682233700800815,342.569844046684,60.0,0.0
2023-07-15T07:00:00Z,15.8,6.0,0.0,7.2,4.0,0.0,0.0,0.0,-17.36122932003509,357.01327678888015,30.0,0.0
2023-07-15T07:00:00Z,15.8,6.0,0.0,7.2,4.0,0.0,0.0,0.0,-17.36122932003509,357.01327678888015,35.0,0.0
2023-07-15T07:00:00Z,15.8,6.0,0.0,7.2,4.0,0.0,0.0,0.0,-17.36122932003509,357.01327678888015,40.0,0.0
2023-07-15T07:00:00Z,15.8,6.0,0.0,7.2,4.0,0.0,0.0,0.0,-17.36122932003509,357.01327678888015,45.0,0.0
2023-07-15T07:00:00Z,15.8,6.0,0.0,7.2,4.0,0.0,0.0,0.0,-17.36122932003509,357.01327678888015,50.0,0.0
2023-07-15T07:00:00Z,15.8,6.0,0.0,7.2,4.0,0.0,0.0,0.0,-17.36122932003509,357.01327678888015,55.0,0.0
2023-07-15T07:00:00Z,15.8,6.0,0.0,7.2,4.0,0.0,0.0,0.0,-17.36122932003509,357.01327678888015,60.0,0.0
2023-07-15T08:00:00Z,14.9,0.0,0.0,4.0,7.2,0.0,0.0,0.0,-16.66054624076933,11.581954054768516,30.0,0.0
2023-07-15T08:00:00Z,14.9,0.0,0.0,4.0,7.2,0.0,0.0,0.0,-16.66054624076933,11.581954054768516,35.0,0.0
2023-07-15T08:00:00Z,14.9,0.0,0.0,4.0,7.2,0.0,0.0,0.0,-16.66054624076933,11.581954054768516,40.0,0.0
2023-07-15T08:00:00Z,14.9,0.0,0.0,4.0,7.2,0.0,0.0,0.0,-16.66054624076933,11.581954054768516,45.0,0.0
2023-07-15T08:00:00Z,14.9,0.0,0.0,4.0,7.2,0.0,0.0,0.0,-16.66054624076933,11.581954054768516,50.0,0.0
2023-07-15T08:00:00Z,14.9,0.0,0.0,4.0,7.2,0.0,0.0,0.0,-16.66054624076933,11.581954054768516,55.0,0.0
2023-07-15T08:00:00Z,14.9,0.0,0.0,4.0,7.2,0.0,0.0,0.0,-16.66054624076933,11.581954054768516,60.0,0.0
2023-07-15T09:00:00Z,14.1,1.0,0.0,7.2,4.7,0.0,0.0,0.0,-13.65165713311466,25.694882255232528,30.0,0.0
2023-07-15T09:00:00Z,14.1,1.0,0.0,7.2,4.7,0.0,0.0,0.0,-13.65165713311466,25.694882255232528,35.0,0.0
2023-07-15T09:00:00Z,14.1,1.0,0.0,7.2,4.7,0.0,0.0,0.0,-13.65165713311466,25.694882255232528,40.0,0.0
2023-07-15T09:00:00Z,14.1,1.0,0.0,7.2,4.7,0.0,0.0,0.0,-13.65165713311466,25.694882255232528,45.0,0.0
2023-07-15T09:00:00Z,14.1,1.0,0.0,7.2,4.7,0.0,0.0,0.0,-13.65165713311466,25.694882255232528,50.0,0.0
2023-07-15T09:00:00Z,14.1,1.0,0.0,7.2,4.7,0.0,0.0,0.0,-13.65165713311466,25.694882255232528,55.0,0.0
2023-07-15T09:00:00Z,14.1,1.0,0.0,7.2,4.7,0.0,0.0,0.0,-13.65165713311466,25.694882255232528,60.0,0.0
2023-07-15T10:00:00Z,13.8,0.0,0.0,4.7,6.1,0.0,0.0,0.0,-8.615481478722593,38.95610001086595,30.0,0.0
2023-07-15T10:00:00Z,13.8,0.0,0.0,4.7,6.1,0.0,0.0,0.0,-8.615481478722593,38.95610001086595,35.0,0.0
2023-07-15T10:00:00Z,13.8,0.0,0.0,4.7,6.1,0.0,0.0,0.0,-8.615481478722593,38.95610001086595,40.0,0.0
2023-07-15T10:00:00Z,13.8,0.0,0.0,4.7,6.1,0.0,0.0,0.0,-8.615481478722593,38.95610001086595,45.0,0.0
2023-07-15T10:00:00Z,13.8,0.0,0.0,4.7,6.1,0.0,0.0,0.0,-8.615481478722593,38.95610001086595,50.0,0.0
2023-07-15T10:00:00Z,13.8,0.0,0.0,4.7,6.1,0.0,0.0,0.0,-8.615481478722593,38.95610001086595,55.0,0.0
2023-07-15T10:00:00Z,13.8,0.0,0.0,4.7,6.1,0.0,0.0,0.0,-8.615481478722593,38.95610001086595,60.0,0.0
2023-07-15T11:00:00Z,13.1,0.0,0.0,6.1,3.6,3.0,0.0,3.0,-1.9444200850419027,51.264389561108544,30.0,0.0
2023-07-15T11:00:00Z,13.1,0.0,0.0,6.1,3.6,3.0,0.0,3.0,-1.9444200850419027,51.264389561108544,35.0,0.0
2023-07-15T11:00:00Z,13.1,0.0,0.0,6.1,3.6,3.0,0.0,3.0,-1.9444200850419027,51.264389561108544,40.0,0.0
2023-07-15T11:00:00Z,13.1,0.0,0.0,6.1,3.6,3.0,0.0,3.0,-1.9444200850419027,51.264389561108544,45.0,0.0
2023-07-15T11:00:00Z,13.1,0.0,0.0,6.1,3.6,3.0,0.0,3.0,-1.9444200850419027,51.264389561108544,50.0,0.0
2023-07-15T11:00:00Z,13.1,0.0,0.0,6.1,3.6,3.0,0.0,3.0,-1.9444200850419027,51.264389561108544,55.0,0.0
2023-07-15T11:00:00Z,13.1,0.0,0.0,6.1,3.6,3.0,0.0,3.0,-1.9444200850419027,51.264389561108544,60.0,0.0
2023-07-15T12:00:00Z,12.4,0.0,0.0,3.6,6.5,66.0,186.4,46.6,5.952341559336282,62.77826383627689,30.0,0.2798358750042591
2023-07-15T12:00:00Z,12.4,0.0,0.0,3.6,6.5,66.0,186.4,46.6,5.952341559336282,62.77826383627689,35.0,0.27434421517958296
2023-07-15T12:00:00Z,12.4,0.0,0.0,3.6,6.5,66.0,186.4,46.6,5.952341559336282,62.77826383627689,40.0,0.26812111398201005
2023-07-15T12:00:00Z,12.4,0.0,0.0,3.6,6.5,66.0,186.4,46.6,5.952341559336282,62.77826383627689,45.0,0.2612135571283182
2023-07-15T12:00:00Z,12.4,0.0,0.0,3.6,6.5,66.0,186.4,46.6,5.952341559336282,62.77826383627689,50.0,0.2536737276336022
2023-07-15T12:00:00Z,12.4,0.0,0.0,3.6,6.5,66.0,186.4,46.6,5.952341559336282,62.77826383627689,55.0,0.2455586204375272
2023-07-15T12:00:00Z,12.4,0.0,0.0,3.6,6.5,66.0,186.4,46.6,5.952341559336282,62.77826383627689,60.0,0.23692962041246945
2023-07-15T13:00:00Z,13.5,0.0,0.0,6.5,4.0,205.0,406.7,101.9,14.697137042028693,73.83705717305043,30.0,0.9294944400238466
2023-07-15T13:00:00Z,13.5,0.0,0.0,6.5,4.0,205.0,406.7,101.9,14.697137042028693,73.83705717305043,35.0,0.7795472964123802
2023-07-15T13:00:00Z,13.5,0.0,0.0,6.5,4.0,205.0,406.7,101.9,14.697137042028693,73.83705717305043,40.0,0.6263097104106287
2023-07-15T13:00:00Z,13.5,0.0,0.0,6.5,4.0,205.0,406.7,101.9,14.697137042028693,73.83705717305043,45.0,0.5213834686828464
2023-07-15T13:00:00Z,13.5,0.0,0.0,6.5,4.0,205.0,406.7,101.9,14.697137042028693,73.83705717305043,50.0,0.5131709406467434
2023-07-15T13:00:00Z,13.5,0.0,0.0,6.5,4.0,205.0,406.7,101.9,14.697137042028693,73.83705717305043,55.0,0.5043316751697756
2023-07-15T13:00:00Z,13.5,0.0,0.0,6.5,4.0,205.0,406.7,101.9,14.697137042028693,73.83705717305043,60.0,0.4949325070656597
2023-07-15T14:00:00Z,15.6,0.0,0.0,4.0,8.6,368.0,576.9,134.1,23.94560547196613,84.92200333901775,30.0,2.462331630309431
2023-07-15T14:00:00Z,15.6,0.0,0.0,4.0,8.6,368.0,576.9,134.1,23.94560547196613,84.92200333901775,35.0,2.316061141480516
2023-07-15T14:00:00Z,15.6,0.0,0.0,4.0,8.6,368.0,576.9,134.1,23.94560547196613,84.92200333901775,40.0,2.156238853277638
2023-07-15T14:00:00Z,15.6,0.0,0.0,4.0,8.6,368.0,576.9,134.1,23.94560547196613,84.92200333901775,45.0,1.9838926650990991
2023-07-15T14:00:00Z,15.6,0.0,0.0,4.0,8.6,368.0,576.9,134.1,23.94560547196613,84.92200333901775,50.0,1.8001523149655645
2023-07-15T14:00:00Z,15.6,0.0,0.0,4.0,8.6,368.0,576.9,134.1,23.94560547196613,84.92200333901775,55.0,1.6062462686850247
2023-07-15T14:00:00Z,15.6,0.0,0.0,4.0,8.6,368.0,576.9,134.1,23.94560547196613,84.92200333901775,60.0,1.4034975208183287
2023-07-15T15:00:00Z,18.0,0.0,0.0,4.0,12.6,532.0,692.9,151.7,33.35369627291342,96.68965145048924,30.0,4.109634482166242
2023-07-15T15:00:00Z,18.0,0.0,0.0,4.0,12.6,532.0,692.9,151.7,33.35369627291342,96.68965145048924,35.0,3.997590004656633
2023-07-15T15:00:00Z,18.0,0.0,0.0,4.0,12.6,532.0,692.9,151.7,33.35369627291342,96.68965145048924,40.0,3.861294505400827
2023-07-15T15:00:00Z,18.0,0.0,0.0,4.0,12.6,532.0,692.9,151.7,33.35369627291342,96.68965145048924,45.0,3.7014436935297903
2023-07-15T15:00:00Z,18.0,0.0,0.0,4.0,12.6,532.0,692.9,151.7,33.35369627291342,96.68965145048924,50.0,3.5188739320119162
2023-07-15T15:00:00Z,18.0,0.0,0.0,4.0,12.6,532.0,692.9,151.7,33.35369627291342,96.68965145048924,55.0,3.3145670605013406
2023-07-15T15:00:00Z,18.0,0.0,0.0,4.0,12.6,532.0,692.9,151.7,33.35369627291342,96.68965145048924,60.0,3.08965496100911
2023-07-15T16:00:00Z,20.2,0.0,0.0,3.6,13.3,678.0,757.3,167.2,42.50889994660121,110.08809875155748,30.0,5.543899131323629
2023-07-15T16:00:00Z,20.2,0.0,0.0,3.6,13.3,678.0,757.3,167.2,42.50889994660121,110.08809875155748,35.0,5.471464242930355
2023-07-15T16:00:00Z,20.2,0.0,0.0,3.6,13.3,678.0,757.3,167.2,42.50889994660121,110.08809875155748,40.0,5.366186250626222
2023-07-15T16:00:00Z,20.2,0.0,0.0,3.6,13.3,678.0,757.3,167.2,42.50889994660121,110.08809875155748,45.0,5.228453051021502
2023-07-15T16:00:00Z,20.2,0.0,0.0,3.6,13.3,678.0,757.3,167.2,42.50889994660121,110.08809875155748,50.0,5.058789114152758
2023-07-15T16:00:00Z,20.2,0.0,0.0,3.6,13.3,678.0,757.3,167.2,42.50889994660121,110.08809875155748,55.0,4.8578666198578135
2023-07-15T16:00:00Z,20.2,0.0,0.0,3.6,13.3,678.0,757.3,167.2,42.50889994660121,110.08809875155748,60.0,4.626518275003869
2023-07-15T17:00:00Z,22.5,0.0,0.0,3.6,5.4,791.0,779.8,187.8,50.803102378487544,126.52593516495585,30.0,6.589435932283589
2023-07-15T17:00:00Z,22.5,0.0,0.0,3.6,5.4,791.0,779.8,187.8,50.803102378487544,126.52593516495585,35.0,6.548771068146849
2023-07-15T17:00:00Z,22.5,0.0,0.0,3.6,5.4,791.0,779.8,187.8,50.803102378487544,126.52593516495585,40.0,6.469620433987893
2023-07-15T17:00:00Z,22.5,0.0,0.0,3.6,5.4,791.0,779.8,187.8,50.803102378487544,126.52593516495585,45.0,6.352178759561922
2023-07-15T17:00:00Z,22.5,0.0,0.0,3.6,5.4,791.0,779.8,187.8,50.803102378487544,126.52593516495585,50.0,6.196748453199456
2023-07-15T17:00:00Z,22.5,0.0,0.0,3.6,5.4,791.0,779.8,187.8,50.803102378487544,126.52593516495585,55.0,6.0037541682990305
2023-07-15T17:00:00Z,22.5,0.0,0.0,3.6,5.4,791.0,779.8,187.8,50.803102378487544,126.52593516495585,60.0,5.773761251814974
2023-07-15T18:00:00Z,23.4,0.0,0.0,3.6,14.8,869.0,789.2,206.7,57.230436385025136,147.75788518586666,30.0,7.286012493441715
2023-07-15T18:00:00Z,23.4,0.0,0.0,3.6,14.8,869.0,789.2,206.7,57.230436385025136,147.75788518586666,35.0,7.26514097454279
2023-07-15T18:00:00Z,23.4,0.0,0.0,3.6,14.8,869.0,789.2,206.7,57.230436385025136,147.75788518586666,40.0,7.202316360232504
2023-07-15T18:00:00Z,23.4,0.0,0.0,3.6,14.8,869.0,789.2,206.7,57.230436385025136,147.75788518586666,45.0,7.097637245991916
2023-07-15T18:00:00Z,23.4,0.0,0.0,3.6,14.8,869.0,789.2,206.7,57.230436385025136,147.75788518586666,50.0,6.951279174027357
2023-07-15T18:00:00Z,23.4,0.0,0.0,3.6,14.8,869.0,789.2,206.7,57.230436385025136,147.75788518586666,55.0,6.763510875698071
2023-07-15T18:00:00Z,23.4,0.0,0.0,3.6,14.8,869.0,789.2,206.7,57.230436385025136,147.75788518586666,60.0,6.5347161955825985
2023-07-15T19:00:00Z,25.9,0.0,0.0,3.2,19.8,897.0,781.7,219.1,60.32331960873964,174.20752771594232,30.0,7.46242354537215
2023-07-15T19:00:00Z,25.9,0.0,0.0,3.2,19.8,897.0,781.7,219.1,60.32331960873964,174.20752771594232,35.0,7.449459833439934
2023-07-15T19:00:00Z,25.9,0.0,0.0,3.2,19.8,897.0,781.7,219.1,60.32331960873964,174.20752771594232,40.0,7.39394801177301
2023-07-15T19:00:00Z,25.9,0.0,0.0,3.2,19.8,897.0,781.7,219.1,60.32331960873964,174.20752771594232,45.0,7.29595151852219
2023-07-15T19:00:00Z,25.9,0.0,0.0,3.2,19.8,897.0,781.7,219.1,60.32331960873964,174.20752771594232,50.0,7.155592676664043
2023-07-15T19:00:00Z,25.9,0.0,0.0,3.2,19.8,897.0,781.7,219.1,60.32331960873964,174.20752771594232,55.0,6.973069376060219
2023-07-15T19:00:00Z,25.9,0.0,0.0,3.2,19.8,897.0,781.7,219.1,60.32331960873964,174.20752771594232,60.0,6.748678201845135
2023-07-15T20:00:00Z,26.6,2.0,0.0,6.5,13.0,875.0,767.3,218.6,58.98130936606174,201.9053214947839,30.0,7.299681615142935
2023-07-15T20:00:00Z,26.6,2.0,0.0,6.5,13.0,875.0,767.3,218.6,58.98130936606174,201.9053214947839,35.0,7.28291914340235
2023-07-15T20:00:00Z,26.6,2.0,0.0,6.5,13.0,875.0,767.3,218.6,58.98130936606174,201.9053214947839,40.0,7.224147544699903
2023-07-15T20:00:00Z,26.6,2.0,0.0,6.5,13.0,875.0,767.3,218.6,58.98130936606174,201.9053214947839,45.0,7.123468799394136
2023-07-15T20:00:00Z,26.6,2.0,0.0,6.5,13.0,875.0,767.3,218.6,58.98130936606174,201.9053214947839,50.0,6.981067555028635
2023-07-15T20:00:00Z,26.6,2.0,0.0,6.5,13.0,875.0,767.3,218.6,58.98130936606174,201.9053214947839,55.0,6.797226179385312
2023-07-15T20:00:00Z,26.6,2.0,0.0,6.5,13.0,875.0,767.3,218.6,58.98130936606174,201.9053214947839,60.0,6.572345337754876
2023-07-15T21:00:00Z,27.0,0.0,1.1,7.9,11.9,443.0,158.8,315.2,53.721442315772094,225.41087438446806,30.0,3.5220528985160713
2023-07-15T21:00:00Z,27.0,0.0,1.1,7.9,11.9,443.0,158.8,315.2,53.721442315772094,225.41087438446806,35.0,3.47780747738217
2023-07-15T21:00:00Z,27.0,0.0,1.1,7.9,11.9,443.0,158.8,315.2,53.721442315772094,225.41087438446806,40.0,3.4185121273949286
2023-07-15T21:00:00Z,27.0,0.0,1.1,7.9,11.9,443.0,158.8,315.2,53.721442315772094,225.41087438446806,45.0,3.344526275039367
2023-07-15T21:00:00Z,27.0,0.0,1.1,7.9,11.9,443.0,158.8,315.2,53.721442315772094,225.41087438446806,50.0,3.2563024670756153
2023-07-15T21:00:00Z,27.0,0.0,1.1,7.9,11.9,443.0,158.8,315.2,53.721442315772094,225.41087438446806,55.0,3.1543862134659477
2023-07-15T21:00:00Z,27.0,0.0,1.1,7.9,11.9,443.0,158.8,315.2,53.721442315772094,225.41087438446806,60.0,3.039415586847649
2023-07-15T22:00:00Z,22.5,100.0,0.0,6.8,15.1,570.0,456.6,241.9,46.0330854773218,243.59949251690114,30.0,4.692938927058924
2023-07-15T22:00:00Z,22.5,100.0,0.0,6.8,15.1,570.0,456.6,241.9,46.0330854773218,243.59949251690114,35.0,4.639218268913023
2023-07-15T22:00:00Z,22.5,100.0,0.0,6.8,15.1,570.0,456.6,241.9,46.0330854773218,243.59949251690114,40.0,4.559876293735879
2023-07-15T22:00:00Z,22.5,100.0,0.0,6.8,15.1,570.0,456.6,241.9,46.0330854773218,243.59949251690114,45.0,4.455295101729235
2023-07-15T22:00:00Z,22.5,100.0,0.0,6.8,15.1,570.0,456.6,241.9,46.0330854773218,243.59949251690114,50.0,4.325986974259067
2023-07-15T22:00:00Z,22.5,100.0,0.0,6.8,15.1,570.0,456.6,241.9,46.0330854773218,243.59949251690114,55.0,4.172598765911783
2023-07-15T22:00:00Z,22.5,100.0,0.0,6.8,15.1,570.0,456.6,241.9,46.0330854773218,243.59949251690114,60.0,3.9959168620161116
2023-07-15T23:00:00Z,24.0,1.0,0.0,9.7,11.2,509.0,534.8,186.7,37.13190781141281,258.0350886451281,30.0,4.010535773810113
2023-07-15T23:00:00Z,24.0,1.0,0.0,9.7,11.2,509.0,534.8,186.7,37.13190781141281,258.0350886451281,35.0,3.9291882949593275
2023-07-15T23:00:00Z,24.0,1.0,0.0,9.7,11.2,509.0,534.8,186.7,37.13190781141281,258.0350886451281,40.0,3.8251366718404447
2023-07-15T23:00:00Z,24.0,1.0,0.0,9.7,11.2,509.0,534.8,186.7,37.13190781141281,258.0350886451281,45.0,3.6989379857283544
2023-07-15T23:00:00Z,24.0,1.0,0.0,9.7,11.2,509.0,534.8,186.7,37.13190781141281,258.0350886451281,50.0,3.551279721971956
2023-07-15T23:00:00Z,24.0,1.0,0.0,9.7,11.2,509.0,534.8,186.7,37.13190781141281,258.0350886451281,55.0,3.3829825737286687
2023-07-15T23:00:00Z,24.0,1.0,0.0,9.7,11.2,509.0,534.8,186.7,37.13190781141281,258.0350886451281,60.0,3.195003143228599
2023-07-16T00:00:00Z,26.0,0.0,0.0,6.8,18.7,382.0,490.4,153.8,27.7611210074544,270.3280009305297,30.0,2.6951548331199664
2023-07-16T00:00:00Z,26.0,0.0,0.0,6.8,18.7,382.0,490.4,153.8,27.7611210074544,270.3280009305297,35.0,2.586224870472045
2023-07-16T00:00:00Z,26.0,0.0,0.0,6.8,18.7,382.0,490.4,153.8,27.7611210074544,270.3280009305297,40.0,2.4626642532852765
2023-07-16T00:00:00Z,26.0,0.0,0.0,6.8,18.7,382.0,490.4,153.8,27.7611210074544,270.3280009305297,45.0,2.3252423647209857
2023-07-16T00:00:00Z,26.0,0.0,0.0,6.8,18.7,382.0,490.4,153.8,27.7611210074544,270.3280009305297,50.0,2.1748289645893535
2023-07-16T00:00:00Z,26.0,0.0,0.0,6.8,18.7,382.0,490.4,153.8,27.7611210074544,270.3280009305297,55.0,2.012392842093638
2023-07-16T00:00:00Z,26.0,0.0,0.0,6.8,18.7,382.0,490.4,153.8,27.7611210074544,270.3280009305297,60.0,1.8389997279485966
2023-07-16T01:00:00Z,25.5,0.0,0.2,11.2,26.3,220.0,316.9,120.0,18.392855696241405,281.59562759928616,30.0,1.2735970048746297
2023-07-16T01:00:00Z,25.5,0.0,0.2,11.2,26.3,220.0,316.9,120.0,18.392855696241405,281.59562759928616,35.0,1.1689584531842452
2023-07-16T01:00:00Z,25.5,0.0,0.2,11.2,26.3,220.0,316.9,120.0,18.392855696241405,281.59562759928616,40.0,1.0590150567201069
2023-07-16T01:00:00Z,25.5,0.0,0.2,11.2,26.3,220.0,316.9,120.0,18.392855696241405,281.59562759928616,45.0,0.9445595324246766
2023-07-16T01:00:00Z,25.5,0.0,0.2,11.2,26.3,220.0,316.9,120.0,18.392855696241405,281.59562759928616,50.0,0.8264256838012736
2023-07-16T01:00:00Z,25.5,0.0,0.2,11.2,26.3,220.0,316.9,120.0,18.392855696241405,281.59562759928616,55.0,0.7054831961734104
2023-07-16T01:00:00Z,25.5,0.0,0.2,11.2,26.3,220.0,316.9,120.0,18.392855696241405,281.59562759928616,60.0,0.6076874595832352
2023-07-16T02:00:00Z,21.2,100.0,2.2,17.6,5.8,8.0,0.0,8.0,9.38788897689579,292.5952455823389,30.0,0.009083768990566581
2023-07-16T02:00:00Z,21.2,100.0,2.2,17.6,5.8,8.0,0.0,8.0,9.38788897689579,292.5952455823389,35.0,0.007802202876800009
2023-07-16T02:00:00Z,21.2,100.0,2.2,17.6,5.8,8.0,0.0,8.0,9.38788897689579,292.5952455823389,40.0,0.006350136914446448
2023-07-16T02:00:00Z,21.2,100.0,2.2,17.6,5.8,8.0,0.0,8.0,9.38788897689579,292.5952455823389,45.0,0.004738604423606995
2023-07-16T02:00:00Z,21.2,100.0,2.2,17.6,5.8,8.0,0.0,8.0,9.38788897689579,292.5952455823389,50.0,0.0029798518033454036
2023-07-16T02:00:00Z,21.2,100.0,2.2,17.6,5.8,8.0,0.0,8.0,9.38788897689579,292.5952455823389,55.0,0.001087245886243618
2023-07-16T02:00:00Z,21.2,100.0,2.2,17.6,5.8,8.0,0.0,8.0,9.38788897689579,292.5952455823389,60.0,0.0
2023-07-16T03:00:00Z,16.7,100.0,0.2,5.8,4.7,3.0,0.0,3.0,1.084447271979119,303.8720950826128,30.0,0.0
2023-07-16T03:00:00Z,16.7,100.0,0.2,5.8,4.7,3.0,0.0,3.0,1.084447271979119,303.8720950826128,35.0,0.0
2023-07-16T03:00:00Z,16.7,100.0,0.2,5.8,4.7,3.0,0.0,3.0,1.084447271979119,303.8720950826128,40.0,0.0
2023-07-16T03:00:00Z,16.7,100.0,0.2,5.8,4.7,3.0,0.0,3.0,1.084447271979119,303.8720950826128,45.0,0.0
2023-07-16T03:00:00Z,16.7,100.0,0.2,5.8,4.7,3.0,0.0,3.0,1.084447271979119,303.8720950826128,50.0,0.0
2023-07-16T03:00:00Z,16.7,100.0,0.2,5.8,4.7,3.0,0.0,3.0,1.084447271979119,303.8720950826128,55.0,0.0
2023-07-16T03:00:00Z,16.7,100.0,0.2,5.8,4.7,3.0,0.0,3.0,1.084447271979119,303.8720950826128,60.0,0.0
2023-07-16T04:00:00Z,17.2,28.0,0.0,4.7,1.8,0.0,0.0,0.0,-6.155281247046425,315.82614966943004,30.0,0.0
2023-07-16T04:00:00Z,17.2,28.0,0.0,4.7,1.8,0.0,0.0,0.0,-6.155281247046425,315.82614966943004,35.0,0.0
2023-07-16T04:00:00Z,17.2,28.0,0.0,4.7,1.8,0.0,0.0,0.0,-6.155281247046425,315.82614966943004,40.0,0.0
2023-07-16T04:00:00Z,17.2,28.0,0.0,4.7,1.8,0.0,0.0,0.0,-6.155281247046425,315.82614966943004,45.0,0.0
2023-07-16T04:00:00Z,17.2,28.0,0.0,4.7,1.8,0.0,0.0,0.0,-6.155281247046425,315.82614966943004,50.0,0.0
2023-07-16T04:00:00Z,17.2,28.0,0.0,4.7,1.8,0.0,0.0,0.0,-6.155281247046425,315.82614966943004,55.0,0.0
2023-07-16T04:00:00Z,17.2,28.0,0.0,4.7,1.8,0.0,0.0,0.0,-6.155281247046425,315.82614966943004,60.0,0.0
2023-07-16T05:00:00Z,16.3,1.0,0.0,1.8,7.2,0.0,0.0,0.0,-11.931355084234529,328.70070414415125,30.0,0.0
2023-07-16T05:00:00Z,16.3,1.0,0.0,1.8,7.2,0.0,0.0,0.0,-11.931355084234529,328.70070414415125,35.0,0.0
2023-07-16T05:00:00Z,16.3,1.0,0.0,1.8,7.2,0.0,0.0,0.0,-11.931355084234529,328.70070414415125,40.0,0.0
2023-07-16T05:00:00Z,16.3,1.0,0.0,1.8,7.2,0.0,0.0,0.0,-11.931355084234529,328.70070414415125,45.0,0.0
2023-07-16T05:00:00Z,16.3,1.0,0.0,1.8,7.2,0.0,0.0,0.0,-11.931355084234529,328.70070414415125,50.0,0.0
2023-07-16T05:00:00Z,16.3,1.0,0.0,1.8,7.2,0.0,0.0,0.0,-11.931355084234529,328.70070414415125,55.0,0.0
2023-07-16T05:00:00Z,16.3,1.0,0.0,1.8,7.2,0.0,0.0,0.0,-11.931355084234529,328.70070414415125,60.0,0.0
2023-07-16T06:00:00Z,17.1,0.0,0.0,5.0,3.2,0.0,0.0,0.0,-15.833661454821204,342.51232437538476,30.0,0.0
2023-07-16T06:00:00Z,17.1,0.0,0.0,5.0,3.2,0.0,0.0,0.0,-15.833661454821204,342.51232437538476,35.0,0.0
2023-07-16T06:00:00Z,17.1,0.0,0.0,5.0,3.2,0.0,0.0,0.0,-15.833661454821204,342.51232437538476,40.0,0.0
2023-07-16T06:00:00Z,17.1,0.0,0.0,5.0,3.2,0.0,0.0,0.0,-15.833661454821204,342.51232437538476,45.0,0.0
2023-07-16T06:00:00Z,17.1,0.0,0.0,5.0,3.2,0.0,0.0,0.0,-15.833661454821204,342.51232437538476,50.0,0.0
2023-07-16T06:00:00Z,17.1,0.0,0.0,5.0,3.2,0.0,0.0,0.0,-15.833661454821204,342.51232437538476,55.0,0.0
2023-07-16T06:00:00Z,17.1,0.0,0.0,5.0,3.2,0.0,0.0,0.0,-15.833661454821204,342.51232437538476,60.0,0.0
2023-07-16T07:00:00Z,13.7,5.0,0.0,3.2,5.4,0.0,0.0,0.0,-17.52005923162552,356.98280353142,30.0,0.0
2023-07-16T07:00:00Z,13.7,5.0,0.0,3.2,5.4,0.0,0.0,0.0,-17.52005923162552,356.98280353142,35.0,0.0
2023-07-16T07:00:00Z,13.7,5.0,0.0,3.2,5.4,0.0,0.0,0.0,-17.52005923162552,356.98280353142,40.0,0.0
2023-07-16T07:00:00Z,13.7,5.0,0.0,3.2,5.4,0.0,0.0,0.0,-17.52005923162552,356.98280353142,45.0,0.0
2023-07-16T07:00:00Z,13.7,5.0,0.0,3.2,5.4,0.0,0.0,0.0,-17.52005923162552,356.98280353142,50.0,0.0
2023-07-16T07:00:00Z,13.7,5.0,0.0,3.2,5.4,0.0,0.0,0.0,-17.52005923162552,356.98280353142,55.0,0.0
2023-07-16T07:00:00Z,13.7,5.0,0.0,3.2,5.4,0.0,0.0,0.0,-17.52005923162552,356.98280353142,60.0,0.0
2023-07-16T08:00:00Z,13.7,6.0,0.0,5.4,4.0,0.0,0.0,0.0,-16.8222482492499,11.580452656249804,30.0,0.0
2023-07-16T08:00:00Z,13.7,6.0,0.0,5.4,4.0,0.0,0.0,0.0,-16.8222482492499,11.580452656249804,35.0,0.0
2023-07-16T08:00:00Z,13.7,6.0,0.0,5.4,4.0,0.0,0.0,0.0,-16.8222482492499,11.580452656249804,40.0,0.0
2023-07-16T08:00:00Z,13.7,6.0,0.0,5.4,4.0,0.0,0.0,0.0,-16.8222482492499,11.580452656249804,45.0,0.0
2023-07-16T08:00:00Z,13.7,6.0,0.0,5.4,4.0,0.0,0.0,0.0,-16.8222482492499,11.580452656249804,50.0,0.0
2023-07-16T08:00:00Z,13.7,6.0,0.0,5.4,4.0,0.0,0.0,0.0,-16.8222482492499,11.580452656249804,55.0,0.0
2023-07-16T08:00:00Z,13.7,6.0,0.0,5.4,4.0,0.0,0.0,0.0,-16.8222482492499,11.580452656249804,60.0,0.0
2023-07-16T09:00:00Z,13.1,0.0,0.0,4.0,1.8,0.0,0.0,0.0,-13.811709321413296,25.72031874378365,30.0,0.0
2023-07-16T09:00:00Z,13.1,0.0,0.0,4.0,1.8,0.0,0.0,0.0,-13.811709321413296,25.72031874378365,35.0,0.0
2023-07-16T09:00:00Z,13.1,0.0,0.0,4.0,1.8,0.0,0.0,0.0,-13.811709321413296,25.72031874378365,40.0,0.0
2023-07-16T09:00:00Z,13.1,0.0,0.0,4.0,1.8,0.0,0.0,0.0,-13.811709321413296,25.72031874378365,45.0,0.0
2023-07-16T09:00:00Z,13.1,0.0,0.0,4.0,1.8,0.0,0.0,0.0,-13.811709321413296,25.72031874378365,50.0,0.0
2023-07-16T09:00:00Z,13.1,0.0,0.0,4.0,1.8,0.0,0.0,0.0,-13.811709321413296,25.72031874378365,55.0,0.0
2023-07-16T09:00:00Z,13.1,0.0,0.0,4.0,1.8,0.0,0.0,0.0,-13.811709321413296,25.72031874378365,60.0,0.0
2023-07-16T10:00:00Z,12.6,3.0,0.0,1.8,1.8,0.0,0.0,0.0,-8.770646420525221,39.003860285547205,30.0,0.0
2023-07-16T10:00:00Z,12.6,3.0,0.0,1.8,1.8,0.0,0.0,0.0,-8.770646420525221,39.003860285547205,35.0,0.0
2023-07-16T10:00:00Z,12.6,3.0,0.0,1.8,1.8,0.0,0.0,0.0,-8.770646420525221,39.003860285547205,40.0,0.0
2023-07-16T10:00:00Z,12.6,3.0,0.0,1.8,1.8,0.0,0.0,0.0,-8.770646420525221,39.003860285547205,45.0,0.0
2023-07-16T10:00:00Z,12.6,3.0,0.0,1.8,1.8,0.0,0.0,0.0,-8.770646420525221,39.003860285547205,50.0,0.0
2023-07-16T10:00:00Z,12.6,3.0,0.0,1.8,1.8,0.0,0.0,0.0,-8.770646420525221,39.003860285547205,55.0,0.0
2023-07-16T10:00:00Z,12.6,3.0,0.0,1.8,1.8,0.0,0.0,0.0,-8.770646420525221,39.003860285547205,60.0,0.0
2023-07-16T11:00:00Z,12.3,5.0,0.0,1.8,3.2,3.0,0.0,3.0,-2.0932293620297138,51.329536817253654,30.0,0.0
2023-07-16T11:00:00Z,12.3,5.0,0.0,1.8,3.2,3.0,0.0,3.0,-2.0932293620297138,51.329536817253654,35.0,0.0
2023-07-16T11:00:00Z,12.3,5.0,0.0,1.8,3.2,3.0,0.0,3.0,-2.0932293620297138,51.329536817253654,40.0,0.0
2023-07-16T11:00:00Z,12.3,5.0,0.0,1.8,3.2,3.0,0.0,3.0,-2.0932293620297138,51.329536817253654,45.0,0.0
2023-07-16T11:00:00Z,12.3,5.0,0.0,1.8,3.2,3.0,0.0,3.0,-2.0932293620297138,51.329536817253654,50.0,0.0
2023-07-16T11:00:00Z,12.3,5.0,0.0,1.8,3.2,3.0,0.0,3.0,-2.0932293620297138,51.329536817253654,55.0,0.0
2023-07-16T11:00:00Z,12.3,5.0,0.0,1.8,3.2,3.0,0.0,3.0,-2.0932293620297138,51.329536817253654,60.0,0.0
2023-07-16T12:00:00Z,12.0,0.0,0.0,3.2,3.6,65.0,189.0,45.8,5.809778486752172,62.85701749482388,30.0,0.27382441836673116
2023-07-16T12:00:00Z,12.0,0.0,0.0,3.2,3.6,65.0,189.0,45.8,5.809778486752172,62.85701749482388,35.0,0.2684428209436694
2023-07-16T12:00:00Z,12.0,0.0,0.0,3.2,3.6,65.0,189.0,45.8,5.809778486752172,62.85701749482388,40.0,0.26234445927884237
2023-07-16T12:00:00Z,12.0,0.0,0.0,3.2,3.6,65.0,189.0,45.8,5.809778486752172,62.85701749482388,45.0,0.25557538369945315
2023-07-16T12:00:00Z,12.0,0.0,0.0,3.2,3.6,65.0,189.0,45.8,5.809778486752172,62.85701749482388,50.0,0.24818673768784977
2023-07-16T12:00:00Z,12.0,0.0,0.0,3.2,3.6,65.0,189.0,45.8,5.809778486752172,62.85701749482388,55.0,0.24023437998238958
2023-07-16T12:00:00Z,12.0,0.0,0.0,3.2,3.6,65.0,189.0,45.8,5.809778486752172,62.85701749482388,60.0,0.23177847079569952
2023-07-16T13:00:00Z,14.0,0.0,0.0,3.6,2.2,205.0,412.7,101.3,14.5595195442707,73.92716145735841,30.0,0.9200579207722237
2023-07-16T13:00:00Z,14.0,0.0,0.0,3.6,2.2,205.0,412.7,101.3,14.5595195442707,73.92716145735841,35.0,0.7693669675169752
2023-07-16T13:00:00Z,14.0,0.0,0.0,3.6,2.2,205.0,412.7,101.3,14.5595195442707,73.92716145735841,40.0,0.6153925961535474
2023-07-16T13:00:00Z,14.0,0.0,0.0,3.6,2.2,205.0,412.7,101.3,14.5595195442707,73.92716145735841,45.0,0.5138082732013313
2023-07-16T13:00:00Z,14.0,0.0,0.0,3.6,2.2,205.0,412.7,101.3,14.5595195442707,73.92716145735841,50.0,0.5058552571469653
2023-07-16T13:00:00Z,14.0,0.0,0.0,3.6,2.2,205.0,412.7,101.3,14.5595195442707,73.92716145735841,55.0,0.4972952886263616
2023-07-16T13:00:00Z,14.0,0.0,0.0,3.6,2.2,205.0,412.7,101.3,14.5595195442707,73.92716145735841,60.0,0.4881930865850095
2023-07-16T14:00:00Z,15.8,0.0,0.0,2.2,6.5,370.0,586.8,133.3,23.810702270314057,85.02234738064448,30.0,2.4718127257190106
2023-07-16T14:00:00Z,15.8,0.0,0.0,2.2,6.5,370.0,586.8,133.3,23.810702270314057,85.02234738064448,35.0,2.3251118754824307
2023-07-16T14:00:00Z,15.8,0.0,0.0,2.2,6.5,370.0,586.8,133.3,23.810702270314057,85.02234738064448,40.0,2.164740111896702
2023-07-16T14:00:00Z,15.8,0.0,0.0,2.2,6.5,370.0,586.8,133.3,23.810702270314057,85.02234738064448,45.0,1.991721849334873
2023-07-16T14:00:00Z,15.8,0.0,0.0,2.2,6.5,370.0,586.8,133.3,23.810702270314057,85.02234738064448,50.0,1.8071843980521354
2023-07-16T14:00:00Z,15.8,0.0,0.0,2.2,6.5,370.0,586.8,133.3,23.810702270314057,85.02234738064448,55.0,1.612355098171679
2023-07-16T14:00:00Z,15.8,0.0,0.0,2.2,6.5,370.0,586.8,133.3,23.810702270314057,85.02234738064448,60.0,1.408557346248608
2023-07-16T15:00:00Z,17.8,0.0,0.0,3.6,9.7,532.0,696.6,150.9,33.21839853126458,96.79923100053531,30.0,4.116906382584504
2023-07-16T15:00:00Z,17.8,0.0,0.0,3.6,9.7,532.0,696.6,150.9,33.21839853126458,96.79923100053531,35.0,4.005839821615631
2023-07-16T15:00:00Z,17.8,0.0,0.0,3.6,9.7,532.0,696.6,150.9,33.21839853126458,96.79923100053531,40.0,3.870458458929248
2023-07-16T15:00:00Z,17.8,0.0,0.0,3.6,9.7,532.0,696.6,150.9,33.21839853126458,96.79923100053531,45.0,3.7114503238847885
2023-07-16T15:00:00Z,17.8,0.0,0.0,3.6,9.7,532.0,696.6,150.9,33.21839853126458,96.79923100053531,50.0,3.529643841943794
2023-07-16T15:00:00Z,17.8,0.0,0.0,3.6,9.7,532.0,696.6,150.9,33.21839853126458,96.79923100053531,55.0,3.32601276031805
2023-07-16T15:00:00Z,17.8,0.0,0.0,3.6,9.7,532.0,696.6,150.9,33.21839853126458,96.79923100053531,60.0,3.1016808397304394
2023-07-16T16:00:00Z,19.7,0.0,0.0,5.0,9.7,677.0,758.7,166.6,42.36918384677649,110.20350942215595,30.0,5.565272525727176
2023-07-16T16:00:00Z,19.7,0.0,0.0,5.0,9.7,677.0,758.7,166.6,42.36918384677649,110.20350942215595,35.0,5.493782767429356
2023-07-16T16:00:00Z,19.7,0.0,0.0,5.0,9.7,677.0,758.7,166.6,42.36918384677649,110.20350942215595,40.0,5.389243606085061
2023-07-16T16:00:00Z,19.7,0.0,0.0,5.0,9.7,677.0,758.7,166.6,42.36918384677649,110.20350942215595,45.0,5.252049326892193
2023-07-16T16:00:00Z,19.7,0.0,0.0,5.0,9.7,677.0,758.7,166.6,42.36918384677649,110.20350942215595,50.0,5.082733672395405
2023-07-16T16:00:00Z,19.7,0.0,0.0,5.0,9.7,677.0,758.7,166.6,42.36918384677649,110.20350942215595,55.0,4.881980518409175
2023-07-16T16:00:00Z,19.7,0.0,0.0,5.0,9.7,677.0,758.7,166.6,42.36918384677649,110.20350942215595,60.0,4.65063618232957
2023-07-16T17:00:00Z,22.1,0.0,0.0,6.1,16.6,791.0,783.0,186.6,50.6544646244537,126.63493393351854,30.0,6.636054367221416
2023-07-16T17:00:00Z,22.1,0.0,0.0,6.1,16.6,791.0,783.0,186.6,50.6544646244537,126.63493393351854,35.0,6.5964226415301415
2023-07-16T17:00:00Z,22.1,0.0,0.0,6.1,16.6,791.0,783.0,186.6,50.6544646244537,126.63493393351854,40.0,6.517822903252422
2023-07-16T17:00:00Z,22.1,0.0,0.0,6.1,16.6,791.0,783.0,186.6,50.6544646244537,126.63493393351854,45.0,6.400464172704226
2023-07-16T17:00:00Z,22.1,0.0,0.0,6.1,16.6,791.0,783.0,186.6,50.6544646244537,126.63493393351854,50.0,6.244671178082878
2023-07-16T17:00:00Z,22.1,0.0,0.0,6.1,16.6,791.0,783.0,186.6,50.6544646244537,126.63493393351854,55.0,6.050898088525931
2023-07-16T17:00:00Z,22.1,0.0,0.0,6.1,16.6,791.0,783.0,186.6,50.6544646244537,126.63493393351854,60.0,5.819745962002789
2023-07-16T18:00:00Z,22.8,0.0,0.0,12.6,18.4,868.0,790.4,205.8,57.07066009296989,147.82695484497503,30.0,7.4182887796560335
2023-07-16T18:00:00Z,22.8,0.0,0.0,12.6,18.4,868.0,790.4,205.8,57.07066009296989,147.82695484497503,35.0,7.398162734121111
2023-07-16T18:00:00Z,22.8,0.0,0.0,12.6,18.4,868.0,790.4,205.8,57.07066009296989,147.82695484497503,40.0,7.334482488670757
2023-07-16T18:00:00Z,22.8,0.0,0.0,12.6,18.4,868.0,790.4,205.8,57.07066009296989,147.82695484497503,45.0,7.227402207785885
2023-07-16T18:00:00Z,22.8,0.0,0.0,12.6,18.4,868.0,790.4,205.8,57.07066009296989,147.82695484497503,50.0,7.0771905212511985
2023-07-16T18:00:00Z,22.8,0.0,0.0,12.6,18.4,868.0,790.4,205.8,57.07066009296989,147.82695484497503,55.0,6.8842439184656445
2023-07-16T18:00:00Z,22.8,0.0,0.0,12.6,18.4,868.0,790.4,205.8,57.07066009296989,147.82695484497503,60.0,6.649104881424308
2023-07-16T19:00:00Z,25.6,0.0,0.0,11.5,21.2,897.0,784.5,217.8,60.15935881871657,174.184767667693,30.0,7.596843963033182
2023-07-16T19:00:00Z,25.6,0.0,0.0,11.5,21.2,897.0,784.5,217.8,60.15935881871657,174.184767667693,35.0,7.584985988637058
2023-07-16T19:00:00Z,25.6,0.0,0.0,11.5,21.2,897.0,784.5,217.8,60.15935881871657,174.184767667693,40.0,7.528952137517569
2023-07-16T19:00:00Z,25.6,0.0,0.0,11.5,21.2,897.0,784.5,217.8,60.15935881871657,174.184767667693,45.0,7.428853909548327
2023-07-16T19:00:00Z,25.6,0.0,0.0,11.5,21.2,897.0,784.5,217.8,60.15935881871657,174.184767667693,50.0,7.284899180994823
2023-07-16T19:00:00Z,25.6,0.0,0.0,11.5,21.2,897.0,784.5,217.8,60.15935881871657,174.184767667693,55.0,7.0974062444523796
2023-07-16T19:00:00Z,25.6,0.0,0.0,11.5,21.2,897.0,784.5,217.8,60.15935881871657,174.184767667693,60.0,6.866823354410596
2023-07-16T20:00:00Z,26.4,100.0,0.0,13.0,26.3,676.0,424.0,313.9,58.82910296296521,201.78405084690894,30.0,5.646392323453752
2023-07-16T20:00:00Z,26.4,100.0,0.0,13.0,26.3,676.0,424.0,313.9,58.82910296296521,201.78405084690894,35.0,5.615470373629508
2023-07-16T20:00:00Z,26.4,100.0,0.0,13.0,26.3,676.0,424.0,313.9,58.82910296296521,201.78405084690894,40.0,5.5544204335733625
2023-07-16T20:00:00Z,26.4,100.0,0.0,13.0,26.3,676.0,424.0,313.9,58.82910296296521,201.78405084690894,45.0,5.463508068165532
2023-07-16T20:00:00Z,26.4,100.0,0.0,13.0,26.3,676.0,424.0,313.9,58.82910296296521,201.78405084690894,50.0,5.343134912460518
2023-07-16T20:00:00Z,26.4,100.0,0.0,13.0,26.3,676.0,424.0,313.9,58.82910296296521,201.78405084690894,55.0,5.1938440243698505
2023-07-16T20:00:00Z,26.4,100.0,0.0,13.0,26.3,676.0,424.0,313.9,58.82910296296521,201.78405084690894,60.0,5.016326581397322
2023-07-16T21:00:00Z,26.6,0.0,0.0,15.8,28.1,815.0,764.7,200.7,53.588893036072236,225.2455586988789,30.0,6.862515529726833
2023-07-16T21:00:00Z,26.6,0.0,0.0,15.8,28.1,815.0,764.7,200.7,53.588893036072236,225.2455586988789,35.0,6.832030304193234
2023-07-16T21:00:00Z,26.6,0.0,0.0,15.8,28.1,815.0,764.7,200.7,53.588893036072236,225.2455586988789,40.0,6.76094031408853
2023-07-16T21:00:00Z,26.6,0.0,0.0,15.8,28.1,815.0,764.7,200.7,53.588893036072236,225.2455586988789,45.0,6.649465177487091
2023-07-16T21:00:00Z,26.6,0.0,0.0,15.8,28.1,815.0,764.7,200.7,53.588893036072236,225.2455586988789,50.0,6.497958878174203
2023-07-16T21:00:00Z,26.6,0.0,0.0,15.8,28.1,815.0,764.7,200.7,53.588893036072236,225.2455586988789,55.0,6.306921132961026
2023-07-16T21:00:00Z,26.6,0.0,0.0,15.8,28.1,815.0,764.7,200.7,53.588893036072236,225.2455586988789,60.0,6.07701221485906
2023-07-16T22:00:00Z,27.1,1.0,0.0,16.9,30.2,704.0,725.4,183.8,45.91618717450874,243.43180375543835,30.0,5.801486609827052
2023-07-16T22:00:00Z,27.1,1.0,0.0,16.9,30.2,704.0,725.4,183.8,45.91618717450874,243.43180375543835,35.0,5.7452997903765315
2023-07-16T22:00:00Z,27.1,1.0,0.0,16.9,30.2,704.0,725.4,183.8,45.91618717450874,243.43180375543835,40.0,5.654542224552578
2023-07-16T22:00:00Z,27.1,1.0,0.0,16.9,30.2,704.0,725.4,183.8,45.91618717450874,243.43180375543835,45.0,5.529585178199224
2023-07-16T22:00:00Z,27.1,1.0,0.0,16.9,30.2,704.0,725.4,183.8,45.91618717450874,243.43180375543835,50.0,5.370951207531346
2023-07-16T22:00:00Z,27.1,1.0,0.0,16.9,30.2,704.0,725.4,183.8,45.91618717450874,243.43180375543835,55.0,5.179322521579784
2023-07-16T22:00:00Z,27.1,1.0,0.0,16.9,30.2,704.0,725.4,183.8,45.91618717450874,243.43180375543835,60.0,4.955550954108064
2023-07-16T23:00:00Z,27.1,73.0,0.0,18.0,33.8,542.0,612.1,174.0,37.023487054624965,257.8786856025601,30.0,4.257494019555535
2023-07-16T23:00:00Z,27.1,73.0,0.0,18.0,33.8,542.0,612.1,174.0,37.023487054624965,257.8786856025601,35.0,4.171989592839881
2023-07-16T23:00:00Z,27.1,73.0,0.0,18.0,33.8,542.0,612.1,174.0,37.023487054624965,257.8786856025601,40.0,4.0616208732097485
2023-07-16T23:00:00Z,27.1,73.0,0.0,18.0,33.8,542.0,612.1,174.0,37.023487054624965,257.8786856025601,45.0,3.9269798082670317
2023-07-16T23:00:00Z,27.1,73.0,0.0,18.0,33.8,542.0,612.1,174.0,37.023487054624965,257.8786856025601,50.0,3.7688006740329607
2023-07-16T23:00:00Z,27.1,73.0,0.0,18.0,33.8,542.0,612.1,174.0,37.023487054624965,257.8786856025601,55.0,3.5879630117059302
2023-07-16T23:00:00Z,27.1,73.0,0.0,18.0,33.8,542.0,612.1,174.0,37.023487054624965,257.8786856025601,60.0,3.3854944812784686
2023-07-17T00:00:00Z,27.3,0.0,0.0,22.0,23.4,414.0,578.2,145.9,27.654964705512803,270.18452462404065,30.0,2.9189493135725773
2023-07-17T00:00:00Z,27.3,0.0,0.0,22.0,23.4,414.0,578.2,145.9,27.654964705512803,270.18452462404065,35.0,2.7969209534340576
2023-07-17T00:00:00Z,27.3,0.0,0.0,22.0,23.4,414.0,578.2,145.9,27.654964705512803,270.18452462404065,40.0,2.6583933954128924
2023-07-17T00:00:00Z,27.3,0.0,0.0,22.0,23.4,414.0,578.2,145.9,27.654964705512803,270.18452462404065,45.0,2.50424424156006
2023-07-17T00:00:00Z,27.3,0.0,0.0,22.0,23.4,414.0,578.2,145.9,27.654964705512803,270.18452462404065,50.0,2.3354643746118677
2023-07-17T00:00:00Z,27.3,0.0,0.0,22.0,23.4,414.0,578.2,145.9,27.654964705512803,270.18452462404065,55.0,2.1531558655361196
2023-07-17T00:00:00Z,27.3,0.0,0.0,22.0,23.4,414.0,578.2,145.9,27.654964705512803,270.18452462404065,60.0,1.9585290597798681
2023-07-17T01:00:00Z,20.8,1.0,0.0,14.8,28.4,251.0,424.1,118.0,18.284144667457195,281.46377173491953,30.0,1.4132474237493766
2023-07-17T01:00:00Z,20.8,1.0,0.0,14.8,28.4,251.0,424.1,118.0,18.284144667457195,281.46377173491953,35.0,1.278814421264926
2023-07-17T01:00:00Z,20.8,1.0,0.0,14.8,28.4,251.0,424.1,118.0,18.284144667457195,281.46377173491953,40.0,1.1379931253482047
2023-07-17T01:00:00Z,20.8,1.0,0.0,14.8,28.4,251.0,424.1,118.0,18.284144667457195,281.46377173491953,45.0,0.9917936757199155
2023-07-17T01:00:00Z,20.8,1.0,0.0,14.8,28.4,251.0,424.1,118.0,18.284144667457195,281.46377173491953,50.0,0.8412777503530354
2023-07-17T01:00:00Z,20.8,1.0,0.0,14.8,28.4,251.0,424.1,118.0,18.284144667457195,281.46377173491953,55.0,0.687552053235624
2023-07-17T01:00:00Z,20.8,1.0,0.0,14.8,28.4,251.0,424.1,118.0,18.284144667457195,281.46377173491953,60.0,0.5619424484642291
2023-07-17T02:00:00Z,23.5,3.0,0.0,15.1,11.2,101.0,203.1,68.2,9.272866857639155,292.4739249976051,30.0,0.4101731425455793
2023-07-17T02:00:00Z,23.5,3.0,0.0,15.1,11.2,101.0,203.1,68.2,9.272866857639155,292.4739249976051,35.0,0.40279789098296176
2023-07-17T02:00:00Z,23.5,3.0,0.0,15.1,11.2,101.0,203.1,68.2,9.272866857639155,292.4739249976051,40.0,0.3944399816767592
2023-07-17T02:00:00Z,23.5,3.0,0.0,15.1,11.2,101.0,203.1,68.2,9.272866857639155,292.4739249976051,45.0,0.38516239638750555
2023-07-17T02:00:00Z,23.5,3.0,0.0,15.1,11.2,101.0,203.1,68.2,9.272866857639155,292.4739249976051,50.0,0.3750350964184033
2023-07-17T02:00:00Z,23.5,3.0,0.0,15.1,11.2,101.0,203.1,68.2,9.272866857639155,292.4739249976051,55.0,0.3641345097991716
2023-07-17T02:00:00Z,23.5,3.0,0.0,15.1,11.2,101.0,203.1,68.2,9.272866857639155,292.4739249976051,60.0,0.35254296926204126
2023-07-17T03:00:00Z,22.5,3.0,0.0,11.2,11.5,15.0,13.9,14.2,0.9602106530260878,303.7615959194038,30.0,0.05756361193298187
2023-07-17T03:00:00Z,22.5,3.0,0.0,11.2,11.5,15.0,13.9,14.2,0.9602106530260878,303.7615959194038,35.0,0.05536391415011897
2023-07-17T03:00:00Z,22.5,3.0,0.0,11.2,11.5,15.0,13.9,14.2,0.9602106530260878,303.7615959194038,40.0,0.05287149363702535
2023-07-17T03:00:00Z,22.5,3.0,0.0,11.2,11.5,15.0,13.9,14.2,0.9602106530260878,303.7615959194038,45.0,0.05010526182326746
2023-07-17T03:00:00Z,22.5,3.0,0.0,11.2,11.5,15.0,13.9,14.2,0.9602106530260878,303.7615959194038,50.0,0.047086212206435364
2023-07-17T03:00:00Z,22.5,3.0,0.0,11.2,11.5,15.0,13.9,14.2,0.9602106530260878,303.7615959194038,55.0,0.04383726237710299
2023-07-17T03:00:00Z,22.5,3.0,0.0,11.2,11.5,15.0,13.9,14.2,0.9602106530260878,303.7615959194038,60.0,0.04038308140049369
2023-07-17T04:00:00Z,21.0,31.0,0.0,11.5,11.2,0.0,0.0,0.0,-6.290692528669628,315.72870512104964,30.0,0.0
2023-07-17T04:00:00Z,21.0,31.0,0.0,11.5,11.2,0.0,0.0,0.0,-6.290692528669628,315.72870512104964,35.0,0.0
2023-07-17T04:00:00Z,21.0,31.0,0.0,11.5,11.2,0.0,0.0,0.0,-6.290692528669628,315.72870512104964,40.0,0.0
2023-07-17T04:00:00Z,21.0,31.0,0.0,11.5,11.2,0.0,0.0,0.0,-6.290692528669628,315.72870512104964,45.0,0.0
2023-07-17T04:00:00Z,21.0,31.0,0.0,11.5,11.2,0.0,0.0,0.0,-6.290692528669628,315.72870512104964,50.0,0.0
2023-07-17T04:00:00Z,21.0,31.0,0.0,11.5,11.2,0.0,0.0,0.0,-6.290692528669628,315.72870512104964,55.0,0.0
2023-07-17T04:00:00Z,21.0,31.0,0.0,11.5,11.2,0.0,0.0,0.0,-6.290692528669628,315.72870512104964,60.0,0.0
2023-07-17T05:00:00Z,20.1,3.0,0.0,11.2,9.7,0.0,0.0,0.0,-12.078559572971,328.62065760410553,30.0,0.0
2023-07-17T05:00:00Z,20.1,3.0,0.0,11.2,9.7,0.0,0.0,0.0,-12.078559572971,328.62065760410553,35.0,0.0
2023-07-17T05:00:00Z,20.1,3.0,0.0,11.2,9.7,0.0,0.0,0.0,-12.078559572971,328.62065760410553,40.0,0.0
2023-07-17T05:00:00Z,20.1,3.0,0.0,11.2,9.7,0.0,0.0,0.0,-12.078559572971,328.62065760410553,45.0,0.0
2023-07-17T05:00:00Z,20.1,3.0,0.0,11.2,9.7,0.0,0.0,0.0,-12.078559572971,328.62065760410553,50.0,0.0
2023-07-17T05:00:00Z,20.1,3.0,0.0,11.2,9.7,0.0,0.0,0.0,-12.078559572971,328.62065760410553,55.0,0.0
2023-07-17T05:00:00Z,20.1,3.0,0.0,11.2,9.7,0.0,0.0,0.0,-12.078559572971,328.62065760410553,60.0,0.0
2023-07-17T06:00:00Z,18.3,0.0,0.0,9.7,6.8,0.0,0.0,0.0,-15.99140276656605,342.4554020954078,30.0,0.0
2023-07-17T06:00:00Z,18.3,0.0,0.0,9.7,6.8,0.0,0.0,0.0,-15.99140276656605,342.4554020954078,35.0,0.0
2023-07-17T06:00:00Z,18.3,0.0,0.0,9.7,6.8,0.0,0.0,0.0,-15.99140276656605,342.4554020954078,40.0,0.0
2023-07-17T06:00:00Z,18.3,0.0,0.0,9.7,6.8,0.0,0.0,0.0,-15.99140276656605,342.4554020954078,45.0,0.0
2023-07-17T06:00:00Z,18.3,0.0,0.0,9.7,6.8,0.0,0.0,0.0,-15.99140276656605,342.4554020954078,50.0,0.0
2023-07-17T06:00:00Z,18.3,0.0,0.0,9.7,6.8,0.0,0.0,0.0,-15.99140276656605,342.4554020954078,55.0,0.0
2023-07-17T06:00:00Z,18.3,0.0,0.0,9.7,6.8,0.0,0.0,0.0,-15.99140276656605,342.4554020954078,60.0,0.0
2023-07-17T07:00:00Z,17.2,3.0,0.0,6.8,6.8,0.0,0.0,0.0,-17.685010217249022,356.9540765461815,30.0,0.0
2023-07-17T07:00:00Z,17.2,3.0,0.0,6.8,6.8,0.0,0.0,0.0,-17.685010217249022,356.9540765461815,35.0,0.0
2023-07-17T07:00:00Z,17.2,3.0,0.0,6.8,6.8,0.0,0.0,0.0,-17.685010217249022,356.9540765461815,40.0,0.0
2023-07-17T07:00:00Z,17.2,3.0,0.0,6.8,6.8,0.0,0.0,0.0,-17.685010217249022,356.9540765461815,45.0,0.0
2023-07-17T07:00:00Z,17.2,3.0,0.0,6.8,6.8,0.0,0.0,0.0,-17.685010217249022,356.9540765461815,50.0,0.0
2023-07-17T07:00:00Z,17.2,3.0,0.0,6.8,6.8,0.0,0.0,0.0,-17.685010217249022,356.9540765461815,55.0,0.0
2023-07-17T07:00:00Z,17.2,3.0,0.0,6.8,6.8,0.0,0.0,0.0,-17.685010217249022,356.9540765461815,60.0,0.0
2023-07-17T08:00:00Z,16.2,4.0,0.0,6.8,5.0,0.0,0.0,0.0,-16.989690137939256,11.581811866886312,30.0,0.0
2023-07-17T08:00:00Z,16.2,4.0,0.0,6.8,5.0,0.0,0.0,0.0,-16.989690137939256,11.581811866886312,35.0,0.0
2023-07-17T08:00:00Z,16.2,4.0,0.0,6.8,5.0,0.0,0.0,0.0,-16.989690137939256,11.581811866886312,40.0,0.0
2023-07-17T08:00:00Z,16.2,4.0,0.0,6.8,5.0,0.0,0.0,0.0,-16.989690137939256,11.581811866886312,45.0,0.0
2023-07-17T08:00:00Z,16.2,4.0,0.0,6.8,5.0,0.0,0.0,0.0,-16.989690137939256,11.581811866886312,50.0,0.0
2023-07-17T08:00:00Z,16.2,4.0,0.0,6.8,5.0,0.0,0.0,0.0,-16.989690137939256,11.581811866886312,55.0,0.0
2023-07-17T08:00:00Z,16.2,4.0,0.0,6.8,5.0,0.0,0.0,0.0,-16.989690137939256,11.581811866886312,60.0,0.0
2023-07-17T09:00:00Z,15.2,4.0,0.0,5.0,2.2,0.0,0.0,0.0,-13.976980433530416,25.749528475914474,30.0,0.0
2023-07-17T09:00:00Z,15.2,4.0,0.0,5.0,2.2,0.0,0.0,0.0,-13.976980433530416,25.749528475914474,35.0,0.0
2023-07-17T09:00:00Z,15.2,4.0,0.0,5.0,2.2,0.0,0.0,0.0,-13.976980433530416,25.749528475914474,40.0,0.0
2023-07-17T09:00:00Z,15.2,4.0,0.0,5.0,2.2,0.0,0.0,0.0,-13.976980433530416,25.749528475914474,45.0,0.0
2023-07-17T09:00:00Z,15.2,4.0,0.0,5.0,2.2,0.0,0.0,0.0,-13.976980433530416,25.749528475914474,50.0,0.0
2023-07-17T09:00:00Z,15.2,4.0,0.0,5.0,2.2,0.0,0.0,0.0,-13.976980433530416,25.749528475914474,55.0,0.0
2023-07-17T09:00:00Z,15.2,4.0,0.0,5.0,2.2,0.0,0.0,0.0,-13.976980433530416,25.749528475914474,60.0,0.0
2023-07-17T10:00:00Z,14.3,0.0,0.0,2.2,0.7,0.0,0.0,0.0,-8.930459578149142,39.05604285759972,30.0,0.0
2023-07-17T10:00:00Z,14.3,0.0,0.0,2.2,0.7,0.0,0.0,0.0,-8.930459578149142,39.05604285759972,35.0,0.0
2023-07-17T10:00:00Z,14.3,0.0,0.0,2.2,0.7,0.0,0.0,0.0,-8.930459578149142,39.05604285759972,40.0,0.0
2023-07-17T10:00:00Z,14.3,0.0,0.0,2.2,0.7,0.0,0.0,0.0,-8.930459578149142,39.05604285759972,45.0,0.0
2023-07-17T10:00:00Z,14.3,0.0,0.0,2.2,0.7,0.0,0.0,0.0,-8.930459578149142,39.05604285759972,50.0,0.0
2023-07-17T10:00:00Z,14.3,0.0,0.0,2.2,0.7,0.0,0.0,0.0,-8.930459578149142,39.05604285759972,55.0,0.0
2023-07-17T10:00:00Z,14.3,0.0,0.0,2.2,0.7,0.0,0.0,0.0,-8.930459578149142,39.05604285759972,60.0,0.0
2023-07-17T11:00:00Z,13.6,1.0,0.0,0.7,5.0,3.0,0.0,3.0,-2.2461531308167375,51.39954094092508,30.0,0.0
2023-07-17T11:00:00Z,13.6,1.0,0.0,0.7,5.0,3.0,0.0,3.0,-2.2461531308167375,51.39954094092508,35.0,0.0
2023-07-17T11:00:00Z,13.6,1.0,0.0,0.7,5.0,3.0,0.0,3.0,-2.2461531308167375,51.39954094092508,40.0,0.0
2023-07-17T11:00:00Z,13.6,1.0,0.0,0.7,5.0,3.0,0.0,3.0,-2.2461531308167375,51.39954094092508,45.0,0.0
2023-07-17T11:00:00Z,13.6,1.0,0.0,0.7,5.0,3.0,0.0,3.0,-2.2461531308167375,51.39954094092508,50.0,0.0
2023-07-17T11:00:00Z,13.6,1.0,0.0,0.7,5.0,3.0,0.0,3.0,-2.2461531308167375,51.39954094092508,55.0,0.0
2023-07-17T11:00:00Z,13.6,1.0,0.0,0.7,5.0,3.0,0.0,3.0,-2.2461531308167375,51.39954094092508,60.0,0.0
2023-07-17T12:00:00Z,11.4,0.0,0.0,5.0,1.8,65.0,199.4,45.2,5.663537849947283,62.9409452199273,30.0,0.2674141366911595
2023-07-17T12:00:00Z,11.4,0.0,0.0,5.0,1.8,65.0,199.4,45.2,5.663537849947283,62.9409452199273,35.0,0.2621980687099849
2023-07-17T12:00:00Z,11.4,0.0,0.0,5.0,1.8,65.0,199.4,45.2,5.663537849947283,62.9409452199273,40.0,0.2562873386935688
2023-07-17T12:00:00Z,11.4,0.0,0.0,5.0,1.8,65.0,199.4,45.2,5.663537849947283,62.9409452199273,45.0,0.24972660021746929
2023-07-17T12:00:00Z,11.4,0.0,0.0,5.0,1.8,65.0,199.4,45.2,5.663537849947283,62.9409452199273,50.0,0.24256544341528827
2023-07-17T12:00:00Z,11.4,0.0,0.0,5.0,1.8,65.0,199.4,45.2,5.663537849947283,62.9409452199273,55.0,0.23485802792333785
2023-07-17T12:00:00Z,11.4,0.0,0.0,5.0,1.8,65.0,199.4,45.2,5.663537849947283,62.9409452199273,60.0,0.22666268105157897
2023-07-17T13:00:00Z,13.2,1.0,0.0,1.8,1.4,200.0,399.4,100.5,14.418528562307733,74.02273243635648,30.0,0.9071189349442921
2023-07-17T13:00:00Z,13.2,1.0,0.0,1.8,1.4,200.0,399.4,100.5,14.418528562307733,74.02273243635648,35.0,0.7613443957636538
2023-07-17T13:00:00Z,13.2,1.0,0.0,1.8,1.4,200.0,399.4,100.5,14.418528562307733,74.02273243635648,40.0,0.6123701960795098
2023-07-17T13:00:00Z,13.2,1.0,0.0,1.8,1.4,200.0,399.4,100.5,14.418528562307733,74.02273243635648,45.0,0.517407053747633
2023-07-17T13:00:00Z,13.2,1.0,0.0,1.8,1.4,200.0,399.4,100.5,14.418528562307733,74.02273243635648,50.0,0.5090284554041269
2023-07-17T13:00:00Z,13.2,1.0,0.0,1.8,1.4,200.0,399.4,100.5,14.418528562307733,74.02273243635648,55.0,0.5000102636311946
2023-07-17T13:00:00Z,13.2,1.0,0.0,1.8,1.4,200.0,399.4,100.5,14.418528562307733,74.02273243635648,60.0,0.4904206282803238
2023-07-17T14:00:00Z,14.6,61.0,0.0,1.4,5.4,340.0,506.6,136.8,23.672570276964997,85.12849481576967,30.0,2.3081597804857132
2023-07-17T14:00:00Z,14.6,61.0,0.0,1.4,5.4,340.0,506.6,136.8,23.672570276964997,85.12849481576967,35.0,2.1776023674419225
2023-07-17T14:00:00Z,14.6,61.0,0.0,1.4,5.4,340.0,506.6,136.8,23.672570276964997,85.12849481576967,40.0,2.0347530929801874
2023-07-17T14:00:00Z,14.6,61.0,0.0,1.4,5.4,340.0,506.6,136.8,23.672570276964997,85.12849481576967,45.0,1.8805415657049835
2023-07-17T14:00:00Z,14.6,61.0,0.0,1.4,5.4,340.0,506.6,136.8,23.672570276964997,85.12849481576967,50.0,1.7159887947546024
2023-07-17T14:00:00Z,14.6,61.0,0.0,1.4,5.4,340.0,506.6,136.8,23.672570276964997,85.12849481576967,55.0,1.5422040243050874
2023-07-17T14:00:00Z,14.6,61.0,0.0,1.4,5.4,340.0,506.6,136.8,23.672570276964997,85.12849481576967,60.0,1.3603806279913055
2023-07-17T15:00:00Z,16.8,38.0,0.0,1.4,4.0,470.0,554.8,167.6,33.07982629630445,96.91503077534935,30.0,3.665597504660187
2023-07-17T15:00:00Z,16.8,38.0,0.0,1.4,4.0,470.0,554.8,167.6,33.07982629630445,96.91503077534935,35.0,3.5693995307857476
2023-07-17T15:00:00Z,16.8,38.0,0.0,1.4,4.0,470.0,554.8,167.6,33.07982629630445,96.91503077534935,40.0,3.452438615987729
2023-07-17T15:00:00Z,16.8,38.0,0.0,1.4,4.0,470.0,554.8,167.6,33.07982629630445,96.91503077534935,45.0,3.3153512278278945
2023-07-17T15:00:00Z,16.8,38.0,0.0,1.4,4.0,470.0,554.8,167.6,33.07982629630445,96.91503077534935,50.0,3.158898406456533
2023-07-17T15:00:00Z,16.8,38.0,0.0,1.4,4.0,470.0,554.8,167.6,33.07982629630445,96.91503077534935,55.0,2.983968318641755
2023-07-17T15:00:00Z,16.8,38.0,0.0,1.4,4.0,470.0,554.8,167.6,33.07982629630445,96.91503077534935,60.0,2.7915784707481524
2023-07-17T16:00:00Z,19.8,17.0,0.0,1.4,2.9,494.0,386.9,234.4,42.22591284598282,110.32561133499576,30.0,4.033865767068438
2023-07-17T16:00:00Z,19.8,17.0,0.0,1.4,2.9,494.0,386.9,234.4,42.22591284598282,110.32561133499576,35.0,3.9760303494380187
2023-07-17T16:00:00Z,19.8,17.0,0.0,1.4,2.9,494.0,386.9,234.4,42.22591284598282,110.32561133499576,40.0,3.8969606384793063
2023-07-17T16:00:00Z,19.8,17.0,0.0,1.4,2.9,494.0,386.9,234.4,42.22591284598282,110.32561133499576,45.0,3.7970706547849176
2023-07-17T16:00:00Z,19.8,17.0,0.0,1.4,2.9,494.0,386.9,234.4,42.22591284598282,110.32561133499576,50.0,3.676891627881352
2023-07-17T16:00:00Z,19.8,17.0,0.0,1.4,2.9,494.0,386.9,234.4,42.22591284598282,110.32561133499576,55.0,3.537074697651802
2023-07-17T16:00:00Z,19.8,17.0,0.0,1.4,2.9,494.0,386.9,234.4,42.22591284598282,110.32561133499576,60.0,3.3783937363761343
2023-07-17T17:00:00Z,22.3,32.0,0.0,2.2,26.6,625.0,472.7,260.9,50.50170660163882,126.75096502965789,30.0,5.20018126047425
2023-07-17T17:00:00Z,22.3,32.0,0.0,2.2,26.6,625.0,472.7,260.9,50.50170660163882,126.75096502965789,35.0,5.158785902615731
2023-07-17T17:00:00Z,22.3,32.0,0.0,2.2,26.6,625.0,472.7,260.9,50.50170660163882,126.75096502965789,40.0,5.089087317287911
2023-07-17T17:00:00Z,22.3,32.0,0.0,2.2,26.6,625.0,472.7,260.9,50.50170660163882,126.75096502965789,45.0,4.991372767201965
2023-07-17T17:00:00Z,22.3,32.0,0.0,2.2,26.6,625.0,472.7,260.9,50.50170660163882,126.75096502965789,50.0,4.866053426793802
2023-07-17T17:00:00Z,22.3,32.0,0.0,2.2,26.6,625.0,472.7,260.9,50.50170660163882,126.75096502965789,55.0,4.713670914615881
2023-07-17T17:00:00Z,22.3,32.0,0.0,2.2,26.6,625.0,472.7,260.9,50.50170660163882,126.75096502965789,60.0,4.534905172717314
2023-07-17T18:00:00Z,21.0,0.0,0.0,15.1,27.0,865.0,788.2,205.9,56.905917769233675,147.90274841954624,30.0,7.484360826334003
2023-07-17T18:00:00Z,21.0,0.0,0.0,15.1,27.0,865.0,788.2,205.9,56.905917769233675,147.90274841954624,35.0,7.465426388221969
2023-07-17T18:00:00Z,21.0,0.0,0.0,15.1,27.0,865.0,788.2,205.9,56.905917769233675,147.90274841954624,40.0,7.402312249511965
2023-07-17T18:00:00Z,21.0,0.0,0.0,15.1,27.0,865.0,788.2,205.9,56.905917769233675,147.90274841954624,45.0,7.295186692702781
2023-07-17T18:00:00Z,21.0,0.0,0.0,15.1,27.0,865.0,788.2,205.9,56.905917769233675,147.90274841954624,50.0,7.144344063141453
2023-07-17T18:00:00Z,21.0,0.0,0.0,15.1,27.0,865.0,788.2,205.9,56.905917769233675,147.90274841954624,55.0,6.950217241580542
2023-07-17T18:00:00Z,21.0,0.0,0.0,15.1,27.0,865.0,788.2,205.9,56.905917769233675,147.90274841954624,60.0,6.713394593662568
2023-07-17T19:00:00Z,24.2,0.0,0.0,16.2,18.0,767.0,559.9,283.1,59.9895134834482,174.16698312169433,30.0,6.562211943822893
2023-07-17T19:00:00Z,24.2,0.0,0.0,16.2,18.0,767.0,559.9,283.1,59.9895134834482,174.16698312169433,35.0,6.541335922585531
2023-07-17T19:00:00Z,24.2,0.0,0.0,16.2,18.0,767.0,559.9,283.1,59.9895134834482,174.16698312169433,40.0,6.483473634234355
2023-07-17T19:00:00Z,24.2,0.0,0.0,16.2,18.0,767.0,559.9,283.1,59.9895134834482,174.16698312169433,45.0,6.388837865229425
2023-07-17T19:00:00Z,24.2,0.0,0.0,16.2,18.0,767.0,559.9,283.1,59.9895134834482,174.16698312169433,50.0,6.257783035134515
2023-07-17T19:00:00Z,24.2,0.0,0.0,16.2,18.0,767.0,559.9,283.1,59.9895134834482,174.16698312169433,55.0,6.090812969188967
2023-07-17T19:00:00Z,24.2,0.0,0.0,16.2,18.0,767.0,559.9,283.1,59.9895134834482,174.16698312169433,60.0,5.888591220323613
2023-07-17T20:00:00Z,23.3,100.0,10.3,10.1,53.3,80.0,0.0,80.0,58.670456343578806,201.66462539870764,30.0,0.581876152794746
2023-07-17T20:00:00Z,23.3,100.0,10.3,10.1,53.3,80.0,0.0,80.0,58.670456343578806,201.66462539870764,35.0,0.5693562865461324
2023-07-17T20:00:00Z,23.3,100.0,10.3,10.1,53.3,80.0,0.0,80.0,58.670456343578806,201.66462539870764,40.0,0.5551658777265666
2023-07-17T20:00:00Z,23.3,100.0,10.3,10.1,53.3,80.0,0.0,80.0,58.670456343578806,201.66462539870764,45.0,0.5394109812578277
2023-07-17T20:00:00Z,23.3,100.0,10.3,10.1,53.3,80.0,0.0,80.0,58.670456343578806,201.66462539870764,50.0,0.5222094973509674
2023-07-17T20:00:00Z,23.3,100.0,10.3,10.1,53.3,80.0,0.0,80.0,58.670456343578806,201.66462539870764,55.0,0.5036903350070853
2023-07-17T20:00:00Z,23.3,100.0,10.3,10.1,53.3,80.0,0.0,80.0,58.670456343578806,201.66462539870764,60.0,0.4839924917762659
2023-07-17T21:00:00Z,13.9,100.0,0.7,30.2,33.1,288.0,38.6,257.0,53.44988203312362,225.07935972997046,30.0,2.3405382509309987
2023-07-17T21:00:00Z,13.9,100.0,0.7,30.2,33.1,288.0,38.6,257.0,53.44988203312362,225.07935972997046,35.0,2.3003314928936685
2023-07-17T21:00:00Z,13.9,100.0,0.7,30.2,33.1,288.0,38.6,257.0,53.44988203312362,225.07935972997046,40.0,2.252350284002839
2023-07-17T21:00:00Z,13.9,100.0,0.7,30.2,33.1,288.0,38.6,257.0,53.44988203312362,225.07935972997046,45.0,2.196935900718373
2023-07-17T21:00:00Z,13.9,100.0,0.7,30.2,33.1,288.0,38.6,257.0,53.44988203312362,225.07935972997046,50.0,2.1344839338755968
2023-07-17T21:00:00Z,13.9,100.0,0.7,30.2,33.1,288.0,38.6,257.0,53.44988203312362,225.07935972997046,55.0,2.0654420653133916
2023-07-17T21:00:00Z,13.9,100.0,0.7,30.2,33.1,288.0,38.6,257.0,53.44988203312362,225.07935972997046,60.0,1.990307493307347
2023-07-17T22:00:00Z,15.3,44.0,0.0,16.6,40.0,723.0,765.3,175.3,45.79304711483257,243.26188408320868,30.0,6.232789080676043
2023-07-17T22:00:00Z,15.3,44.0,0.0,16.6,40.0,723.0,765.3,175.3,45.79304711483257,243.26188408320868,35.0,6.174988959133715
2023-07-17T22:00:00Z,15.3,44.0,0.0,16.6,40.0,723.0,765.3,175.3,45.79304711483257,243.26188408320868,40.0,6.079735130495141
2023-07-17T22:00:00Z,15.3,44.0,0.0,16.6,40.0,723.0,765.3,175.3,45.79304711483257,243.26188408320868,45.0,5.947413053613989
2023-07-17T22:00:00Z,15.3,44.0,0.0,16.6,40.0,723.0,765.3,175.3,45.79304711483257,243.26188408320868,50.0,5.778570033223301
2023-07-17T22:00:00Z,15.3,44.0,0.0,16.6,40.0,723.0,765.3,175.3,45.79304711483257,243.26188408320868,55.0,5.573924237499816
2023-07-17T22:00:00Z,15.3,44.0,0.0,16.6,40.0,723.0,765.3,175.3,45.79304711483257,243.26188408320868,60.0,5.334375532535363
2023-07-17T23:00:00Z,18.4,0.0,0.0,16.6,16.9,590.0,721.1,157.5,36.90902949976555,257.71963278543865,30.0,4.784448297247331
2023-07-17T23:00:00Z,18.4,0.0,0.0,16.6,16.9,590.0,721.1,157.5,36.90902949976555,257.71963278543865,35.0,4.690311416289957
2023-07-17T23:00:00Z,18.4,0.0,0.0,16.6,16.9,590.0,721.1,157.5,36.90902949976555,257.71963278543865,40.0,4.567489455544066
2023-07-17T23:00:00Z,18.4,0.0,0.0,16.6,16.9,590.0,721.1,157.5,36.90902949976555,257.71963278543865,45.0,4.416604021005642
2023-07-17T23:00:00Z,18.4,0.0,0.0,16.6,16.9,590.0,721.1,157.5,36.90902949976555,257.71963278543865,50.0,4.23843376897698
2023-07-17T23:00:00Z,18.4,0.0,0.0,16.6,16.9,590.0,721.1,157.5,36.90902949976555,257.71963278543865,55.0,4.033919268879813
2023-07-17T23:00:00Z,18.4,0.0,0.0,16.6,16.9,590.0,721.1,157.5,36.90902949976555,257.71963278543865,60.0,3.804168008648045
2023-07-18T00:00:00Z,16.6,0.0,0.0,10.1,32.4,433.0,630.6,141.7,27.54288127224273,270.03840411143705,30.0,3.1507177910775006
2023-07-18T00:00:00Z,16.6,0.0,0.0,10.1,32.4,433.0,630.6,141.7,27.54288127224273,270.03840411143705,35.0,3.0189365175457836
2023-07-18T00:00:00Z,16.6,0.0,0.0,10.1,32.4,433.0,630.6,141.7,27.54288127224273,270.03840411143705,40.0,2.8690344842925386
2023-07-18T00:00:00Z,16.6,0.0,0.0,10.1,32.4,433.0,630.6,141.7,27.54288127224273,270.03840411143705,45.0,2.7019189644743746
2023-07-18T00:00:00Z,16.6,0.0,0.0,10.1,32.4,433.0,630.6,141.7,27.54288127224273,270.03840411143705,50.0,2.518620337007371
2023-07-18T00:00:00Z,16.6,0.0,0.0,10.1,32.4,433.0,630.6,141.7,27.54288127224273,270.03840411143705,55.0,2.3202914472224077
2023-07-18T00:00:00Z,16.6,0.0,0.0,10.1,32.4,433.0,630.6,141.7,27.54288127224273,270.03840411143705,60.0,2.1082060853546403
2023-07-18T01:00:00Z,18.4,3.0,0.0,15.5,19.4,162.0,155.1,113.6,18.169518937704733,281.329465673249,30.0,1.057659922575636
2023-07-18T01:00:00Z,18.4,3.0,0.0,15.5,19.4,162.0,155.1,113.6,18.169518937704733,281.329465673249,35.0,0.9971497494272369
2023-07-18T01:00:00Z,18.4,3.0,0.0,15.5,19.4,162.0,155.1,113.6,18.169518937704733,281.329465673249,40.0,0.9328792051659573
2023-07-18T01:00:00Z,18.4,3.0,0.0,15.5,19.4,162.0,155.1,113.6,18.169518937704733,281.329465673249,45.0,0.8653202234644706
2023-07-18T01:00:00Z,18.4,3.0,0.0,15.5,19.4,162.0,155.1,113.6,18.169518937704733,281.329465673249,50.0,0.7949715378542029
2023-07-18T01:00:00Z,18.4,3.0,0.0,15.5,19.4,162.0,155.1,113.6,18.169518937704733,281.329465673249,55.0,0.722355355605839
2023-07-18T01:00:00Z,18.4,3.0,0.0,15.5,19.4,162.0,155.1,113.6,18.169518937704733,281.329465673249,60.0,0.6576404786000444
2023-07-18T02:00:00Z,17.6,24.0,0.0,9.4,18.0,98.0,194.0,67.1,9.151865245217012,292.35046239206144,30.0,0.4154937679443318
2023-07-18T02:00:00Z,17.6,24.0,0.0,9.4,18.0,98.0,194.0,67.1,9.151865245217012,292.35046239206144,35.0,0.4079450854920976
2023-07-18T02:00:00Z,17.6,24.0,0.0,9.4,18.0,98.0,194.0,67.1,9.151865245217012,292.35046239206144,40.0,0.39939052415684684
2023-07-18T02:00:00Z,17.6,24.0,0.0,9.4,18.0,98.0,194.0,67.1,9.151865245217012,292.35046239206144,45.0,0.3898945065267099
2023-07-18T02:00:00Z,17.6,24.0,0.0,9.4,18.0,98.0,194.0,67.1,9.151865245217012,292.35046239206144,50.0,0.37952859873274186
2023-07-18T02:00:00Z,17.6,24.0,0.0,9.4,18.0,98.0,194.0,67.1,9.151865245217012,292.35046239206144,55.0,0.3683709871661467
2023-07-18T02:00:00Z,17.6,24.0,0.0,9.4,18.0,98.0,194.0,67.1,9.151865245217012,292.35046239206144,60.0,0.3565059048201174
2023-07-18T03:00:00Z,16.5,0.0,0.0,10.1,33.8,14.0,10.6,13.4,0.8298807254469942,303.6493806744078,30.0,0.053671659391640446
2023-07-18T03:00:00Z,16.5,0.0,0.0,10.1,33.8,14.0,10.6,13.4,0.8298807254469942,303.6493806744078,35.0,0.05153921832514977
2023-07-18T03:00:00Z,16.5,0.0,0.0,10.1,33.8,14.0,10.6,13.4,0.8298807254469942,303.6493806744078,40.0,0.04912301260493378
2023-07-18T03:00:00Z,16.5,0.0,0.0,10.1,33.8,14.0,10.6,13.4,0.8298807254469942,303.6493806744078,45.0,0.04644137824643077
2023-07-18T03:00:00Z,16.5,0.0,0.0,10.1,33.8,14.0,10.6,13.4,0.8298807254469942,303.6493806744078,50.0,0.04351466968126258
2023-07-18T03:00:00Z,16.5,0.0,0.0,10.1,33.8,14.0,10.6,13.4,0.8298807254469942,303.6493806744078,55.0,0.04036510650094268
2023-07-18T03:00:00Z,16.5,0.0,0.0,10.1,33.8,14.0,10.6,13.4,0.8298807254469942,303.6493806744078,60.0,0.03701660600578218
2023-07-18T04:00:00Z,14.7,0.0,0.0,15.1,6.5,0.0,0.0,0.0,-6.43232141960308,315.6301296368107,30.0,0.0
2023-07-18T04:00:00Z,14.7,0.0,0.0,15.1,6.5,0.0,0.0,0.0,-6.43232141960308,315.6301296368107,35.0,0.0
2023-07-18T04:00:00Z,14.7,0.0,0.0,15.1,6.5,0.0,0.0,0.0,-6.43232141960308,315.6301296368107,40.0,0.0
2023-07-18T04:00:00Z,14.7,0.0,0.0,15.1,6.5,0.0,0.0,0.0,-6.43232141960308,315.6301296368107,45.0,0.0
2023-07-18T04:00:00Z,14.7,0.0,0.0,15.1,6.5,0.0,0.0,0.0,-6.43232141960308,315.6301296368107,50.0,0.0
2023-07-18T04:00:00Z,14.7,0.0,0.0,15.1,6.5,0.0,0.0,0.0,-6.43232141960308,315.6301296368107,55.0,0.0
2023-07-18T04:00:00Z,14.7,0.0,0.0,15.1,6.5,0.0,0.0,0.0,-6.43232141960308,315.6301296368107,60.0,0.0
2023-07-18T05:00:00Z,12.8,3.0,0.0,6.5,4.7,0.0,0.0,0.0,-12.232062138220591,328.5402730455426,30.0,0.0
2023-07-18T05:00:00Z,12.8,3.0,0.0,6.5,4.7,0.0,0.0,0.0,-12.232062138220591,328.5402730455426,35.0,0.0
2023-07-18T05:00:00Z,12.8,3.0,0.0,6.5,4.7,0.0,0.0,0.0,-12.232062138220591,328.5402730455426,40.0,0.0
2023-07-18T05:00:00Z,12.8,3.0,0.0,6.5,4.7,0.0,0.0,0.0,-12.232062138220591,328.5402730455426,45.0,0.0
2023-07-18T05:00:00Z,12.8,3.0,0.0,6.5,4.7,0.0,0.0,0.0,-12.232062138220591,328.5402730455426,50.0,0.0
2023-07-18T05:00:00Z,12.8,3.0,0.0,6.5,4.7,0.0,0.0,0.0,-12.232062138220591,328.5402730455426,55.0,0.0
2023-07-18T05:00:00Z,12.8,3.0,0.0,6.5,4.7,0.0,0.0,0.0,-12.232062138220591,328.5402730455426,60.0,0.0
2023-07-18T06:00:00Z,11.7,0.0,0.0,4.3,8.3,0.0,0.0,0.0,-16.155410577210592,342.3991523022875,30.0,0.0
2023-07-18T06:00:00Z,11.7,0.0,0.0,4.3,8.3,0.0,0.0,0.0,-16.155410577210592,342.3991523022875,35.0,0.0
2023-07-18T06:00:00Z,11.7,0.0,0.0,4.3,8.3,0.0,0.0,0.0,-16.155410577210592,342.3991523022875,40.0,0.0
2023-07-18T06:00:00Z,11.7,0.0,0.0,4.3,8.3,0.0,0.0,0.0,-16.155410577210592,342.3991523022875,45.0,0.0
2023-07-18T06:00:00Z,11.7,0.0,0.0,4.3,8.3,0.0,0.0,0.0,-16.155410577210592,342.3991523022875,50.0,0.0
2023-07-18T06:00:00Z,11.7,0.0,0.0,4.3,8.3,0.0,0.0,0.0,-16.155410577210592,342.3991523022875,55.0,0.0
2023-07-18T06:00:00Z,11.7,0.0,0.0,4.3,8.3,0.0,0.0,0.0,-16.155410577210592,342.3991523022875,60.0,0.0
2023-07-18T07:00:00Z,10.2,0.0,0.0,7.9,9.7,0.0,0.0,0.0,-17.856023276536288,356.9271682140535,30.0,0.0
2023-07-18T07:00:00Z,10.2,0.0,0.0,7.9,9.7,0.0,0.0,0.0,-17.856023276536288,356.9271682140535,35.0,0.0
2023-07-18T07:00:00Z,10.2,0.0,0.0,7.9,9.7,0.0,0.0,0.0,-17.856023276536288,356.9271682140535,40.0,0.0
2023-07-18T07:00:00Z,10.2,0.0,0.0,7.9,9.7,0.0,0.0,0.0,-17.856023276536288,356.9271682140535,45.0,0.0
2023-07-18T07:00:00Z,10.2,0.0,0.0,7.9,9.7,0.0,0.0,0.0,-17.856023276536288,356.9271682140535,50.0,0.0
2023-07-18T07:00:00Z,10.2,0.0,0.0,7.9,9.7,0.0,0.0,0.0,-17.856023276536288,356.9271682140535,55.0,0.0
2023-07-18T07:00:00Z,10.2,0.0,0.0,7.9,9.7,0.0,0.0,0.0,-17.856023276536288,356.9271682140535,60.0,0.0
2023-07-18T08:00:00Z,9.7,0.0,0.0,9.7,11.9,0.0,0.0,0.0,-17.16280139222248,11.586098315712775,30.0,0.0
2023-07-18T08:00:00Z,9.7,0.0,0.0,9.7,11.9,0.0,0.0,0.0,-17.16280139222248,11.586098315712775,35.0,0.0
2023-07-18T08:00:00Z,9.7,0.0,0.0,9.7,11.9,0.0,0.0,0.0,-17.16280139222248,11.586098315712775,40.0,0.0
2023-07-18T08:00:00Z,9.7,0.0,0.0,9.7,11.9,0.0,0.0,0.0,-17.16280139222248,11.586098315712775,45.0,0.0
2023-07-18T08:00:00Z,9.7,0.0,0.0,9.7,11.9,0.0,0.0,0.0,-17.16280139222248,11.586098315712775,50.0,0.0
2023-07-18T08:00:00Z,9.7,0.0,0.0,9.7,11.9,0.0,0.0,0.0,-17.16280139222248,11.586098315712775,55.0,0.0
2023-07-18T08:00:00Z,9.7,0.0,0.0,9.7,11.9,0.0,0.0,0.0,-17.16280139222248,11.586098315712775,60.0,0.0
2023-07-18T09:00:00Z,9.6,0.0,0.0,11.9,14.8,0.0,0.0,0.0,-14.147390471970597,25.782567388342784,30.0,0.0
2023-07-18T09:00:00Z,9.6,0.0,0.0,11.9,14.8,0.0,0.0,0.0,-14.147390471970597,25.782567388342784,35.0,0.0
2023-07-18T09:00:00Z,9.6,0.0,0.0,11.9,14.8,0.0,0.0,0.0,-14.147390471970597,25.782567388342784,40.0,0.0
2023-07-18T09:00:00Z,9.6,0.0,0.0,11.9,14.8,0.0,0.0,0.0,-14.147390471970597,25.782567388342784,45.0,0.0
2023-07-18T09:00:00Z,9.6,0.0,0.0,11.9,14.8,0.0,0.0,0.0,-14.147390471970597,25.782567388342784,50.0,0.0
2023-07-18T09:00:00Z,9.6,0.0,0.0,11.9,14.8,0.0,0.0,0.0,-14.147390471970597,25.782567388342784,55.0,0.0
2023-07-18T09:00:00Z,9.6,0.0,0.0,11.9,14.8,0.0,0.0,0.0,-14.147390471970597,25.782567388342784,60.0,0.0
2023-07-18T10:00:00Z,10.1,0.0,0.0,14.8,14.8,0.0,0.0,0.0,-9.094834946769238,39.11268902870256,30.0,0.0
2023-07-18T10:00:00Z,10.1,0.0,0.0,14.8,14.8,0.0,0.0,0.0,-9.094834946769238,39.11268902870256,35.0,0.0
2023-07-18T10:00:00Z,10.1,0.0,0.0,14.8,14.8,0.0,0.0,0.0,-9.094834946769238,39.11268902870256,40.0,0.0
2023-07-18T10:00:00Z,10.1,0.0,0.0,14.8,14.8,0.0,0.0,0.0,-9.094834946769238,39.11268902870256,45.0,0.0
2023-07-18T10:00:00Z,10.1,0.0,0.0,14.8,14.8,0.0,0.0,0.0,-9.094834946769238,39.11268902870256,50.0,0.0
2023-07-18T10:00:00Z,10.1,0.0,0.0,14.8,14.8,0.0,0.0,0.0,-9.094834946769238,39.11268902870256,55.0,0.0
2023-07-18T10:00:00Z,10.1,0.0,0.0,14.8,14.8,0.0,0.0,0.0,-9.094834946769238,39.11268902870256,60.0,0.0
2023-07-18T11:00:00Z,10.5,0.0,0.0,14.8,10.8,3.0,0.0,3.0,-2.4031032748918415,51.47442722315799,30.0,0.0
2023-07-18T11:00:00Z,10.5,0.0,0.0,14.8,10.8,3.0,0.0,3.0,-2.4031032748918415,51.47442722315799,35.0,0.0
2023-07-18T11:00:00Z,10.5,0.0,0.0,14.8,10.8,3.0,0.0,3.0,-2.4031032748918415,51.47442722315799,40.0,0.0
2023-07-18T11:00:00Z,10.5,0.0,0.0,14.8,10.8,3.0,0.0,3.0,-2.4031032748918415,51.47442722315799,45.0,0.0
2023-07-18T11:00:00Z,10.5,0.0,0.0,14.8,10.8,3.0,0.0,3.0,-2.4031032748918415,51.47442722315799,50.0,0.0
2023-07-18T11:00:00Z,10.5,0.0,0.0,14.8,10.8,3.0,0.0,3.0,-2.4031032748918415,51.47442722315799,55.0,0.0
2023-07-18T11:00:00Z,10.5,0.0,0.0,14.8,10.8,3.0,0.0,3.0,-2.4031032748918415,51.47442722315799,60.0,0.0
2023-07-18T12:00:00Z,11.5,0.0,0.0,10.8,13.0,63.0,192.9,44.1,5.513706510648981,63.03005682619198,30.0,0.2613121789967102
2023-07-18T12:00:00Z,11.5,0.0,0.0,10.8,13.0,63.0,192.9,44.1,5.513706510648981,63.03005682619198,35.0,0.25615874435955416
2023-07-18T12:00:00Z,11.5,0.0,0.0,10.8,13.0,63.0,192.9,44.1,5.513706510648981,63.03005682619198,40.0,0.2503190649794427
2023-07-18T12:00:00Z,11.5,0.0,0.0,10.8,13.0,63.0,192.9,44.1,5.513706510648981,63.03005682619198,45.0,0.2438372850946792
2023-07-18T12:00:00Z,11.5,0.0,0.0,10.8,13.0,63.0,192.9,44.1,5.513706510648981,63.03005682619198,50.0,0.23676242630564187
2023-07-18T12:00:00Z,11.5,0.0,0.0,10.8,13.0,63.0,192.9,44.1,5.513706510648981,63.03005682619198,55.0,0.22914802386301703
2023-07-18T12:00:00Z,11.5,0.0,0.0,10.8,13.0,63.0,192.9,44.1,5.513706510648981,63.03005682619198,60.0,0.22105172860703093
2023-07-18T13:00:00Z,10.8,0.0,0.0,13.0,13.0,204.0,421.3,100.1,14.274247263295019,74.12376546055896,30.0,0.9160068364185325
2023-07-18T13:00:00Z,10.8,0.0,0.0,13.0,13.0,204.0,421.3,100.1,14.274247263295019,74.12376546055896,35.0,0.7621588736757493
2023-07-18T13:00:00Z,10.8,0.0,0.0,13.0,13.0,204.0,421.3,100.1,14.274247263295019,74.12376546055896,40.0,0.6051360075647653
2023-07-18T13:00:00Z,10.8,0.0,0.0,13.0,13.0,204.0,421.3,100.1,14.274247263295019,74.12376546055896,45.0,0.5093046484481755
2023-07-18T13:00:00Z,10.8,0.0,0.0,13.0,13.0,204.0,421.3,100.1,14.274247263295019,74.12376546055896,50.0,0.5016044810830156
2023-07-18T13:00:00Z,10.8,0.0,0.0,13.0,13.0,204.0,421.3,100.1,14.274247263295019,74.12376546055896,55.0,0.4933169802826596
2023-07-18T13:00:00Z,10.8,0.0,0.0,13.0,13.0,204.0,421.3,100.1,14.274247263295019,74.12376546055896,60.0,0.48450487184430363
2023-07-18T14:00:00Z,12.8,0.0,0.0,12.6,33.1,370.0,596.0,132.2,23.531287476917207,85.24042688363244,30.0,2.5159711726783875
2023-07-18T14:00:00Z,12.8,0.0,0.0,12.6,33.1,370.0,596.0,132.2,23.531287476917207,85.24042688363244,35.0,2.3668918223174655
2023-07-18T14:00:00Z,12.8,0.0,0.0,12.6,33.1,370.0,596.0,132.2,23.531287476917207,85.24042688363244,40.0,2.2038905658388965
2023-07-18T14:00:00Z,12.8,0.0,0.0,12.6,33.1,370.0,596.0,132.2,23.531287476917207,85.24042688363244,45.0,2.028035363619697
2023-07-18T14:00:00Z,12.8,0.0,0.0,12.6,33.1,370.0,596.0,132.2,23.531287476917207,85.24042688363244,50.0,1.8404975314798198
2023-07-18T14:00:00Z,12.8,0.0,0.0,12.6,33.1,370.0,596.0,132.2,23.531287476917207,85.24042688363244,55.0,1.6425478632051527
2023-07-18T14:00:00Z,12.8,0.0,0.0,12.6,33.1,370.0,596.0,132.2,23.531287476917207,85.24042688363244,60.0,1.4355517007046716
2023-07-18T15:00:00Z,15.4,0.0,0.0,12.2,37.1,536.0,713.3,148.7,32.93805186810614,97.03701697262471,30.0,4.228576583341765
2023-07-18T15:00:00Z,15.4,0.0,0.0,12.2,37.1,536.0,713.3,148.7,32.93805186810614,97.03701697262471,35.0,4.116082019052569
2023-07-18T15:00:00Z,15.4,0.0,0.0,12.2,37.1,536.0,713.3,148.7,32.93805186810614,97.03701697262471,40.0,3.978385977616638
2023-07-18T15:00:00Z,15.4,0.0,0.0,12.2,37.1,536.0,713.3,148.7,32.93805186810614,97.03701697262471,45.0,3.816225678393883
2023-07-18T15:00:00Z,15.4,0.0,0.0,12.2,37.1,536.0,713.3,148.7,32.93805186810614,97.03701697262471,50.0,3.630487231314868
2023-07-18T15:00:00Z,15.4,0.0,0.0,12.2,37.1,536.0,713.3,148.7,32.93805186810614,97.03701697262471,55.0,3.422209124328702
2023-07-18T15:00:00Z,15.4,0.0,0.0,12.2,37.1,536.0,713.3,148.7,32.93805186810614,97.03701697262471,60.0,3.1925853865486697
2023-07-18T16:00:00Z,18.0,0.0,0.0,13.0,43.2,681.0,773.6,163.4,42.07915441377939,110.45435381559719,30.0,5.705582954210851
2023-07-18T16:00:00Z,18.0,0.0,0.0,13.0,43.2,681.0,773.6,163.4,42.07915441377939,110.45435381559719,35.0,5.634764669899205
2023-07-18T16:00:00Z,18.0,0.0,0.0,13.0,43.2,681.0,773.6,163.4,42.07915441377939,110.45435381559719,40.0,5.529639059839557
2023-07-18T16:00:00Z,18.0,0.0,0.0,13.0,43.2,681.0,773.6,163.4,42.07915441377939,110.45435381559719,45.0,5.39064534826163
2023-07-18T16:00:00Z,18.0,0.0,0.0,13.0,43.2,681.0,773.6,163.4,42.07915441377939,110.45435381559719,50.0,5.218378357241256
2023-07-18T16:00:00Z,18.0,0.0,0.0,13.0,43.2,681.0,773.6,163.4,42.07915441377939,110.45435381559719,55.0,5.013597332928866
2023-07-18T16:00:00Z,18.0,0.0,0.0,13.0,43.2,681.0,773.6,163.4,42.07915441377939,110.45435381559719,60.0,4.777236129375406
2023-07-18T17:00:00Z,19.7,0.0,0.0,12.2,15.8,799.0,804.0,181.0,50.34489406649914,126.87396342941963,30.0,6.84502746124393
2023-07-18T17:00:00Z,19.7,0.0,0.0,12.2,15.8,799.0,804.0,181.0,50.34489406649914,126.87396342941963,35.0,6.807507553326567
2023-07-18T17:00:00Z,19.7,0.0,0.0,12.2,15.8,799.0,804.0,181.0,50.34489406649914,126.87396342941963,40.0,6.729234278695767
2023-07-18T17:00:00Z,19.7,0.0,0.0,12.2,15.8,799.0,804.0,181.0,50.34489406649914,126.87396342941963,45.0,6.610446887183838
2023-07-18T17:00:00Z,19.7,0.0,0.0,12.2,15.8,799.0,804.0,181.0,50.34489406649914,126.87396342941963,50.0,6.451519570388795
2023-07-18T17:00:00Z,19.7,0.0,0.0,12.2,15.8,799.0,804.0,181.0,50.34489406649914,126.87396342941963,55.0,6.2529736834653
2023-07-18T17:00:00Z,19.7,0.0,0.0,12.2,15.8,799.0,804.0,181.0,50.34489406649914,126.87396342941963,60.0,6.015493399933824
2023-07-18T18:00:00Z,20.9,0.0,0.0,8.6,25.2,864.0,789.6,204.9,56.73627838242613,147.98521631101357,30.0,7.413751672192545
2023-07-18T18:00:00Z,20.9,0.0,0.0,8.6,25.2,864.0,789.6,204.9,56.73627838242613,147.98521631101357,35.0,7.39688444606022
2023-07-18T18:00:00Z,20.9,0.0,0.0,8.6,25.2,864.0,789.6,204.9,56.73627838242613,147.98521631101357,40.0,7.336763790360533
2023-07-18T18:00:00Z,20.9,0.0,0.0,8.6,25.2,864.0,789.6,204.9,56.73627838242613,147.98521631101357,45.0,7.233516462766111
2023-07-18T18:00:00Z,20.9,0.0,0.0,8.6,25.2,864.0,789.6,204.9,56.73627838242613,147.98521631101357,50.0,7.087369510411804
2023-07-18T18:00:00Z,20.9,0.0,0.0,8.6,25.2,864.0,789.6,204.9,56.73627838242613,147.98521631101357,55.0,6.898664329309063
2023-07-18T18:00:00Z,20.9,0.0,0.0,8.6,25.2,864.0,789.6,204.9,56.73627838242613,147.98521631101357,60.0,6.667875895588687
2023-07-18T19:00:00Z,22.3,8.0,0.0,9.0,20.9,322.0,37.9,289.3,59.81385276069527,174.15422488448928,30.0,2.521911016932638
2023-07-18T19:00:00Z,22.3,8.0,0.0,9.0,20.9,322.0,37.9,289.3,59.81385276069527,174.15422488448928,35.0,2.480392668627774
2023-07-18T19:00:00Z,22.3,8.0,0.0,9.0,20.9,322.0,37.9,289.3,59.81385276069527,174.15422488448928,40.0,2.4306234175825474
2023-07-18T19:00:00Z,22.3,8.0,0.0,9.0,20.9,322.0,37.9,289.3,59.81385276069527,174.15422488448928,45.0,2.3729444758556917
2023-07-18T19:00:00Z,22.3,8.0,0.0,9.0,20.9,322.0,37.9,289.3,59.81385276069527,174.15422488448928,50.0,2.307753537725244
2023-07-18T19:00:00Z,22.3,8.0,0.0,9.0,20.9,322.0,37.9,289.3,59.81385276069527,174.15422488448928,55.0,2.2355029944120464
2023-07-18T19:00:00Z,22.3,8.0,0.0,9.0,20.9,322.0,37.9,289.3,59.81385276069527,174.15422488448928,60.0,2.156697808664842
2023-07-18T20:00:00Z,21.1,5.0,0.1,7.2,18.0,427.0,111.0,332.5,58.505418707419935,201.54723161398243,30.0,3.443627085351495
2023-07-18T20:00:00Z,21.1,5.0,0.1,7.2,18.0,427.0,111.0,332.5,58.505418707419935,201.54723161398243,35.0,3.399469310965977
2023-07-18T20:00:00Z,21.1,5.0,0.1,7.2,18.0,427.0,111.0,332.5,58.505418707419935,201.54723161398243,40.0,3.3417387832785974
2023-07-18T20:00:00Z,21.1,5.0,0.1,7.2,18.0,427.0,111.0,332.5,58.505418707419935,201.54723161398243,45.0,3.2707973352849193
2023-07-18T20:00:00Z,21.1,5.0,0.1,7.2,18.0,427.0,111.0,332.5,58.505418707419935,201.54723161398243,50.0,3.1870932106066414
2023-07-18T20:00:00Z,21.1,5.0,0.1,7.2,18.0,427.0,111.0,332.5,58.505418707419935,201.54723161398243,55.0,3.0911603849303297
2023-07-18T20:00:00Z,21.1,5.0,0.1,7.2,18.0,427.0,111.0,332.5,58.505418707419935,201.54723161398243,60.0,2.9836175797139304
2023-07-18T21:00:00Z,19.1,100.0,0.0,10.8,12.6,468.0,191.2,315.0,53.304429299009236,224.91250266191128,30.0,3.87482224127319
2023-07-18T21:00:00Z,19.1,100.0,0.0,10.8,12.6,468.0,191.2,315.0,53.304429299009236,224.91250266191128,35.0,3.8308457635977784
2023-07-18T21:00:00Z,19.1,100.0,0.0,10.8,12.6,468.0,191.2,315.0,53.304429299009236,224.91250266191128,40.0,3.769496604049662
2023-07-18T21:00:00Z,19.1,100.0,0.0,10.8,12.6,468.0,191.2,315.0,53.304429299009236,224.91250266191128,45.0,3.6911407743600884
2023-07-18T21:00:00Z,19.1,100.0,0.0,10.8,12.6,468.0,191.2,315.0,53.304429299009236,224.91250266191128,50.0,3.5962498944177783
2023-07-18T21:00:00Z,19.1,100.0,0.0,10.8,12.6,468.0,191.2,315.0,53.304429299009236,224.91250266191128,55.0,3.485401298644873
2023-07-18T21:00:00Z,19.1,100.0,0.0,10.8,12.6,468.0,191.2,315.0,53.304429299009236,224.91250266191128,60.0,3.3592779417040872
2023-07-18T22:00:00Z,21.6,23.0,0.0,7.6,13.7,674.0,671.8,194.3,45.66366688954686,243.08992978263552,30.0,5.629759576691207
2023-07-18T22:00:00Z,21.6,23.0,0.0,7.6,13.7,674.0,671.8,194.3,45.66366688954686,243.08992978263552,35.0,5.577363226262897
2023-07-18T22:00:00Z,21.6,23.0,0.0,7.6,13.7,674.0,671.8,194.3,45.66366688954686,243.08992978263552,40.0,5.492048693304173
2023-07-18T22:00:00Z,21.6,23.0,0.0,7.6,13.7,674.0,671.8,194.3,45.66366688954686,243.08992978263552,45.0,5.374145736016886
2023-07-18T22:00:00Z,21.6,23.0,0.0,7.6,13.7,674.0,671.8,194.3,45.66366688954686,243.08992978263552,50.0,5.224121514383636
2023-07-18T22:00:00Z,21.6,23.0,0.0,7.6,13.7,674.0,671.8,194.3,45.66366688954686,243.08992978263552,55.0,5.042589447281503
2023-07-18T22:00:00Z,21.6,23.0,0.0,7.6,13.7,674.0,671.8,194.3,45.66366688954686,243.08992978263552,60.0,4.8303198289435905
2023-07-18T23:00:00Z,22.7,10.0,0.0,6.1,13.0,566.0,672.2,164.0,36.78853036262354,257.5580895973879,30.0,4.48798730293143
2023-07-18T23:00:00Z,22.7,10.0,0.0,6.1,13.0,566.0,672.2,164.0,36.78853036262354,257.5580895973879,35.0,4.401917222093265
2023-07-18T23:00:00Z,22.7,10.0,0.0,6.1,13.0,566.0,672.2,164.0,36.78853036262354,257.5580895973879,40.0,4.28942643512871
2023-07-18T23:00:00Z,22.7,10.0,0.0,6.1,13.0,566.0,672.2,164.0,36.78853036262354,257.5580895973879,45.0,4.151051106861403
2023-07-18T23:00:00Z,22.7,10.0,0.0,6.1,13.0,566.0,672.2,164.0,36.78853036262354,257.5580895973879,50.0,3.987466311082318
2023-07-18T23:00:00Z,22.7,10.0,0.0,6.1,13.0,566.0,672.2,164.0,36.78853036262354,257.5580895973879,55.0,3.7994919514737395
2023-07-18T23:00:00Z,22.7,10.0,0.0,6.1,13.0,566.0,672.2,164.0,36.78853036262354,257.5580895973879,60.0,3.5880989935346124
2023-07-19T00:00:00Z,23.2,0.0,0.0,9.7,10.4,422.0,606.3,143.0,27.424866928935494,269.8897704301555,30.0,3.008770904728388
2023-07-19T00:00:00Z,23.2,0.0,0.0,9.7,10.4,422.0,606.3,143.0,27.424866928935494,269.8897704301555,35.0,2.8851716599266335
2023-07-19T00:00:00Z,23.2,0.0,0.0,9.7,10.4,422.0,606.3,143.0,27.424866928935494,269.8897704301555,40.0,2.744397205707872
2023-07-19T00:00:00Z,23.2,0.0,0.0,9.7,10.4,422.0,606.3,143.0,27.424866928935494,269.8897704301555,45.0,2.5873010475858504
2023-07-19T00:00:00Z,23.2,0.0,0.0,9.7,10.4,422.0,606.3,143.0,27.424866928935494,269.8897704301555,50.0,2.414853166615571
2023-07-19T00:00:00Z,23.2,0.0,0.0,9.7,10.4,422.0,606.3,143.0,27.424866928935494,269.8897704301555,55.0,2.228139371627994
2023-07-19T00:00:00Z,23.2,0.0,0.0,9.7,10.4,422.0,606.3,143.0,27.424866928935494,269.8897704301555,60.0,2.028359825678766
2023-07-19T01:00:00Z,22.5,0.0,0.0,5.8,8.6,266.0,483.8,116.2,18.048979848276446,281.1928205285468,30.0,1.457137290170086
2023-07-19T01:00:00Z,22.5,0.0,0.0,5.8,8.6,266.0,483.8,116.2,18.048979848276446,281.1928205285468,35.0,1.3108360520678943
2023-07-19T01:00:00Z,22.5,0.0,0.0,5.8,8.6,266.0,483.8,116.2,18.048979848276446,281.1928205285468,40.0,1.1575977814852187
2023-07-19T01:00:00Z,22.5,0.0,0.0,5.8,8.6,266.0,483.8,116.2,18.048979848276446,281.1928205285468,45.0,0.9985071398524561
2023-07-19T01:00:00Z,22.5,0.0,0.0,5.8,8.6,266.0,483.8,116.2,18.048979848276446,281.1928205285468,50.0,0.8347078392033633
2023-07-19T01:00:00Z,22.5,0.0,0.0,5.8,8.6,266.0,483.8,116.2,18.048979848276446,281.1928205285468,55.0,0.6673960040390483
2023-07-19T01:00:00Z,22.5,0.0,0.0,5.8,8.6,266.0,483.8,116.2,18.048979848276446,281.1928205285468,60.0,0.5234060964810952
2023-07-19T02:00:00Z,22.1,0.0,0.0,4.7,14.0,111.0,267.2,69.0,9.024892979737071,292.2249548842658,30.0,0.3922358638608866
2023-07-19T02:00:00Z,22.1,0.0,0.0,4.7,14.0,111.0,267.2,69.0,9.024892979737071,292.2249548842658,35.0,0.38575370710147805
2023-07-19T02:00:00Z,22.1,0.0,0.0,4.7,14.0,111.0,267.2,69.0,9.024892979737071,292.2249548842658,40.0,0.3784078874348933
2023-07-19T02:00:00Z,22.1,0.0,0.0,4.7,14.0,111.0,267.2,69.0,9.024892979737071,292.2249548842658,45.0,0.37025376045216063
2023-07-19T02:00:00Z,22.1,0.0,0.0,4.7,14.0,111.0,267.2,69.0,9.024892979737071,292.2249548842658,50.0,0.3613528161209619
2023-07-19T02:00:00Z,22.1,0.0,0.0,4.7,14.0,111.0,267.2,69.0,9.024892979737071,292.2249548842658,55.0,0.3517722280493291
2023-07-19T02:00:00Z,22.1,0.0,0.0,4.7,14.0,111.0,267.2,69.0,9.024892979737071,292.2249548842658,60.0,0.341584359499569
2023-07-19T03:00:00Z,20.6,1.0,0.0,8.3,17.6,13.0,7.7,12.6,0.6934752820268411,303.5355364404042,30.0,0.04591792398883234
2023-07-19T03:00:00Z,20.6,1.0,0.0,8.3,17.6,13.0,7.7,12.6,0.6934752820268411,303.5355364404042,35.0,0.04392846530700489
2023-07-19T03:00:00Z,20.6,1.0,0.0,8.3,17.6,13.0,7.7,12.6,0.6934752820268411,303.5355364404042,40.0,0.04167427163372905
2023-07-19T03:00:00Z,20.6,1.0,0.0,8.3,17.6,13.0,7.7,12.6,0.6934752820268411,303.5355364404042,45.0,0.03917245057792759
2023-07-19T03:00:00Z,20.6,1.0,0.0,8.3,17.6,13.0,7.7,12.6,0.6934752820268411,303.5355364404042,50.0,0.0364419928309883
2023-07-19T03:00:00Z,20.6,1.0,0.0,8.3,17.6,13.0,7.7,12.6,0.6934752820268411,303.5355364404042,55.0,0.0335036291451712
2023-07-19T03:00:00Z,20.6,1.0,0.0,8.3,17.6,13.0,7.7,12.6,0.6934752820268411,303.5355364404042,60.0,0.03037967406926505
2023-07-19T04:00:00Z,18.4,2.0,0.0,9.7,9.4,0.0,0.0,0.0,-6.580140251830429,315.53050316988487,30.0,0.0
2023-07-19T04:00:00Z,18.4,2.0,0.0,9.7,9.4,0.0,0.0,0.0,-6.580140251830429,315.53050316988487,35.0,0.0
2023-07-19T04:00:00Z,18.4,2.0,0.0,9.7,9.4,0.0,0.0,0.0,-6.580140251830429,315.53050316988487,40.0,0.0
2023-07-19T04:00:00Z,18.4,2.0,0.0,9.7,9.4,0.0,0.0,0.0,-6.580140251830429,315.53050316988487,45.0,0.0
2023-07-19T04:00:00Z,18.4,2.0,0.0,9.7,9.4,0.0,0.0,0.0,-6.580140251830429,315.53050316988487,50.0,0.0
2023-07-19T04:00:00Z,18.4,2.0,0.0,9.7,9.4,0.0,0.0,0.0,-6.580140251830429,315.53050316988487,55.0,0.0
2023-07-19T04:00:00Z,18.4,2.0,0.0,9.7,9.4,0.0,0.0,0.0,-6.580140251830429,315.53050316988487,60.0,0.0
2023-07-19T05:00:00Z,16.8,1.0,0.0,9.4,5.8,0.0,0.0,0.0,-12.391824588705717,328.4596257227413,30.0,0.0
2023-07-19T05:00:00Z,16.8,1.0,0.0,9.4,5.8,0.0,0.0,0.0,-12.391824588705717,328.4596257227413,35.0,0.0
2023-07-19T05:00:00Z,16.8,1.0,0.0,9.4,5.8,0.0,0.0,0.0,-12.391824588705717,328.4596257227413,40.0,0.0
2023-07-19T05:00:00Z,16.8,1.0,0.0,9.4,5.8,0.0,0.0,0.0,-12.391824588705717,328.4596257227413,45.0,0.0
2023-07-19T05:00:00Z,16.8,1.0,0.0,9.4,5.8,0.0,0.0,0.0,-12.391824588705717,328.4596257227413,50.0,0.0
2023-07-19T05:00:00Z,16.8,1.0,0.0,9.4,5.8,0.0,0.0,0.0,-12.391824588705717,328.4596257227413,55.0,0.0
2023-07-19T05:00:00Z,16.8,1.0,0.0,9.4,5.8,0.0,0.0,0.0,-12.391824588705717,328.4596257227413,60.0,0.0
2023-07-19T06:00:00Z,14.6,0.0,0.0,5.8,5.0,0.0,0.0,0.0,-16.325635597201366,342.3436474412278,30.0,0.0
2023-07-19T06:00:00Z,14.6,0.0,0.0,5.8,5.0,0.0,0.0,0.0,-16.325635597201366,342.3436474412278,35.0,0.0
2023-07-19T06:00:00Z,14.6,0.0,0.0,5.8,5.0,0.0,0.0,0.0,-16.325635597201366,342.3436474412278,40.0,0.0
2023-07-19T06:00:00Z,14.6,0.0,0.0,5.8,5.0,0.0,0.0,0.0,-16.325635597201366,342.3436474412278,45.0,0.0
2023-07-19T06:00:00Z,14.6,0.0,0.0,5.8,5.0,0.0,0.0,0.0,-16.325635597201366,342.3436474412278,50.0,0.0
2023-07-19T06:00:00Z,14.6,0.0,0.0,5.8,5.0,0.0,0.0,0.0,-16.325635597201366,342.3436474412278,55.0,0.0
2023-07-19T06:00:00Z,14.6,0.0,0.0,5.8,5.0,0.0,0.0,0.0,-16.325635597201366,342.3436474412278,60.0,0.0
2023-07-19T07:00:00Z,13.9,0.0,0.0,5.0,6.8,0.0,0.0,0.0,-18.03303761321466,356.9021482278679,30.0,0.0
2023-07-19T07:00:00Z,13.9,0.0,0.0,5.0,6.8,0.0,0.0,0.0,-18.03303761321466,356.9021482278679,35.0,0.0
2023-07-19T07:00:00Z,13.9,0.0,0.0,5.0,6.8,0.0,0.0,0.0,-18.03303761321466,356.9021482278679,40.0,0.0
2023-07-19T07:00:00Z,13.9,0.0,0.0,5.0,6.8,0.0,0.0,0.0,-18.03303761321466,356.9021482278679,45.0,0.0
2023-07-19T07:00:00Z,13.9,0.0,0.0,5.0,6.8,0.0,0.0,0.0,-18.03303761321466,356.9021482278679,50.0,0.0
2023-07-19T07:00:00Z,13.9,0.0,0.0,5.0,6.8,0.0,0.0,0.0,-18.03303761321466,356.9021482278679,55.0,0.0
2023-07-19T07:00:00Z,13.9,0.0,0.0,5.0,6.8,0.0,0.0,0.0,-18.03303761321466,356.9021482278679,60.0,0.0
2023-07-19T08:00:00Z,12.8,1.0,0.0,6.8,7.2,0.0,0.0,0.0,-17.34151014995874,11.593375878130018,30.0,0.0
2023-07-19T08:00:00Z,12.8,1.0,0.0,6.8,7.2,0.0,0.0,0.0,-17.34151014995874,11.593375878130018,35.0,0.0
2023-07-19T08:00:00Z,12.8,1.0,0.0,6.8,7.2,0.0,0.0,0.0,-17.34151014995874,11.593375878130018,40.0,0.0
2023-07-19T08:00:00Z,12.8,1.0,0.0,6.8,7.2,0.0,0.0,0.0,-17.34151014995874,11.593375878130018,45.0,0.0
2023-07-19T08:00:00Z,12.8,1.0,0.0,6.8,7.2,0.0,0.0,0.0,-17.34151014995874,11.593375878130018,50.0,0.0
2023-07-19T08:00:00Z,12.8,1.0,0.0,6.8,7.2,0.0,0.0,0.0,-17.34151014995874,11.593375878130018,55.0,0.0
2023-07-19T08:00:00Z,12.8,1.0,0.0,6.8,7.2,0.0,0.0,0.0,-17.34151014995874,11.593375878130018,60.0,0.0
2023-07-19T09:00:00Z,11.9,3.0,0.0,7.2,7.6,0.0,0.0,0.0,-14.322858569699001,25.81948850103055,30.0,0.0
2023-07-19T09:00:00Z,11.9,3.0,0.0,7.2,7.6,0.0,0.0,0.0,-14.322858569699001,25.81948850103055,35.0,0.0
2023-07-19T09:00:00Z,11.9,3.0,0.0,7.2,7.6,0.0,0.0,0.0,-14.322858569699001,25.81948850103055,40.0,0.0
2023-07-19T09:00:00Z,11.9,3.0,0.0,7.2,7.6,0.0,0.0,0.0,-14.322858569699001,25.81948850103055,45.0,0.0
2023-07-19T09:00:00Z,11.9,3.0,0.0,7.2,7.6,0.0,0.0,0.0,-14.322858569699001,25.81948850103055,50.0,0.0
2023-07-19T09:00:00Z,11.9,3.0,0.0,7.2,7.6,0.0,0.0,0.0,-14.322858569699001,25.81948850103055,55.0,0.0
2023-07-19T09:00:00Z,11.9,3.0,0.0,7.2,7.6,0.0,0.0,0.0,-14.322858569699001,25.81948850103055,60.0,0.0
2023-07-19T10:00:00Z,11.3,3.0,0.0,7.6,7.9,0.0,0.0,0.0,-9.263686169075255,39.173836955278944,30.0,0.0
2023-07-19T10:00:00Z,11.3,3.0,0.0,7.6,7.9,0.0,0.0,0.0,-9.263686169075255,39.173836955278944,35.0,0.0
2023-07-19T10:00:00Z,11.3,3.0,0.0,7.6,7.9,0.0,0.0,0.0,-9.263686169075255,39.173836955278944,40.0,0.0
2023-07-19T10:00:00Z,11.3,3.0,0.0,7.6,7.9,0.0,0.0,0.0,-9.263686169075255,39.173836955278944,45.0,0.0
2023-07-19T10:00:00Z,11.3,3.0,0.0,7.6,7.9,0.0,0.0,0.0,-9.263686169075255,39.173836955278944,50.0,0.0
2023-07-19T10:00:00Z,11.3,3.0,0.0,7.6,7.9,0.0,0.0,0.0,-9.263686169075255,39.173836955278944,55.0,0.0
2023-07-19T10:00:00Z,11.3,3.0,0.0,7.6,7.9,0.0,0.0,0.0,-9.263686169075255,39.173836955278944,60.0,0.0
2023-07-19T11:00:00Z,10.9,2.0,0.0,7.9,5.0,2.0,0.0,2.0,-2.5639918601887617,51.5542175835875,30.0,0.0
2023-07-19T11:00:00Z,10.9,2.0,0.0,7.9,5.0,2.0,0.0,2.0,-2.5639918601887617,51.5542175835875,35.0,0.0
2023-07-19T11:00:00Z,10.9,2.0,0.0,7.9,5.0,2.0,0.0,2.0,-2.5639918601887617,51.5542175835875,40.0,0.0
2023-07-19T11:00:00Z,10.9,2.0,0.0,7.9,5.0,2.0,0.0,2.0,-2.5639918601887617,51.5542175835875,45.0,0.0
2023-07-19T11:00:00Z,10.9,2.0,0.0,7.9,5.0,2.0,0.0,2.0,-2.5639918601887617,51.5542175835875,50.0,0.0
2023-07-19T11:00:00Z,10.9,2.0,0.0,7.9,5.0,2.0,0.0,2.0,-2.5639918601887617,51.5542175835875,55.0,0.0
2023-07-19T11:00:00Z,10.9,2.0,0.0,7.9,5.0,2.0,0.0,2.0,-2.5639918601887617,51.5542175835875,60.0,0.0
2023-07-19T12:00:00Z,9.5,0.0,0.0,5.0,7.9,60.0,179.1,42.7,5.360370632779239,63.12435854767995,30.0,0.25681365601640893
2023-07-19T12:00:00Z,9.5,0.0,0.0,5.0,7.9,60.0,179.1,42.7,5.360370632779239,63.12435854767995,35.0,0.25165871276378443
2023-07-19T12:00:00Z,9.5,0.0,0.0,5.0,7.9,60.0,179.1,42.7,5.360370632779239,63.12435854767995,40.0,0.24581726890181965
2023-07-19T12:00:00Z,9.5,0.0,0.0,5.0,7.9,60.0,179.1,42.7,5.360370632779239,63.12435854767995,45.0,0.23933346215530535
2023-07-19T12:00:00Z,9.5,0.0,0.0,5.0,7.9,60.0,179.1,42.7,5.360370632779239,63.12435854767995,50.0,0.23225630898049227
2023-07-19T12:00:00Z,9.5,0.0,0.0,5.0,7.9,60.0,179.1,42.7,5.360370632779239,63.12435854767995,55.0,0.22463934151699413
2023-07-19T12:00:00Z,9.5,0.0,0.0,5.0,7.9,60.0,179.1,42.7,5.360370632779239,63.12435854767995,60.0,0.2165402101754171
2023-07-19T13:00:00Z,10.9,0.0,0.0,7.9,5.8,200.0,412.3,99.3,14.12675765595717,74.23025206528638,30.0,0.9010331643357624
2023-07-19T13:00:00Z,10.9,0.0,0.0,7.9,5.8,200.0,412.3,99.3,14.12675765595717,74.23025206528638,35.0,0.7514086149284235
2023-07-19T13:00:00Z,10.9,0.0,0.0,7.9,5.8,200.0,412.3,99.3,14.12675765595717,74.23025206528638,40.0,0.5986586746420938
2023-07-19T13:00:00Z,10.9,0.0,0.0,7.9,5.8,200.0,412.3,99.3,14.12675765595717,74.23025206528638,45.0,0.5088333465366276
2023-07-19T13:00:00Z,10.9,0.0,0.0,7.9,5.8,200.0,412.3,99.3,14.12675765595717,74.23025206528638,50.0,0.5008804142114508
2023-07-19T13:00:00Z,10.9,0.0,0.0,7.9,5.8,200.0,412.3,99.3,14.12675765595717,74.23025206528638,55.0,0.4923206875070847
2023-07-19T13:00:00Z,10.9,0.0,0.0,7.9,5.8,200.0,412.3,99.3,14.12675765595717,74.23025206528638,60.0,0.4832189150189263
2023-07-19T14:00:00Z,13.1,0.0,0.0,5.8,8.6,364.0,584.3,132.2,23.386930321092112,85.35812066749685,30.0,2.472343626791576
2023-07-19T14:00:00Z,13.1,0.0,0.0,5.8,8.6,364.0,584.3,132.2,23.386930321092112,85.35812066749685,35.0,2.3279387226645882
2023-07-19T14:00:00Z,13.1,0.0,0.0,5.8,8.6,364.0,584.3,132.2,23.386930321092112,85.35812066749685,40.0,2.1698911489412325
2023-07-19T14:00:00Z,13.1,0.0,0.0,5.8,8.6,364.0,584.3,132.2,23.386930321092112,85.35812066749685,45.0,1.9992231578697217
2023-07-19T14:00:00Z,13.1,0.0,0.0,5.8,8.6,364.0,584.3,132.2,23.386930321092112,85.35812066749685,50.0,1.8170585909812824
2023-07-19T14:00:00Z,13.1,0.0,0.0,5.8,8.6,364.0,584.3,132.2,23.386930321092112,85.35812066749685,55.0,1.6246196031291789
2023-07-19T14:00:00Z,13.1,0.0,0.0,5.8,8.6,364.0,584.3,132.2,23.386930321092112,85.35812066749685,60.0,1.4232223360996272
2023-07-19T15:00:00Z,15.6,0.0,0.0,3.2,4.0,527.0,697.2,149.8,32.79314575181273,97.1651510579689,30.0,4.132995257939213
2023-07-19T15:00:00Z,15.6,0.0,0.0,3.2,4.0,527.0,697.2,149.8,32.79314575181273,97.1651510579689,35.0,4.025404974496578
2023-07-19T15:00:00Z,15.6,0.0,0.0,3.2,4.0,527.0,697.2,149.8,32.79314575181273,97.1651510579689,40.0,3.893383793635963
2023-07-19T15:00:00Z,15.6,0.0,0.0,3.2,4.0,527.0,697.2,149.8,32.79314575181273,97.1651510579689,45.0,3.737603347057849
2023-07-19T15:00:00Z,15.6,0.0,0.0,3.2,4.0,527.0,697.2,149.8,32.79314575181273,97.1651510579689,50.0,3.558875423777133
2023-07-19T15:00:00Z,15.6,0.0,0.0,3.2,4.0,527.0,697.2,149.8,32.79314575181273,97.1651510579689,55.0,3.3581567840253164
2023-07-19T15:00:00Z,15.6,0.0,0.0,3.2,4.0,527.0,697.2,149.8,32.79314575181273,97.1651510579689,60.0,3.1365537835424893
2023-07-19T16:00:00Z,18.1,0.0,0.0,2.2,2.9,675.0,765.4,164.3,41.92897414923761,110.58968046053644,30.0,5.591465302555666
2023-07-19T16:00:00Z,18.1,0.0,0.0,2.2,2.9,675.0,765.4,164.3,41.92897414923761,110.58968046053644,35.0,5.524501636749532
2023-07-19T16:00:00Z,18.1,0.0,0.0,2.2,2.9,675.0,765.4,164.3,41.92897414923761,110.58968046053644,40.0,5.424380916312513
2023-07-19T16:00:00Z,18.1,0.0,0.0,2.2,2.9,675.0,765.4,164.3,41.92897414923761,110.58968046053644,45.0,5.291462656172045
2023-07-19T16:00:00Z,18.1,0.0,0.0,2.2,2.9,675.0,765.4,164.3,41.92897414923761,110.58968046053644,50.0,5.1262401116561165
2023-07-19T16:00:00Z,18.1,0.0,0.0,2.2,2.9,675.0,765.4,164.3,41.92897414923761,110.58968046053644,55.0,4.929351481358223
2023-07-19T16:00:00Z,18.1,0.0,0.0,2.2,2.9,675.0,765.4,164.3,41.92897414923761,110.58968046053644,60.0,4.701592969197122
2023-07-19T17:00:00Z,19.8,0.0,0.0,2.2,6.8,791.0,793.0,182.9,50.184091153624955,127.0038566771251,30.0,6.685586984007537
2023-07-19T17:00:00Z,19.8,0.0,0.0,2.2,6.8,791.0,793.0,182.9,50.184091153624955,127.0038566771251,35.0,6.650891186329625
2023-07-19T17:00:00Z,19.8,0.0,0.0,2.2,6.8,791.0,793.0,182.9,50.184091153624955,127.0038566771251,40.0,6.57711014225468
2023-07-19T17:00:00Z,19.8,0.0,0.0,2.2,6.8,791.0,793.0,182.9,50.184091153624955,127.0038566771251,45.0,6.464414401854469
2023-07-19T17:00:00Z,19.8,0.0,0.0,2.2,6.8,791.0,793.0,182.9,50.184091153624955,127.0038566771251,50.0,6.313076934226286
2023-07-19T17:00:00Z,19.8,0.0,0.0,2.2,6.8,791.0,793.0,182.9,50.184091153624955,127.0038566771251,55.0,6.1234877033873625
2023-07-19T17:00:00Z,19.8,0.0,0.0,2.2,6.8,791.0,793.0,182.9,50.184091153624955,127.0038566771251,60.0,5.896172448316806
2023-07-19T18:00:00Z,21.3,0.0,0.0,4.0,13.3,870.0,803.3,200.8,56.561810118874725,148.07429878011766,30.0,7.404357800047818
2023-07-19T18:00:00Z,21.3,0.0,0.0,4.0,13.3,870.0,803.3,200.8,56.561810118874725,148.07429878011766,35.0,7.3898484776616025
2023-07-19T18:00:00Z,21.3,0.0,0.0,4.0,13.3,870.0,803.3,200.8,56.561810118874725,148.07429878011766,40.0,7.332514907933538
2023-07-19T18:00:00Z,21.3,0.0,0.0,4.0,13.3,870.0,803.3,200.8,56.561810118874725,148.07429878011766,45.0,7.232446606474808
2023-07-19T18:00:00Z,21.3,0.0,0.0,4.0,13.3,870.0,803.3,200.8,56.561810118874725,148.07429878011766,50.0,7.089809715508496
2023-07-19T18:00:00Z,21.3,0.0,0.0,4.0,13.3,870.0,803.3,200.8,56.561810118874725,148.07429878011766,55.0,6.904862561950226
2023-07-19T18:00:00Z,21.3,0.0,0.0,4.0,13.3,870.0,803.3,200.8,56.561810118874725,148.07429878011766,60.0,6.6779771107383965
2023-07-19T19:00:00Z,22.8,0.0,0.0,6.5,14.0,900.0,798.7,212.1,59.632446747012914,174.14653056945133,30.0,7.672864914820857
2023-07-19T19:00:00Z,22.8,0.0,0.0,6.5,14.0,900.0,798.7,212.1,59.632446747012914,174.14653056945133,35.0,7.666387169777847
2023-07-19T19:00:00Z,22.8,0.0,0.0,6.5,14.0,900.0,798.7,212.1,59.632446747012914,174.14653056945133,40.0,7.615621672563136
2023-07-19T19:00:00Z,22.8,0.0,0.0,6.5,14.0,900.0,798.7,212.1,59.632446747012914,174.14653056945133,45.0,7.5206423220377605
2023-07-19T19:00:00Z,22.8,0.0,0.0,6.5,14.0,900.0,798.7,212.1,59.632446747012914,174.14653056945133,50.0,7.381595946078216
2023-07-19T19:00:00Z,22.8,0.0,0.0,6.5,14.0,900.0,798.7,212.1,59.632446747012914,174.14653056945133,55.0,7.198717410740229
2023-07-19T19:00:00Z,22.8,0.0,0.0,6.5,14.0,900.0,798.7,212.1,59.632446747012914,174.14653056945133,60.0,6.972351072937081
2023-07-19T20:00:00Z,23.7,0.0,0.0,7.9,14.8,884.0,794.6,208.9,58.334042304889564,201.43204397345767,30.0,7.522792678329186
2023-07-19T20:00:00Z,23.7,0.0,0.0,7.9,14.8,884.0,794.6,208.9,58.334042304889564,201.43204397345767,35.0,7.512921177040582
2023-07-19T20:00:00Z,23.7,0.0,0.0,7.9,14.8,884.0,794.6,208.9,58.334042304889564,201.43204397345767,40.0,7.459399477110223
2023-07-19T20:00:00Z,23.7,0.0,0.0,7.9,14.8,884.0,794.6,208.9,58.334042304889564,201.43204397345767,45.0,7.3623213595387975
2023-07-19T20:00:00Z,23.7,0.0,0.0,7.9,14.8,884.0,794.6,208.9,58.334042304889564,201.43204397345767,50.0,7.221865584321382
2023-07-19T20:00:00Z,23.7,0.0,0.0,7.9,14.8,884.0,794.6,208.9,58.334042304889564,201.43204397345767,55.0,7.038310332391494
2023-07-19T20:00:00Z,23.7,0.0,0.0,7.9,14.8,884.0,794.6,208.9,58.334042304889564,201.43204397345767,60.0,6.812053446119451
2023-07-19T21:00:00Z,24.4,0.0,0.0,8.6,14.0,823.0,788.0,193.5,53.15255898046674,224.74520588160084,30.0,6.948571656803654
2023-07-19T21:00:00Z,24.4,0.0,0.0,8.6,14.0,823.0,788.0,193.5,53.15255898046674,224.74520588160084,35.0,6.923792471747619
2023-07-19T21:00:00Z,24.4,0.0,0.0,8.6,14.0,823.0,788.0,193.5,53.15255898046674,224.74520588160084,40.0,6.858234364666557
2023-07-19T21:00:00Z,24.4,0.0,0.0,8.6,14.0,823.0,788.0,193.5,53.15255898046674,224.74520588160084,45.0,6.752057096485272
2023-07-19T21:00:00Z,24.4,0.0,0.0,8.6,14.0,823.0,788.0,193.5,53.15255898046674,224.74520588160084,50.0,6.605529444201285
2023-07-19T21:00:00Z,24.4,0.0,0.0,8.6,14.0,823.0,788.0,193.5,53.15255898046674,224.74520588160084,55.0,6.419042468688094
2023-07-19T21:00:00Z,24.4,0.0,0.0,8.6,14.0,823.0,788.0,193.5,53.15255898046674,224.74520588160084,60.0,6.193127145766278
2023-07-19T22:00:00Z,24.9,0.0,0.0,9.4,16.2,718.0,762.0,175.1,45.52805239724976,242.91613382666654,30.0,5.944495898014295
2023-07-19T22:00:00Z,24.9,0.0,0.0,9.4,16.2,718.0,762.0,175.1,45.52805239724976,242.91613382666654,35.0,5.893254943048262
2023-07-19T22:00:00Z,24.9,0.0,0.0,9.4,16.2,718.0,762.0,175.1,45.52805239724976,242.91613382666654,40.0,5.806687491899173
2023-07-19T22:00:00Z,24.9,0.0,0.0,9.4,16.2,718.0,762.0,175.1,45.52805239724976,242.91613382666654,45.0,5.685098316829089
2023-07-19T22:00:00Z,24.9,0.0,0.0,9.4,16.2,718.0,762.0,175.1,45.52805239724976,242.91613382666654,50.0,5.528927880492939
2023-07-19T22:00:00Z,24.9,0.0,0.0,9.4,16.2,718.0,762.0,175.1,45.52805239724976,242.91613382666654,55.0,5.338762914736883
2023-07-19T22:00:00Z,24.9,0.0,0.0,9.4,16.2,718.0,762.0,175.1,45.52805239724976,242.91613382666654,60.0,5.115349290078097
2023-07-19T23:00:00Z,25.1,0.0,0.0,10.8,18.0,567.0,677.9,162.8,36.66198903448358,257.3942134960896,30.0,4.485474327231901
2023-07-19T23:00:00Z,25.1,0.0,0.0,10.8,18.0,567.0,677.9,162.8,36.66198903448358,257.3942134960896,35.0,4.400620593073999
2023-07-19T23:00:00Z,25.1,0.0,0.0,10.8,18.0,567.0,677.9,162.8,36.66198903448358,257.3942134960896,40.0,4.289223193742525
2023-07-19T23:00:00Z,25.1,0.0,0.0,10.8,18.0,567.0,677.9,162.8,36.66198903448358,257.3942134960896,45.0,4.151830100900416
2023-07-19T23:00:00Z,25.1,0.0,0.0,10.8,18.0,567.0,677.9,162.8,36.66198903448358,257.3942134960896,50.0,3.989131468785972
2023-07-19T23:00:00Z,25.1,0.0,0.0,10.8,18.0,567.0,677.9,162.8,36.66198903448358,257.3942134960896,55.0,3.8019647805614265
2023-07-19T23:00:00Z,25.1,0.0,0.0,10.8,18.0,567.0,677.9,162.8,36.66198903448358,257.3942134960896,60.0,3.591320232563531
2023-07-20T00:00:00Z,25.0,0.0,0.0,12.2,18.7,408.0,573.8,145.1,27.30092190986733,269.73875303304646,30.0,2.906955322947947
2023-07-20T00:00:00Z,25.0,0.0,0.0,12.2,18.7,408.0,573.8,145.1,27.30092190986733,269.73875303304646,35.0,2.7898430006797903
2023-07-20T00:00:00Z,25.0,0.0,0.0,12.2,18.7,408.0,573.8,145.1,27.30092190986733,269.73875303304646,40.0,2.6563182536257504
2023-07-20T00:00:00Z,25.0,0.0,0.0,12.2,18.7,408.0,573.8,145.1,27.30092190986733,269.73875303304646,45.0,2.507205082006727
2023-07-20T00:00:00Z,25.0,0.0,0.0,12.2,18.7,408.0,573.8,145.1,27.30092190986733,269.73875303304646,50.0,2.343438957398963
2023-07-20T00:00:00Z,25.0,0.0,0.0,12.2,18.7,408.0,573.8,145.1,27.30092190986733,269.73875303304646,55.0,2.1660656586143237
2023-07-20T00:00:00Z,25.0,0.0,0.0,12.2,18.7,408.0,573.8,145.1,27.30092190986733,269.73875303304646,60.0,1.9762393256947037
2023-07-20T01:00:00Z,24.1,4.0,0.0,11.5,20.9,219.0,329.6,117.6,17.92253259304417,281.0539457856154,30.0,1.273135537598687
2023-07-20T01:00:00Z,24.1,4.0,0.0,11.5,20.9,219.0,329.6,117.6,17.92253259304417,281.0539457856154,35.0,1.1678993354684577
2023-07-20T01:00:00Z,24.1,4.0,0.0,11.5,20.9,219.0,329.6,117.6,17.92253259304417,281.0539457856154,40.0,1.057289279142347
2023-07-20T01:00:00Z,24.1,4.0,0.0,11.5,20.9,219.0,329.6,117.6,17.92253259304417,281.0539457856154,45.0,0.9421028353417233
2023-07-20T01:00:00Z,24.1,4.0,0.0,11.5,20.9,219.0,329.6,117.6,17.92253259304417,281.0539457856154,50.0,0.823179011819198
2023-07-20T01:00:00Z,24.1,4.0,0.0,11.5,20.9,219.0,329.6,117.6,17.92253259304417,281.0539457856154,55.0,0.7013931238060033
2023-07-20T01:00:00Z,24.1,4.0,0.0,11.5,20.9,219.0,329.6,117.6,17.92253259304417,281.0539457856154,60.0,0.5922309443171249
2023-07-20T02:00:00Z,23.1,7.0,0.0,11.9,23.4,90.0,166.9,64.1,8.891962574701607,292.0974977424496,30.0,0.39606869534403877
2023-07-20T02:00:00Z,23.1,7.0,0.0,11.9,23.4,90.0,166.9,64.1,8.891962574701607,292.0974977424496,35.0,0.3885875125759922
2023-07-20T02:00:00Z,23.1,7.0,0.0,11.9,23.4,90.0,166.9,64.1,8.891962574701607,292.0974977424496,40.0,0.3801094623408791
2023-07-20T02:00:00Z,23.1,7.0,0.0,11.9,23.4,90.0,166.9,64.1,8.891962574701607,292.0974977424496,45.0,0.37069839715354214
2023-07-20T02:00:00Z,23.1,7.0,0.0,11.9,23.4,90.0,166.9,64.1,8.891962574701607,292.0974977424496,50.0,0.36042524921403496
2023-07-20T02:00:00Z,23.1,7.0,0.0,11.9,23.4,90.0,166.9,64.1,8.891962574701607,292.0974977424496,55.0,0.34936751156691
2023-07-20T02:00:00Z,23.1,7.0,0.0,11.9,23.4,90.0,166.9,64.1,8.891962574701607,292.0974977424496,60.0,0.33760866933707295
2023-07-20T03:00:00Z,21.7,1.0,0.0,12.2,22.0,13.0,9.1,12.5,0.5510155607593494,303.4201481625779,30.0,0.04464397324471876
2023-07-20T03:00:00Z,21.7,1.0,0.0,12.2,22.0,13.0,9.1,12.5,0.5510155607593494,303.4201481625779,35.0,0.04268424760361485
2023-07-20T03:00:00Z,21.7,1.0,0.0,12.2,22.0,13.0,9.1,12.5,0.5510155607593494,303.4201481625779,40.0,0.04046375103781938
2023-07-20T03:00:00Z,21.7,1.0,0.0,12.2,22.0,13.0,9.1,12.5,0.5510155607593494,303.4201481625779,45.0,0.037999338138175937
2023-07-20T03:00:00Z,21.7,1.0,0.0,12.2,22.0,13.0,9.1,12.5,0.5510155607593494,303.4201481625779,50.0,0.03530971844257337
2023-07-20T03:00:00Z,21.7,1.0,0.0,12.2,22.0,13.0,9.1,12.5,0.5510155607593494,303.4201481625779,55.0,0.03241531544641842
2023-07-20T03:00:00Z,21.7,1.0,0.0,12.2,22.0,13.0,9.1,12.5,0.5510155607593494,303.4201481625779,60.0,0.029338112569005557
2023-07-20T04:00:00Z,20.1,0.0,0.0,11.9,10.8,0.0,0.0,0.0,-6.734118209437768,315.42990321534717,30.0,0.0
2023-07-20T04:00:00Z,20.1,0.0,0.0,11.9,10.8,0.0,0.0,0.0,-6.734118209437768,315.42990321534717,35.0,0.0
2023-07-20T04:00:00Z,20.1,0.0,0.0,11.9,10.8,0.0,0.0,0.0,-6.734118209437768,315.42990321534717,40.0,0.0
2023-07-20T04:00:00Z,20.1,0.0,0.0,11.9,10.8,0.0,0.0,0.0,-6.734118209437768,315.42990321534717,45.0,0.0
2023-07-20T04:00:00Z,20.1,0.0,0.0,11.9,10.8,0.0,0.0,0.0,-6.734118209437768,315.42990321534717,50.0,0.0
2023-07-20T04:00:00Z,20.1,0.0,0.0,11.9,10.8,0.0,0.0,0.0,-6.734118209437768,315.42990321534717,55.0,0.0
2023-07-20T04:00:00Z,20.1,0.0,0.0,11.9,10.8,0.0,0.0,0.0,-6.734118209437768,315.42990321534717,60.0,0.0
2023-07-20T05:00:00Z,18.7,0.0,0.0,10.8,7.9,0.0,0.0,0.0,-12.557805960439312,328.37878818222197,30.0,0.0
2023-07-20T05:00:00Z,18.7,0.0,0.0,10.8,7.9,0.0,0.0,0.0,-12.557805960439312,328.37878818222197,35.0,0.0
2023-07-20T05:00:00Z,18.7,0.0,0.0,10.8,7.9,0.0,0.0,0.0,-12.557805960439312,328.37878818222197,40.0,0.0
2023-07-20T05:00:00Z,18.7,0.0,0.0,10.8,7.9,0.0,0.0,0.0,-12.557805960439312,328.37878818222197,45.0,0.0
2023-07-20T05:00:00Z,18.7,0.0,0.0,10.8,7.9,0.0,0.0,0.0,-12.557805960439312,328.37878818222197,50.0,0.0
2023-07-20T05:00:00Z,18.7,0.0,0.0,10.8,7.9,0.0,0.0,0.0,-12.557805960439312,328.37878818222197,55.0,0.0
2023-07-20T05:00:00Z,18.7,0.0,0.0,10.8,7.9,0.0,0.0,0.0,-12.557805960439312,328.37878818222197,60.0,0.0
2023-07-20T06:00:00Z,16.8,0.0,0.0,7.9,5.0,0.0,0.0,0.0,-16.502026198756393,342.28895711223254,30.0,0.0
2023-07-20T06:00:00Z,16.8,0.0,0.0,7.9,5.0,0.0,0.0,0.0,-16.502026198756393,342.28895711223254,35.0,0.0
2023-07-20T06:00:00Z,16.8,0.0,0.0,7.9,5.0,0.0,0.0,0.0,-16.502026198756393,342.28895711223254,40.0,0.0
2023-07-20T06:00:00Z,16.8,0.0,0.0,7.9,5.0,0.0,0.0,0.0,-16.502026198756393,342.28895711223254,45.0,0.0
2023-07-20T06:00:00Z,16.8,0.0,0.0,7.9,5.0,0.0,0.0,0.0,-16.502026198756393,342.28895711223254,50.0,0.0
2023-07-20T06:00:00Z,16.8,0.0,0.0,7.9,5.0,0.0,0.0,0.0,-16.502026198756393,342.28895711223254,55.0,0.0
2023-07-20T06:00:00Z,16.8,0.0,0.0,7.9,5.0,0.0,0.0,0.0,-16.502026198756393,342.28895711223254,60.0,0.0
2023-07-20T07:00:00Z,14.2,0.0,0.0,5.0,4.3,0.0,0.0,0.0,-18.21599055631533,356.8790833875165,30.0,0.0
2023-07-20T07:00:00Z,14.2,0.0,0.0,5.0,4.3,0.0,0.0,0.0,-18.21599055631533,356.8790833875165,35.0,0.0
2023-07-20T07:00:00Z,14.2,0.0,0.0,5.0,4.3,0.0,0.0,0.0,-18.21599055631533,356.8790833875165,40.0,0.0
2023-07-20T07:00:00Z,14.2,0.0,0.0,5.0,4.3,0.0,0.0,0.0,-18.21599055631533,356.8790833875165,45.0,0.0
2023-07-20T07:00:00Z,14.2,0.0,0.0,5.0,4.3,0.0,0.0,0.0,-18.21599055631533,356.8790833875165,50.0,0.0
2023-07-20T07:00:00Z,14.2,0.0,0.0,5.0,4.3,0.0,0.0,0.0,-18.21599055631533,356.8790833875165,55.0,0.0
2023-07-20T07:00:00Z,14.2,0.0,0.0,5.0,4.3,0.0,0.0,0.0,-18.21599055631533,356.8790833875165,60.0,0.0
2023-07-20T08:00:00Z,13.6,0.0,0.0,4.3,4.7,0.0,0.0,0.0,-17.525743152637297,11.603705471742103,30.0,0.0
2023-07-20T08:00:00Z,13.6,0.0,0.0,4.3,4.7,0.0,0.0,0.0,-17.525743152637297,11.603705471742103,35.0,0.0
2023-07-20T08:00:00Z,13.6,0.0,0.0,4.3,4.7,0.0,0.0,0.0,-17.525743152637297,11.603705471742103,40.0,0.0
2023-07-20T08:00:00Z,13.6,0.0,0.0,4.3,4.7,0.0,0.0,0.0,-17.525743152637297,11.603705471742103,45.0,0.0
2023-07-20T08:00:00Z,13.6,0.0,0.0,4.3,4.7,0.0,0.0,0.0,-17.525743152637297,11.603705471742103,50.0,0.0
2023-07-20T08:00:00Z,13.6,0.0,0.0,4.3,4.7,0.0,0.0,0.0,-17.525743152637297,11.603705471742103,55.0,0.0
2023-07-20T08:00:00Z,13.6,0.0,0.0,4.3,4.7,0.0,0.0,0.0,-17.525743152637297,11.603705471742103,60.0,0.0
2023-07-20T09:00:00Z,12.8,0.0,0.0,4.7,5.4,0.0,0.0,0.0,-14.503302970394241,25.86034171263759,30.0,0.0
2023-07-20T09:00:00Z,12.8,0.0,0.0,4.7,5.4,0.0,0.0,0.0,-14.503302970394241,25.86034171263759,35.0,0.0
2023-07-20T09:00:00Z,12.8,0.0,0.0,4.7,5.4,0.0,0.0,0.0,-14.503302970394241,25.86034171263759,40.0,0.0
2023-07-20T09:00:00Z,12.8,0.0,0.0,4.7,5.4,0.0,0.0,0.0,-14.503302970394241,25.86034171263759,45.0,0.0
2023-07-20T09:00:00Z,12.8,0.0,0.0,4.7,5.4,0.0,0.0,0.0,-14.503302970394241,25.86034171263759,50.0,0.0
2023-07-20T09:00:00Z,12.8,0.0,0.0,4.7,5.4,0.0,0.0,0.0,-14.503302970394241,25.86034171263759,55.0,0.0
2023-07-20T09:00:00Z,12.8,0.0,0.0,4.7,5.4,0.0,0.0,0.0,-14.503302970394241,25.86034171263759,60.0,0.0
2023-07-20T10:00:00Z,12.1,0.0,0.0,5.0,5.4,0.0,0.0,0.0,-9.436926541063958,39.239521450550455,30.0,0.0
2023-07-20T10:00:00Z,12.1,0.0,0.0,5.0,5.4,0.0,0.0,0.0,-9.436926541063958,39.239521450550455,35.0,0.0
2023-07-20T10:00:00Z,12.1,0.0,0.0,5.0,5.4,0.0,0.0,0.0,-9.436926541063958,39.239521450550455,40.0,0.0
2023-07-20T10:00:00Z,12.1,0.0,0.0,5.0,5.4,0.0,0.0,0.0,-9.436926541063958,39.239521450550455,45.0,0.0
2023-07-20T10:00:00Z,12.1,0.0,0.0,5.0,5.4,0.0,0.0,0.0,-9.436926541063958,39.239521450550455,50.0,0.0
2023-07-20T10:00:00Z,12.1,0.0,0.0,5.0,5.4,0.0,0.0,0.0,-9.436926541063958,39.239521450550455,55.0,0.0
2023-07-20T10:00:00Z,12.1,0.0,0.0,5.0,5.4,0.0,0.0,0.0,-9.436926541063958,39.239521450550455,60.0,0.0
2023-07-20T11:00:00Z,11.3,0.0,0.0,5.4,2.5,2.0,0.0,2.0,-2.7287311588015655,51.63893038718686,30.0,0.0
2023-07-20T11:00:00Z,11.3,0.0,0.0,5.4,2.5,2.0,0.0,2.0,-2.7287311588015655,51.63893038718686,35.0,0.0
2023-07-20T11:00:00Z,11.3,0.0,0.0,5.4,2.5,2.0,0.0,2.0,-2.7287311588015655,51.63893038718686,40.0,0.0
2023-07-20T11:00:00Z,11.3,0.0,0.0,5.4,2.5,2.0,0.0,2.0,-2.7287311588015655,51.63893038718686,45.0,0.0
2023-07-20T11:00:00Z,11.3,0.0,0.0,5.4,2.5,2.0,0.0,2.0,-2.7287311588015655,51.63893038718686,50.0,0.0
2023-07-20T11:00:00Z,11.3,0.0,0.0,5.4,2.5,2.0,0.0,2.0,-2.7287311588015655,51.63893038718686,55.0,0.0
2023-07-20T11:00:00Z,11.3,0.0,0.0,5.4,2.5,2.0,0.0,2.0,-2.7287311588015655,51.63893038718686,60.0,0.0
2023-07-20T12:00:00Z,10.9,0.0,0.0,2.5,2.9,57.0,165.4,41.2,5.203615653576342,63.22385287763268,30.0,0.24783682880006608
2023-07-20T12:00:00Z,10.9,0.0,0.0,2.5,2.9,57.0,165.4,41.2,5.203615653576342,63.22385287763268,35.0,0.24276174439307788
2023-07-20T12:00:00Z,10.9,0.0,0.0,2.5,2.9,57.0,165.4,41.2,5.203615653576342,63.22385287763268,40.0,0.237010772039357
2023-07-20T12:00:00Z,10.9,0.0,0.0,2.5,2.9,57.0,165.4,41.2,5.203615653576342,63.22385287763268,45.0,0.23062735777644267
2023-07-20T12:00:00Z,10.9,0.0,0.0,2.5,2.9,57.0,165.4,41.2,5.203615653576342,63.22385287763268,50.0,0.22365975077018335
2023-07-20T12:00:00Z,10.9,0.0,0.0,2.5,2.9,57.0,165.4,41.2,5.203615653576342,63.22385287763268,55.0,0.21616064620471673
2023-07-20T12:00:00Z,10.9,0.0,0.0,2.5,2.9,57.0,165.4,41.2,5.203615653576342,63.22385287763268,60.0,0.2081867943383729
2023-07-20T13:00:00Z,11.8,0.0,0.0,2.9,1.4,194.0,395.4,98.4,13.976140566587022,74.34217983338914,30.0,0.8806051606937676
2023-07-20T13:00:00Z,11.8,0.0,0.0,2.9,1.4,194.0,395.4,98.4,13.976140566587022,74.34217983338914,35.0,0.7381530534737426
2023-07-20T13:00:00Z,11.8,0.0,0.0,2.9,1.4,194.0,395.4,98.4,13.976140566587022,74.34217983338914,40.0,0.5926611327767771
2023-07-20T13:00:00Z,11.8,0.0,0.0,2.9,1.4,194.0,395.4,98.4,13.976140566587022,74.34217983338914,45.0,0.5100880782294813
2023-07-20T13:00:00Z,11.8,0.0,0.0,2.9,1.4,194.0,395.4,98.4,13.976140566587022,74.34217983338914,50.0,0.5016526700966466
2023-07-20T13:00:00Z,11.8,0.0,0.0,2.9,1.4,194.0,395.4,98.4,13.976140566587022,74.34217983338914,55.0,0.49257337151705544
2023-07-20T13:00:00Z,11.8,0.0,0.0,2.9,1.4,194.0,395.4,98.4,13.976140566587022,74.34217983338914,60.0,0.4829188023479124
2023-07-20T14:00:00Z,13.8,0.0,0.0,1.4,3.2,356.0,567.0,132.4,23.239573713458803,85.48154897701579,30.0,2.4161983594535923
2023-07-20T14:00:00Z,13.8,0.0,0.0,1.4,3.2,356.0,567.0,132.4,23.239573713458803,85.48154897701579,35.0,2.277412807599085
2023-07-20T14:00:00Z,13.8,0.0,0.0,1.4,3.2,356.0,567.0,132.4,23.239573713458803,85.48154897701579,40.0,2.1253732808557046
2023-07-20T14:00:00Z,13.8,0.0,0.0,1.4,3.2,356.0,567.0,132.4,23.239573713458803,85.48154897701579,45.0,1.9610563814226263
2023-07-20T14:00:00Z,13.8,0.0,0.0,1.4,3.2,356.0,567.0,132.4,23.239573713458803,85.48154897701579,50.0,1.785537412481558
2023-07-20T14:00:00Z,13.8,0.0,0.0,1.4,3.2,356.0,567.0,132.4,23.239573713458803,85.48154897701579,55.0,1.5999874774256717
2023-07-20T14:00:00Z,13.8,0.0,0.0,1.4,3.2,356.0,567.0,132.4,23.239573713458803,85.48154897701579,60.0,1.4056695552163219
2023-07-20T15:00:00Z,16.2,0.0,0.0,0.4,8.3,518.0,681.0,151.1,32.645176664692166,97.29938967173229,30.0,4.054576471885183
2023-07-20T15:00:00Z,16.2,0.0,0.0,0.4,8.3,518.0,681.0,151.1,32.645176664692166,97.29938967173229,35.0,3.9508201976545925
2023-07-20T15:00:00Z,16.2,0.0,0.0,0.4,8.3,518.0,681.0,151.1,32.645176664692166,97.29938967173229,40.0,3.823218393464015
2023-07-20T15:00:00Z,16.2,0.0,0.0,0.4,8.3,518.0,681.0,151.1,32.645176664692166,97.29938967173229,45.0,3.672412510569618
2023-07-20T15:00:00Z,16.2,0.0,0.0,0.4,8.3,518.0,681.0,151.1,32.645176664692166,97.29938967173229,50.0,3.4991796530912045
2023-07-20T15:00:00Z,16.2,0.0,0.0,0.4,8.3,518.0,681.0,151.1,32.645176664692166,97.29938967173229,55.0,3.304437568239069
2023-07-20T15:00:00Z,16.2,0.0,0.0,0.4,8.3,518.0,681.0,151.1,32.645176664692166,97.29938967173229,60.0,3.0892494895301796
2023-07-20T16:00:00Z,18.6,0.0,0.0,1.1,14.4,664.0,747.3,166.9,41.775435811610905,110.73152908007165,30.0,5.496048785150112
2023-07-20T16:00:00Z,18.6,0.0,0.0,1.1,14.4,664.0,747.3,166.9,41.775435811610905,110.73152908007165,35.0,5.431586695779277
2023-07-20T16:00:00Z,18.6,0.0,0.0,1.1,14.4,664.0,747.3,166.9,41.775435811610905,110.73152908007165,40.0,5.334648686491046
2023-07-20T16:00:00Z,18.6,0.0,0.0,1.1,14.4,664.0,747.3,166.9,41.775435811610905,110.73152908007165,45.0,5.2055834117604505
2023-07-20T16:00:00Z,18.6,0.0,0.0,1.1,14.4,664.0,747.3,166.9,41.775435811610905,110.73152908007165,50.0,5.044870420870891
2023-07-20T16:00:00Z,18.6,0.0,0.0,1.1,14.4,664.0,747.3,166.9,41.775435811610905,110.73152908007165,55.0,4.853131028313738
2023-07-20T16:00:00Z,18.6,0.0,0.0,1.1,14.4,664.0,747.3,166.9,41.775435811610905,110.73152908007165,60.0,4.631141015005147
2023-07-20T17:00:00Z,21.0,0.0,0.0,2.9,11.5,781.0,778.2,185.7,50.01936043807322,127.140564917304,30.0,6.593734007973287
2023-07-20T17:00:00Z,21.0,0.0,0.0,2.9,11.5,781.0,778.2,185.7,50.01936043807322,127.140564917304,35.0,6.5606623006758955
2023-07-20T17:00:00Z,21.0,0.0,0.0,2.9,11.5,781.0,778.2,185.7,50.01936043807322,127.140564917304,40.0,6.489039085334022
2023-07-20T17:00:00Z,21.0,0.0,0.0,2.9,11.5,781.0,778.2,185.7,50.01936043807322,127.140564917304,45.0,6.379038868812757
2023-07-20T17:00:00Z,21.0,0.0,0.0,2.9,11.5,781.0,778.2,185.7,50.01936043807322,127.140564917304,50.0,6.230941349558109
2023-07-20T17:00:00Z,21.0,0.0,0.0,2.9,11.5,781.0,778.2,185.7,50.01936043807322,127.140564917304,55.0,6.0451451819332425
2023-07-20T17:00:00Z,21.0,0.0,0.0,2.9,11.5,781.0,778.2,185.7,50.01936043807322,127.140564917304,60.0,5.822185757648604
2023-07-20T18:00:00Z,23.2,0.0,0.0,7.2,28.4,856.0,782.3,205.7,56.382580458336534,148.16992611442583,30.0,7.290538117868411
2023-07-20T18:00:00Z,23.2,0.0,0.0,7.2,28.4,856.0,782.3,205.7,56.382580458336534,148.16992611442583,35.0,7.277014022578387
2023-07-20T18:00:00Z,23.2,0.0,0.0,7.2,28.4,856.0,782.3,205.7,56.382580458336534,148.16992611442583,40.0,7.221105353064282
2023-07-20T18:00:00Z,23.2,0.0,0.0,7.2,28.4,856.0,782.3,205.7,56.382580458336534,148.16992611442583,45.0,7.12292247101453
2023-07-20T18:00:00Z,23.2,0.0,0.0,7.2,28.4,856.0,782.3,205.7,56.382580458336534,148.16992611442583,50.0,6.982668018326396
2023-07-20T18:00:00Z,23.2,0.0,0.0,7.2,28.4,856.0,782.3,205.7,56.382580458336534,148.16992611442583,55.0,6.800650780219023
2023-07-20T18:00:00Z,23.2,0.0,0.0,7.2,28.4,856.0,782.3,205.7,56.382580458336534,148.16992611442583,60.0,6.577304840005625
2023-07-20T19:00:00Z,25.4,0.0,0.0,9.0,21.6,889.0,783.2,215.8,59.44536653410786,174.1439247453145,30.0,7.553108229411688
2023-07-20T19:00:00Z,25.4,0.0,0.0,9.0,21.6,889.0,783.2,215.8,59.44536653410786,174.1439247453145,35.0,7.547723714303337
2023-07-20T19:00:00Z,25.4,0.0,0.0,9.0,21.6,889.0,783.2,215.8,59.44536653410786,174.1439247453145,40.0,7.498574850173526
2023-07-20T19:00:00Z,25.4,0.0,0.0,9.0,21.6,889.0,783.2,215.8,59.44536653410786,174.1439247453145,45.0,7.405747902833514
2023-07-20T19:00:00Z,25.4,0.0,0.0,9.0,21.6,889.0,783.2,215.8,59.44536653410786,174.1439247453145,50.0,7.269413578203491
2023-07-20T19:00:00Z,25.4,0.0,0.0,9.0,21.6,889.0,783.2,215.8,59.44536653410786,174.1439247453145,55.0,7.0898408347081014
2023-07-20T19:00:00Z,25.4,0.0,0.0,9.0,21.6,889.0,783.2,215.8,59.44536653410786,174.1439247453145,60.0,6.867416558775882
2023-07-20T20:00:00Z,26.5,0.0,0.0,12.2,20.5,877.0,785.7,210.7,58.156382503034585,201.31922475490785,30.0,7.451170470168773
2023-07-20T20:00:00Z,26.5,0.0,0.0,12.2,20.5,877.0,785.7,210.7,58.156382503034585,201.31922475490785,35.0,7.44266010967003
2023-07-20T20:00:00Z,26.5,0.0,0.0,12.2,20.5,877.0,785.7,210.7,58.156382503034585,201.31922475490785,40.0,7.390584333464645
2023-07-20T20:00:00Z,26.5,0.0,0.0,12.2,20.5,877.0,785.7,210.7,58.156382503034585,201.31922475490785,45.0,7.295055346903907
2023-07-20T20:00:00Z,26.5,0.0,0.0,12.2,20.5,877.0,785.7,210.7,58.156382503034585,201.31922475490785,50.0,7.156286664281465
2023-07-20T20:00:00Z,26.5,0.0,0.0,12.2,20.5,877.0,785.7,210.7,58.156382503034585,201.31922475490785,55.0,6.974605983138717
2023-07-20T20:00:00Z,26.5,0.0,0.0,12.2,20.5,877.0,785.7,210.7,58.156382503034585,201.31922475490785,60.0,6.750473299609997
2023-07-20T21:00:00Z,26.9,0.0,0.0,12.2,21.2,816.0,778.7,195.2,52.9942995013426,224.57768059597126,30.0,6.875252191327366
2023-07-20T21:00:00Z,26.9,0.0,0.0,12.2,21.2,816.0,778.7,195.2,52.9942995013426,224.57768059597126,35.0,6.851980415890211
2023-07-20T21:00:00Z,26.9,0.0,0.0,12.2,21.2,816.0,778.7,195.2,52.9942995013426,224.57768059597126,40.0,6.78814696324692
2023-07-20T21:00:00Z,26.9,0.0,0.0,12.2,21.2,816.0,778.7,195.2,52.9942995013426,224.57768059597126,45.0,6.683926503025917
2023-07-20T21:00:00Z,26.9,0.0,0.0,12.2,21.2,816.0,778.7,195.2,52.9942995013426,224.57768059597126,50.0,6.539613245907736
2023-07-20T21:00:00Z,26.9,0.0,0.0,12.2,21.2,816.0,778.7,195.2,52.9942995013426,224.57768059597126,55.0,6.355632883748147
2023-07-20T21:00:00Z,26.9,0.0,0.0,12.2,21.2,816.0,778.7,195.2,52.9942995013426,224.57768059597126,60.0,6.132558506552929
2023-07-20T22:00:00Z,27.4,0.0,0.0,10.8,19.8,652.0,634.0,201.4,45.38621400297362,242.74068558480263,30.0,5.367409093170709
2023-07-20T22:00:00Z,27.4,0.0,0.0,10.8,19.8,652.0,634.0,201.4,45.38621400297362,242.74068558480263,35.0,5.319128482601584
2023-07-20T22:00:00Z,27.4,0.0,0.0,10.8,19.8,652.0,634.0,201.4,45.38621400297362,242.74068558480263,40.0,5.239596872312079
2023-07-20T22:00:00Z,27.4,0.0,0.0,10.8,19.8,652.0,634.0,201.4,45.38621400297362,242.74068558480263,45.0,5.129143697387583
2023-07-20T22:00:00Z,27.4,0.0,0.0,10.8,19.8,652.0,634.0,201.4,45.38621400297362,242.74068558480263,50.0,4.988236174103654
2023-07-20T22:00:00Z,27.4,0.0,0.0,10.8,19.8,652.0,634.0,201.4,45.38621400297362,242.74068558480263,55.0,4.817486549777949
2023-07-20T22:00:00Z,27.4,0.0,0.0,10.8,19.8,652.0,634.0,201.4,45.38621400297362,242.74068558480263,60.0,4.617660791034799
2023-07-20T23:00:00Z,27.1,11.0,0.0,12.6,7.9,534.0,607.6,172.9,36.52940924851864,257.22815981012207,30.0,4.211257107124015
2023-07-20T23:00:00Z,27.1,11.0,0.0,12.6,7.9,534.0,607.6,172.9,36.52940924851864,257.22815981012207,35.0,4.132528616406946
2023-07-20T23:00:00Z,27.1,11.0,0.0,12.6,7.9,534.0,607.6,172.9,36.52940924851864,257.22815981012207,40.0,4.029275521639589
2023-07-20T23:00:00Z,27.1,11.0,0.0,12.6,7.9,534.0,607.6,172.9,36.52940924851864,257.22815981012207,45.0,3.902034139028762
2023-07-20T23:00:00Z,27.1,11.0,0.0,12.6,7.9,534.0,607.6,172.9,36.52940924851864,257.22815981012207,50.0,3.751477223616274
2023-07-20T23:00:00Z,27.1,11.0,0.0,12.6,7.9,534.0,607.6,172.9,36.52940924851864,257.22815981012207,55.0,3.578417524418794
2023-07-20T23:00:00Z,27.1,11.0,0.0,12.6,7.9,534.0,607.6,172.9,36.52940924851864,257.22815981012207,60.0,3.383811400384282
2023-07-21T00:00:00Z,27.1,0.0,0.0,3.6,12.2,256.0,201.3,164.2,27.171050626341543,269.5854796754273,30.0,1.8582053412697552
2023-07-21T00:00:00Z,27.1,0.0,0.0,3.6,12.2,256.0,201.3,164.2,27.171050626341543,269.5854796754273,35.0,1.799666258263438
2023-07-21T00:00:00Z,27.1,0.0,0.0,3.6,12.2,256.0,201.3,164.2,27.171050626341543,269.5854796754273,40.0,1.7330156204137643
2023-07-21T00:00:00Z,27.1,0.0,0.0,3.6,12.2,256.0,201.3,164.2,27.171050626341543,269.5854796754273,45.0,1.6587081938564407
2023-07-21T00:00:00Z,27.1,0.0,0.0,3.6,12.2,256.0,201.3,164.2,27.171050626341543,269.5854796754273,50.0,1.5772551020725942
2023-07-21T00:00:00Z,27.1,0.0,0.0,3.6,12.2,256.0,201.3,164.2,27.171050626341543,269.5854796754273,55.0,1.4892215749984608
2023-07-21T00:00:00Z,27.1,0.0,0.0,3.6,12.2,256.0,201.3,164.2,27.171050626341543,269.5854796754273,60.0,1.395224297663313
2023-07-21T01:00:00Z,26.3,0.0,0.0,7.2,15.1,197.0,262.7,116.8,17.790186374450055,280.9129492314168,30.0,1.174565496927264
2023-07-21T01:00:00Z,26.3,0.0,0.0,7.2,15.1,197.0,262.7,116.8,17.790186374450055,280.9129492314168,35.0,1.0884789605329146
2023-07-21T01:00:00Z,26.3,0.0,0.0,7.2,15.1,197.0,262.7,116.8,17.790186374450055,280.9129492314168,40.0,0.9977032963665065
2023-07-21T01:00:00Z,26.3,0.0,0.0,7.2,15.1,197.0,262.7,116.8,17.790186374450055,280.9129492314168,45.0,0.9028947501419569
2023-07-21T01:00:00Z,26.3,0.0,0.0,7.2,15.1,197.0,262.7,116.8,17.790186374450055,280.9129492314168,50.0,0.8047449287434125
2023-07-21T01:00:00Z,26.3,0.0,0.0,7.2,15.1,197.0,262.7,116.8,17.790186374450055,280.9129492314168,55.0,0.7039764507847329
2023-07-21T01:00:00Z,26.3,0.0,0.0,7.2,15.1,197.0,262.7,116.8,17.790186374450055,280.9129492314168,60.0,0.6106837754970076
2023-07-21T02:00:00Z,25.4,64.0,0.0,8.3,15.1,89.0,168.1,63.4,8.753090364735677,291.96818434377724,30.0,0.3870077255961264
2023-07-21T02:00:00Z,25.4,64.0,0.0,8.3,15.1,89.0,168.1,63.4,8.753090364735677,291.96818434377724,35.0,0.37968145831057837
2023-07-21T02:00:00Z,25.4,64.0,0.0,8.3,15.1,89.0,168.1,63.4,8.753090364735677,291.96818434377724,40.0,0.3713788905649696
2023-07-21T02:00:00Z,25.4,64.0,0.0,8.3,15.1,89.0,168.1,63.4,8.753090364735677,291.96818434377724,45.0,0.3621625259733281
2023-07-21T02:00:00Z,25.4,64.0,0.0,8.3,15.1,89.0,168.1,63.4,8.753090364735677,291.96818434377724,50.0,0.35210180115360057
2023-07-21T02:00:00Z,25.4,64.0,0.0,8.3,15.1,89.0,168.1,63.4,8.753090364735677,291.96818434377724,55.0,0.3412725786881578
2023-07-21T02:00:00Z,25.4,64.0,0.0,8.3,15.1,89.0,168.1,63.4,8.753090364735677,291.96818434377724,60.0,0.32975659118745143
2023-07-21T03:00:00Z,24.3,1.0,0.0,8.3,11.2,13.0,10.7,12.4,0.40252638850976635,303.3032986104603,30.0,0.042833523806470035
2023-07-21T03:00:00Z,24.3,1.0,0.0,8.3,11.2,13.0,10.7,12.4,0.40252638850976635,303.3032986104603,35.0,0.040914297624381084
2023-07-21T03:00:00Z,24.3,1.0,0.0,8.3,11.2,13.0,10.7,12.4,0.40252638850976635,303.3032986104603,40.0,0.038739683937616926
2023-07-21T03:00:00Z,24.3,1.0,0.0,8.3,11.2,13.0,10.7,12.4,0.40252638850976635,303.3032986104603,45.0,0.03632618702794981
2023-07-21T03:00:00Z,24.3,1.0,0.0,8.3,11.2,13.0,10.7,12.4,0.40252638850976635,303.3032986104603,50.0,0.033692127784291495
2023-07-21T03:00:00Z,24.3,1.0,0.0,8.3,11.2,13.0,10.7,12.4,0.40252638850976635,303.3032986104603,55.0,0.030857505705882173
2023-07-21T03:00:00Z,24.3,1.0,0.0,8.3,11.2,13.0,10.7,12.4,0.40252638850976635,303.3032986104603,60.0,0.027843848130391837
2023-07-21T04:00:00Z,21.5,9.0,0.0,11.2,6.5,0.0,0.0,0.0,-6.894221189090178,315.3284047881002,30.0,0.0
2023-07-21T04:00:00Z,21.5,9.0,0.0,11.2,6.5,0.0,0.0,0.0,-6.894221189090178,315.3284047881002,35.0,0.0
2023-07-21T04:00:00Z,21.5,9.0,0.0,11.2,6.5,0.0,0.0,0.0,-6.894221189090178,315.3284047881002,40.0,0.0
2023-07-21T04:00:00Z,21.5,9.0,0.0,11.2,6.5,0.0,0.0,0.0,-6.894221189090178,315.3284047881002,45.0,0.0
2023-07-21T04:00:00Z,21.5,9.0,0.0,11.2,6.5,0.0,0.0,0.0,-6.894221189090178,315.3284047881002,50.0,0.0
2023-07-21T04:00:00Z,21.5,9.0,0.0,11.2,6.5,0.0,0.0,0.0,-6.894221189090178,315.3284047881002,55.0,0.0
2023-07-21T04:00:00Z,21.5,9.0,0.0,11.2,6.5,0.0,0.0,0.0,-6.894221189090178,315.3284047881002,60.0,0.0
2023-07-21T05:00:00Z,19.4,0.0,0.0,6.5,4.0,0.0,0.0,0.0,-12.729962378214495,328.2978302329608,30.0,0.0
2023-07-21T05:00:00Z,19.4,0.0,0.0,6.5,4.0,0.0,0.0,0.0,-12.729962378214495,328.2978302329608,35.0,0.0
2023-07-21T05:00:00Z,19.4,0.0,0.0,6.5,4.0,0.0,0.0,0.0,-12.729962378214495,328.2978302329608,40.0,0.0
2023-07-21T05:00:00Z,19.4,0.0,0.0,6.5,4.0,0.0,0.0,0.0,-12.729962378214495,328.2978302329608,45.0,0.0
2023-07-21T05:00:00Z,19.4,0.0,0.0,6.5,4.0,0.0,0.0,0.0,-12.729962378214495,328.2978302329608,50.0,0.0
2023-07-21T05:00:00Z,19.4,0.0,0.0,6.5,4.0,0.0,0.0,0.0,-12.729962378214495,328.2978302329608,55.0,0.0
2023-07-21T05:00:00Z,19.4,0.0,0.0,6.5,4.0,0.0,0.0,0.0,-12.729962378214495,328.2978302329608,60.0,0.0
2023-07-21T06:00:00Z,18.0,0.0,0.0,4.0,0.4,0.0,0.0,0.0,-16.684528281590442,342.23514803072055,30.0,0.0
2023-07-21T06:00:00Z,18.0,0.0,0.0,4.0,0.4,0.0,0.0,0.0,-16.684528281590442,342.23514803072055,35.0,0.0
2023-07-21T06:00:00Z,18.0,0.0,0.0,4.0,0.4,0.0,0.0,0.0,-16.684528281590442,342.23514803072055,40.0,0.0
2023-07-21T06:00:00Z,18.0,0.0,0.0,4.0,0.4,0.0,0.0,0.0,-16.684528281590442,342.23514803072055,45.0,0.0
2023-07-21T06:00:00Z,18.0,0.0,0.0,4.0,0.4,0.0,0.0,0.0,-16.684528281590442,342.23514803072055,50.0,0.0
2023-07-21T06:00:00Z,18.0,0.0,0.0,4.0,0.4,0.0,0.0,0.0,-16.684528281590442,342.23514803072055,55.0,0.0
2023-07-21T06:00:00Z,18.0,0.0,0.0,4.0,0.4,0.0,0.0,0.0,-16.684528281590442,342.23514803072055,60.0,0.0
2023-07-21T07:00:00Z,16.9,0.0,0.0,0.4,0.7,0.0,0.0,0.0,-18.404817432263382,356.8580375461513,30.0,0.0
2023-07-21T07:00:00Z,16.9,0.0,0.0,0.4,0.7,0.0,0.0,0.0,-18.404817432263382,356.8580375461513,35.0,0.0
2023-07-21T07:00:00Z,16.9,0.0,0.0,0.4,0.7,0.0,0.0,0.0,-18.404817432263382,356.8580375461513,40.0,0.0
2023-07-21T07:00:00Z,16.9,0.0,0.0,0.4,0.7,0.0,0.0,0.0,-18.404817432263382,356.8580375461513,45.0,0.0
2023-07-21T07:00:00Z,16.9,0.0,0.0,0.4,0.7,0.0,0.0,0.0,-18.404817432263382,356.8580375461513,50.0,0.0
2023-07-21T07:00:00Z,16.9,0.0,0.0,0.4,0.7,0.0,0.0,0.0,-18.404817432263382,356.8580375461513,55.0,0.0
2023-07-21T07:00:00Z,16.9,0.0,0.0,0.4,0.7,0.0,0.0,0.0,-18.404817432263382,356.8580375461513,60.0,0.0
2023-07-21T08:00:00Z,16.2,0.0,0.0,0.7,0.4,0.0,0.0,0.0,-17.71542562718587,11.617144982066293,30.0,0.0
2023-07-21T08:00:00Z,16.2,0.0,0.0,0.7,0.4,0.0,0.0,0.0,-17.71542562718587,11.617144982066293,35.0,0.0
2023-07-21T08:00:00Z,16.2,0.0,0.0,0.7,0.4,0.0,0.0,0.0,-17.71542562718587,11.617144982066293,40.0,0.0
2023-07-21T08:00:00Z,16.2,0.0,0.0,0.7,0.4,0.0,0.0,0.0,-17.71542562718587,11.617144982066293,45.0,0.0
2023-07-21T08:00:00Z,16.2,0.0,0.0,0.7,0.4,0.0,0.0,0.0,-17.71542562718587,11.617144982066293,50.0,0.0
2023-07-21T08:00:00Z,16.2,0.0,0.0,0.7,0.4,0.0,0.0,0.0,-17.71542562718587,11.617144982066293,55.0,0.0
2023-07-21T08:00:00Z,16.2,0.0,0.0,0.7,0.4,0.0,0.0,0.0,-17.71542562718587,11.617144982066293,60.0,0.0
2023-07-21T09:00:00Z,15.6,0.0,0.0,0.4,0.7,0.0,0.0,0.0,-14.688640923567878,25.905173707925826,30.0,0.0
2023-07-21T09:00:00Z,15.6,0.0,0.0,0.4,0.7,0.0,0.0,0.0,-14.688640923567878,25.905173707925826,35.0,0.0
2023-07-21T09:00:00Z,15.6,0.0,0.0,0.4,0.7,0.0,0.0,0.0,-14.688640923567878,25.905173707925826,40.0,0.0
2023-07-21T09:00:00Z,15.6,0.0,0.0,0.4,0.7,0.0,0.0,0.0,-14.688640923567878,25.905173707925826,45.0,0.0
2023-07-21T09:00:00Z,15.6,0.0,0.0,0.4,0.7,0.0,0.0,0.0,-14.688640923567878,25.905173707925826,50.0,0.0
2023-07-21T09:00:00Z,15.6,0.0,0.0,0.4,0.7,0.0,0.0,0.0,-14.688640923567878,25.905173707925826,55.0,0.0
2023-07-21T09:00:00Z,15.6,0.0,0.0,0.4,0.7,0.0,0.0,0.0,-14.688640923567878,25.905173707925826,60.0,0.0
2023-07-21T10:00:00Z,15.1,0.0,0.0,0.7,1.4,0.0,0.0,0.0,-9.614468920237169,39.30977388440874,30.0,0.0
2023-07-21T10:00:00Z,15.1,0.0,0.0,0.7,1.4,0.0,0.0,0.0,-9.614468920237169,39.30977388440874,35.0,0.0
2023-07-21T10:00:00Z,15.1,0.0,0.0,0.7,1.4,0.0,0.0,0.0,-9.614468920237169,39.30977388440874,40.0,0.0
2023-07-21T10:00:00Z,15.1,0.0,0.0,0.7,1.4,0.0,0.0,0.0,-9.614468920237169,39.30977388440874,45.0,0.0
2023-07-21T10:00:00Z,15.1,0.0,0.0,0.7,1.4,0.0,0.0,0.0,-9.614468920237169,39.30977388440874,50.0,0.0
2023-07-21T10:00:00Z,15.1,0.0,0.0,0.7,1.4,0.0,0.0,0.0,-9.614468920237169,39.30977388440874,55.0,0.0
2023-07-21T10:00:00Z,15.1,0.0,0.0,0.7,1.4,0.0,0.0,0.0,-9.614468920237169,39.30977388440874,60.0,0.0
2023-07-21T11:00:00Z,14.5,0.0,0.0,1.4,5.0,2.0,0.0,2.0,-2.897233568226607,51.72858034419437,30.0,0.0
2023-07-21T11:00:00Z,14.5,0.0,0.0,1.4,5.0,2.0,0.0,2.0,-2.897233568226607,51.72858034419437,35.0,0.0
2023-07-21T11:00:00Z,14.5,0.0,0.0,1.4,5.0,2.0,0.0,2.0,-2.897233568226607,51.72858034419437,40.0,0.0
2023-07-21T11:00:00Z,14.5,0.0,0.0,1.4,5.0,2.0,0.0,2.0,-2.897233568226607,51.72858034419437,45.0,0.0
2023-07-21T11:00:00Z,14.5,0.0,0.0,1.4,5.0,2.0,0.0,2.0,-2.897233568226607,51.72858034419437,50.0,0.0
2023-07-21T11:00:00Z,14.5,0.0,0.0,1.4,5.0,2.0,0.0,2.0,-2.897233568226607,51.72858034419437,55.0,0.0
2023-07-21T11:00:00Z,14.5,0.0,0.0,1.4,5.0,2.0,0.0,2.0,-2.897233568226607,51.72858034419437,60.0,0.0
2023-07-21T12:00:00Z,12.3,0.0,0.0,5.0,5.8,55.0,159.3,40.0,5.043526356912352,63.32853847329926,30.0,0.23916638143310368
2023-07-21T12:00:00Z,12.3,0.0,0.0,5.0,5.8,55.0,159.3,40.0,5.043526356912352,63.32853847329926,35.0,0.23420798224312994
2023-07-21T12:00:00Z,12.3,0.0,0.0,5.0,5.8,55.0,159.3,40.0,5.043526356912352,63.32853847329926,40.0,0.22858927631564865
2023-07-21T12:00:00Z,12.3,0.0,0.0,5.0,5.8,55.0,159.3,40.0,5.043526356912352,63.32853847329926,45.0,0.22235272540428
2023-07-21T12:00:00Z,12.3,0.0,0.0,5.0,5.8,55.0,159.3,40.0,5.043526356912352,63.32853847329926,50.0,0.21554548400305593
2023-07-21T12:00:00Z,12.3,0.0,0.0,5.0,5.8,55.0,159.3,40.0,5.043526356912352,63.32853847329926,55.0,0.2082190498678749
2023-07-21T12:00:00Z,12.3,0.0,0.0,5.0,5.8,55.0,159.3,40.0,5.043526356912352,63.32853847329926,60.0,0.20042888148565274
2023-07-21T13:00:00Z,14.7,0.0,0.0,5.8,5.4,192.0,394.5,97.7,13.8224757121096,74.45953231071678,30.0,0.8617439953157423
2023-07-21T13:00:00Z,14.7,0.0,0.0,5.8,5.4,192.0,394.5,97.7,13.8224757121096,74.45953231071678,35.0,0.7218305057525365
2023-07-21T13:00:00Z,14.7,0.0,0.0,5.8,5.4,192.0,394.5,97.7,13.8224757121096,74.45953231071678,40.0,0.578974269610266
2023-07-21T13:00:00Z,14.7,0.0,0.0,5.8,5.4,192.0,394.5,97.7,13.8224757121096,74.45953231071678,45.0,0.5011458393045738
2023-07-21T13:00:00Z,14.7,0.0,0.0,5.8,5.4,192.0,394.5,97.7,13.8224757121096,74.45953231071678,50.0,0.49279279829452405
2023-07-21T13:00:00Z,14.7,0.0,0.0,5.8,5.4,192.0,394.5,97.7,13.8224757121096,74.45953231071678,55.0,0.4838022254847647
2023-07-21T13:00:00Z,14.7,0.0,0.0,5.8,5.4,192.0,394.5,97.7,13.8224757121096,74.45953231071678,60.0,0.47424208497788234
2023-07-21T14:00:00Z,16.6,0.0,0.0,5.0,4.3,355.0,569.3,131.8,23.089291091487826,85.6106802795573,30.0,2.3935540095161474
2023-07-21T14:00:00Z,16.6,0.0,0.0,5.0,4.3,355.0,569.3,131.8,23.089291091487826,85.6106802795573,35.0,2.2566188835277114
2023-07-21T14:00:00Z,16.6,0.0,0.0,5.0,4.3,355.0,569.3,131.8,23.089291091487826,85.6106802795573,40.0,2.106545560847906
2023-07-21T14:00:00Z,16.6,0.0,0.0,5.0,4.3,355.0,569.3,131.8,23.089291091487826,85.6106802795573,45.0,1.9443053318858585
2023-07-21T14:00:00Z,16.6,0.0,0.0,5.0,4.3,355.0,569.3,131.8,23.089291091487826,85.6106802795573,50.0,1.7709668566644627
2023-07-21T14:00:00Z,16.6,0.0,0.0,5.0,4.3,355.0,569.3,131.8,23.089291091487826,85.6106802795573,55.0,1.5876930383024928
2023-07-21T14:00:00Z,16.6,0.0,0.0,5.0,4.3,355.0,569.3,131.8,23.089291091487826,85.6106802795573,60.0,1.395736905974275
2023-07-21T15:00:00Z,18.6,0.0,0.0,2.2,1.1,516.0,680.7,150.7,32.49421163338361,97.43968458879738,30.0,4.019042052298163
2023-07-21T15:00:00Z,18.6,0.0,0.0,2.2,1.1,516.0,680.7,150.7,32.49421163338361,97.43968458879738,35.0,3.917496758193183
2023-07-21T15:00:00Z,18.6,0.0,0.0,2.2,1.1,516.0,680.7,150.7,32.49421163338361,97.43968458879738,40.0,3.792285681607869
2023-07-21T15:00:00Z,18.6,0.0,0.0,2.2,1.1,516.0,680.7,150.7,32.49421163338361,97.43968458879738,45.0,3.644044887526202
2023-07-21T15:00:00Z,18.6,0.0,0.0,2.2,1.1,516.0,680.7,150.7,32.49421163338361,97.43968458879738,50.0,3.4735454931085847
2023-07-21T15:00:00Z,18.6,0.0,0.0,2.2,1.1,516.0,680.7,150.7,32.49421163338361,97.43968458879738,55.0,3.281698307244237
2023-07-21T15:00:00Z,18.6,0.0,0.0,2.2,1.1,516.0,680.7,150.7,32.49421163338361,97.43968458879738,60.0,3.069558318748408
2023-07-21T16:00:00Z,20.8,0.0,0.0,0.4,3.2,661.0,745.2,166.8,41.618601443481154,110.87983171764239,30.0,5.432947736083945
2023-07-21T16:00:00Z,20.8,0.0,0.0,0.4,3.2,661.0,745.2,166.8,41.618601443481154,110.87983171764239,35.0,5.370914313012642
2023-07-21T16:00:00Z,20.8,0.0,0.0,0.4,3.2,661.0,745.2,166.8,41.618601443481154,110.87983171764239,40.0,5.2768229011243735
2023-07-21T16:00:00Z,20.8,0.0,0.0,0.4,3.2,661.0,745.2,166.8,41.618601443481154,110.87983171764239,45.0,5.151005765990802
2023-07-21T16:00:00Z,20.8,0.0,0.0,0.4,3.2,661.0,745.2,166.8,41.618601443481154,110.87983171764239,50.0,4.993922232732931
2023-07-21T16:00:00Z,20.8,0.0,0.0,0.4,3.2,661.0,745.2,166.8,41.618601443481154,110.87983171764239,55.0,4.806169586890309
2023-07-21T16:00:00Z,20.8,0.0,0.0,0.4,3.2,661.0,745.2,166.8,41.618601443481154,110.87983171764239,60.0,4.588495860847794
2023-07-21T17:00:00Z,23.2,0.0,0.0,1.8,5.4,769.0,759.6,189.3,49.85076307877363,127.28400102609032,30.0,6.441210155422064
2023-07-21T17:00:00Z,23.2,0.0,0.0,1.8,5.4,769.0,759.6,189.3,49.85076307877363,127.28400102609032,35.0,6.410056753712556
2023-07-21T17:00:00Z,23.2,0.0,0.0,1.8,5.4,769.0,759.6,189.3,49.85076307877363,127.28400102609032,40.0,6.341402047214122
2023-07-21T17:00:00Z,23.2,0.0,0.0,1.8,5.4,769.0,759.6,189.3,49.85076307877363,127.28400102609032,45.0,6.235411383315556
2023-07-21T17:00:00Z,23.2,0.0,0.0,1.8,5.4,769.0,759.6,189.3,49.85076307877363,127.28400102609032,50.0,6.092351252797572
2023-07-21T17:00:00Z,23.2,0.0,0.0,1.8,5.4,769.0,759.6,189.3,49.85076307877363,127.28400102609032,55.0,5.91260268618888
2023-07-21T17:00:00Z,23.2,0.0,0.0,1.8,5.4,769.0,759.6,189.3,49.85076307877363,127.28400102609032,60.0,5.696678608331761
2023-07-21T18:00:00Z,25.4,0.0,0.0,4.0,8.3,842.0,761.1,210.7,56.19865631280797,148.27201893386194,30.0,7.086390284340348
2023-07-21T18:00:00Z,25.4,0.0,0.0,4.0,8.3,842.0,761.1,210.7,56.19865631280797,148.27201893386194,35.0,7.074154813169596
2023-07-21T18:00:00Z,25.4,0.0,0.0,4.0,8.3,842.0,761.1,210.7,56.19865631280797,148.27201893386194,40.0,7.0210994570138405
2023-07-21T18:00:00Z,25.4,0.0,0.0,4.0,8.3,842.0,761.1,210.7,56.19865631280797,148.27201893386194,45.0,6.927317016894275
2023-07-21T18:00:00Z,25.4,0.0,0.0,4.0,8.3,842.0,761.1,210.7,56.19865631280797,148.27201893386194,50.0,6.792980305776558
2023-07-21T18:00:00Z,25.4,0.0,0.0,4.0,8.3,842.0,761.1,210.7,56.19865631280797,148.27201893386194,55.0,6.618356170114186
2023-07-21T18:00:00Z,25.4,0.0,0.0,4.0,8.3,842.0,761.1,210.7,56.19865631280797,148.27201893386194,60.0,6.403824922239821
2023-07-21T19:00:00Z,27.7,3.0,0.0,4.3,12.6,842.0,704.4,237.7,59.25268430025494,174.1464192686327,30.0,7.048071554578067
2023-07-21T19:00:00Z,27.7,3.0,0.0,4.3,12.6,842.0,704.4,237.7,59.25268430025494,174.1464192686327,35.0,7.041085454286861
2023-07-21T19:00:00Z,27.7,3.0,0.0,4.3,12.6,842.0,704.4,237.7,59.25268430025494,174.1464192686327,40.0,6.994030240774277
2023-07-21T19:00:00Z,27.7,3.0,0.0,4.3,12.6,842.0,704.4,237.7,59.25268430025494,174.1464192686327,45.0,6.9069890226257185
2023-07-21T19:00:00Z,27.7,3.0,0.0,4.3,12.6,842.0,704.4,237.7,59.25268430025494,174.1464192686327,50.0,6.780123088464768
2023-07-21T19:00:00Z,27.7,3.0,0.0,4.3,12.6,842.0,704.4,237.7,59.25268430025494,174.1464192686327,55.0,6.6136849035727225
2023-07-21T19:00:00Z,27.7,3.0,0.0,4.3,12.6,842.0,704.4,237.7,59.25268430025494,174.1464192686327,60.0,6.408036464252866
2023-07-21T20:00:00Z,29.0,18.0,0.0,7.6,11.5,619.0,345.9,326.3,57.97249785217859,201.2089240090214,30.0,5.081775018705058
2023-07-21T20:00:00Z,29.0,18.0,0.0,7.6,11.5,619.0,345.9,326.3,57.97249785217859,201.2089240090214,35.0,5.052080332511736
2023-07-21T20:00:00Z,29.0,18.0,0.0,7.6,11.5,619.0,345.9,326.3,57.97249785217859,201.2089240090214,40.0,4.99649470561307
2023-07-21T20:00:00Z,29.0,18.0,0.0,7.6,11.5,619.0,345.9,326.3,57.97249785217859,201.2089240090214,45.0,4.915271869825311
2023-07-21T20:00:00Z,29.0,18.0,0.0,7.6,11.5,619.0,345.9,326.3,57.97249785217859,201.2089240090214,50.0,4.808787978480358
2023-07-21T20:00:00Z,29.0,18.0,0.0,7.6,11.5,619.0,345.9,326.3,57.97249785217859,201.2089240090214,55.0,4.677545802399181
2023-07-21T20:00:00Z,29.0,18.0,0.0,7.6,11.5,619.0,345.9,326.3,57.97249785217859,201.2089240090214,60.0,4.522179892810057
2023-07-21T21:00:00Z,29.2,28.0,0.0,6.8,13.3,606.0,398.9,288.7,52.829683667435894,224.41013057784633,30.0,4.969851046964071
2023-07-21T21:00:00Z,29.2,28.0,0.0,6.8,13.3,606.0,398.9,288.7,52.829683667435894,224.41013057784633,35.0,4.936747069553929
2023-07-21T21:00:00Z,29.2,28.0,0.0,6.8,13.3,606.0,398.9,288.7,52.829683667435894,224.41013057784633,40.0,4.87739643587989
2023-07-21T21:00:00Z,29.2,28.0,0.0,6.8,13.3,606.0,398.9,288.7,52.829683667435894,224.41013057784633,45.0,4.792066200284256
2023-07-21T21:00:00Z,29.2,28.0,0.0,6.8,13.3,606.0,398.9,288.7,52.829683667435894,224.41013057784633,50.0,4.681146369746676
2023-07-21T21:00:00Z,29.2,28.0,0.0,6.8,13.3,606.0,398.9,288.7,52.829683667435894,224.41013057784633,55.0,4.545154498769669
2023-07-21T21:00:00Z,29.2,28.0,0.0,6.8,13.3,606.0,398.9,288.7,52.829683667435894,224.41013057784633,60.0,4.384741290814951
2023-07-21T22:00:00Z,29.0,0.0,0.0,7.6,9.4,702.0,737.8,179.0,45.23816667120309,242.56377061501152,30.0,5.733736366440607
2023-07-21T22:00:00Z,29.0,0.0,0.0,7.6,9.4,702.0,737.8,179.0,45.23816667120309,242.56377061501152,35.0,5.68721390132101
2023-07-21T22:00:00Z,29.0,0.0,0.0,7.6,9.4,702.0,737.8,179.0,45.23816667120309,242.56377061501152,40.0,5.6068195070683196
2023-07-21T22:00:00Z,29.0,0.0,0.0,7.6,9.4,702.0,737.8,179.0,45.23816667120309,242.56377061501152,45.0,5.492830931564799
2023-07-21T22:00:00Z,29.0,0.0,0.0,7.6,9.4,702.0,737.8,179.0,45.23816667120309,242.56377061501152,50.0,5.345653533499945
2023-07-21T22:00:00Z,29.0,0.0,0.0,7.6,9.4,702.0,737.8,179.0,45.23816667120309,242.56377061501152,55.0,5.165830501245206
2023-07-21T22:00:00Z,29.0,0.0,0.0,7.6,9.4,702.0,737.8,179.0,45.23816667120309,242.56377061501152,60.0,4.954055366560403
2023-07-21T23:00:00Z,29.8,35.0,0.0,5.8,5.4,509.0,554.5,180.5,36.39079921998027,257.060081615056,30.0,3.9578483539918
2023-07-21T23:00:00Z,29.8,35.0,0.0,5.8,5.4,509.0,554.5,180.5,36.39079921998027,257.060081615056,35.0,3.885369009010467
2023-07-21T23:00:00Z,29.8,35.0,0.0,5.8,5.4,509.0,554.5,180.5,36.39079921998027,257.060081615056,40.0,3.7903258775656608
2023-07-21T23:00:00Z,29.8,35.0,0.0,5.8,5.4,509.0,554.5,180.5,36.39079921998027,257.060081615056,45.0,3.673204068065155
2023-07-21T23:00:00Z,29.8,35.0,0.0,5.8,5.4,509.0,554.5,180.5,36.39079921998027,257.060081615056,50.0,3.534612771605162
2023-07-21T23:00:00Z,29.8,35.0,0.0,5.8,5.4,509.0,554.5,180.5,36.39079921998027,257.060081615056,55.0,3.3752889261125323
2023-07-21T23:00:00Z,29.8,35.0,0.0,5.8,5.4,509.0,554.5,180.5,36.39079921998027,257.060081615056,60.0,3.196100980935542
2023-10-15T00:00:00Z,12.8,0.0,0.0,7.6,6.8,23.0,38.5,20.3,1.5832798436860613,254.62414889873799,30.0,0.18976056787052528
2023-10-15T00:00:00Z,12.8,0.0,0.0,7.6,6.8,23.0,38.5,20.3,1.5832798436860613,254.62414889873799,35.0,0.1960679612995164
2023-10-15T00:00:00Z,12.8,0.0,0.0,7.6,6.8,23.0,38.5,20.3,1.5832798436860613,254.62414889873799,40.0,0.20127497797306093
2023-10-15T00:00:00Z,12.8,0.0,0.0,7.6,6.8,23.0,38.5,20.3,1.5832798436860613,254.62414889873799,45.0,0.20534246116249605
2023-10-15T00:00:00Z,12.8,0.0,0.0,7.6,6.8,23.0,38.5,20.3,1.5832798436860613,254.62414889873799,50.0,0.20823983506537125
2023-10-15T00:00:00Z,12.8,0.0,0.0,7.6,6.8,23.0,38.5,20.3,1.5832798436860613,254.62414889873799,55.0,0.2099453259729685
2023-10-15T00:00:00Z,12.8,0.0,0.0,7.6,6.8,23.0,38.5,20.3,1.5832798436860613,254.62414889873799,60.0,0.21044611957786435
2023-10-15T01:00:00Z,11.0,0.0,0.0,6.8,5.4,0.0,0.0,0.0,-7.714019999021779,266.2232130930765,30.0,0.0
2023-10-15T01:00:00Z,11.0,0.0,0.0,6.8,5.4,0.0,0.0,0.0,-7.714019999021779,266.2232130930765,35.0,0.0
2023-10-15T01:00:00Z,11.0,0.0,0.0,6.8,5.4,0.0,0.0,0.0,-7.714019999021779,266.2232130930765,40.0,0.0
2023-10-15T01:00:00Z,11.0,0.0,0.0,6.8,5.4,0.0,0.0,0.0,-7.714019999021779,266.2232130930765,45.0,0.0
2023-10-15T01:00:00Z,11.0,0.0,0.0,6.8,5.4,0.0,0.0,0.0,-7.714019999021779,266.2232130930765,50.0,0.0
2023-10-15T01:00:00Z,11.0,0.0,0.0,6.8,5.4,0.0,0.0,0.0,-7.714019999021779,266.2232130930765,55.0,0.0
2023-10-15T01:00:00Z,11.0,0.0,0.0,6.8,5.4,0.0,0.0,0.0,-7.714019999021779,266.2232130930765,60.0,0.0
2023-10-15T02:00:00Z,8.8,0.0,0.0,5.4,2.2,0.0,0.0,0.0,-17.135465727163194,277.98220609968376,30.0,0.0
2023-10-15T02:00:00Z,8.8,0.0,0.0,5.4,2.2,0.0,0.0,0.0,-17.135465727163194,277.98220609968376,35.0,0.0
2023-10-15T02:00:00Z,8.8,0.0,0.0,5.4,2.2,0.0,0.0,0.0,-17.135465727163194,277.98220609968376,40.0,0.0
2023-10-15T02:00:00Z,8.8,0.0,0.0,5.4,2.2,0.0,0.0,0.0,-17.135465727163194,277.98220609968376,45.0,0.0
2023-10-15T02:00:00Z,8.8,0.0,0.0,5.4,2.2,0.0,0.0,0.0,-17.135465727163194,277.98220609968376,50.0,0.0
2023-10-15T02:00:00Z,8.8,0.0,0.0,5.4,2.2,0.0,0.0,0.0,-17.135465727163194,277.98220609968376,55.0,0.0
2023-10-15T02:00:00Z,8.8,0.0,0.0,5.4,2.2,0.0,0.0,0.0,-17.135465727163194,277.98220609968376,60.0,0.0
2023-10-15T03:00:00Z,7.3,0.0,0.0,2.2,2.9,0.0,0.0,0.0,-26.273727310882723,290.5916278546148,30.0,0.0
2023-10-15T03:00:00Z,7.3,0.0,0.0,2.2,2.9,0.0,0.0,0.0,-26.273727310882723,290.5916278546148,35.0,0.0
2023-10-15T03:00:00Z,7.3,0.0,0.0,2.2,2.9,0.0,0.0,0.0,-26.273727310882723,290.5916278546148,40.0,0.0
2023-10-15T03:00:00Z,7.3,0.0,0.0,2.2,2.9,0.0,0.0,0.0,-26.273727310882723,290.5916278546148,45.0,0.0
2023-10-15T03:00:00Z,7.3,0.0,0.0,2.2,2.9,0.0,0.0,0.0,-26.273727310882723,290.5916278546148,50.0,0.0
2023-10-15T03:00:00Z,7.3,0.0,0.0,2.2,2.9,0.0,0.0,0.0,-26.273727310882723,290.5916278546148,55.0,0.0
2023-10-15T03:00:00Z,7.3,0.0,0.0,2.2,2.9,0.0,0.0,0.0,-26.273727310882723,290.5916278546148,60.0,0.0
2023-10-15T04:00:00Z,6.5,0.0,0.0,2.9,9.0,0.0,0.0,0.0,-34.6274677229165,304.8552442444648,30.0,0.0
2023-10-15T04:00:00Z,6.5,0.0,0.0,2.9,9.0,0.0,0.0,0.0,-34.6274677229165,304.8552442444648,35.0,0.0
2023-10-15T04:00:00Z,6.5,0.0,0.0,2.9,9.0,0.0,0.0,0.0,-34.6274677229165,304.8552442444648,40.0,0.0
2023-10-15T04:00:00Z,6.5,0.0,0.0,2.9,9.0,0.0,0.0,0.0,-34.6274677229165,304.8552442444648,45.0,0.0
2023-10-15T04:00:00Z,6.5,0.0,0.0,2.9,9.0,0.0,0.0,0.0,-34.6274677229165,304.8552442444648,50.0,0.0
2023-10-15T04:00:00Z,6.5,0.0,0.0,2.9,9.0,0.0,0.0,0.0,-34.6274677229165,304.8552442444648,55.0,0.0
2023-10-15T04:00:00Z,6.5,0.0,0.0,2.9,9.0,0.0,0.0,0.0,-34.6274677229165,304.8552442444648,60.0,0.0
2023-10-15T05:00:00Z,5.3,0.0,0.0,9.0,7.6,0.0,0.0,0.0,-41.515533092401576,321.6031940311912,30.0,0.0
2023-10-15T05:00:00Z,5.3,0.0,0.0,9.0,7.6,0.0,0.0,0.0,-41.515533092401576,321.6031940311912,35.0,0.0
2023-10-15T05:00:00Z,5.3,0.0,0.0,9.0,7.6,0.0,0.0,0.0,-41.515533092401576,321.6031940311912,40.0,0.0
2023-10-15T05:00:00Z,5.3,0.0,0.0,9.0,7.6,0.0,0.0,0.0,-41.515533092401576,321.6031940311912,45.0,0.0
2023-10-15T05:00:00Z,5.3,0.0,0.0,9.0,7.6,0.0,0.0,0.0,-41.515533092401576,321.6031940311912,50.0,0.0
2023-10-15T05:00:00Z,5.3,0.0,0.0,9.0,7.6,0.0,0.0,0.0,-41.515533092401576,321.6031940311912,55.0,0.0
2023-10-15T05:00:00Z,5.3,0.0,0.0,9.0,7.6,0.0,0.0,0.0,-41.515533092401576,321.6031940311912,60.0,0.0
2023-10-15T06:00:00Z,5.4,0.0,0.0,7.6,8.6,0.0,0.0,0.0,-46.05318161489147,341.2381791102483,30.0,0.0
2023-10-15T06:00:00Z,5.4,0.0,0.0,7.6,8.6,0.0,0.0,0.0,-46.05318161489147,341.2381791102483,35.0,0.0
2023-10-15T06:00:00Z,5.4,0.0,0.0,7.6,8.6,0.0,0.0,0.0,-46.05318161489147,341.2381791102483,40.0,0.0
2023-10-15T06:00:00Z,5.4,0.0,0.0,7.6,8.6,0.0,0.0,0.0,-46.05318161489147,341.2381791102483,45.0,0.0
2023-10-15T06:00:00Z,5.4,0.0,0.0,7.6,8.6,0.0,0.0,0.0,-46.05318161489147,341.2381791102483,50.0,0.0
2023-10-15T06:00:00Z,5.4,0.0,0.0,7.6,8.6,0.0,0.0,0.0,-46.05318161489147,341.2381791102483,55.0,0.0
2023-10-15T06:00:00Z,5.4,0.0,0.0,7.6,8.6,0.0,0.0,0.0,-46.05318161489147,341.2381791102483,60.0,0.0
2023-10-15T07:00:00Z,4.0,10.0,0.0,8.6,7.6,0.0,0.0,0.0,-47.3785047220242,2.864491759870589,30.0,0.0
2023-10-15T07:00:00Z,4.0,10.0,0.0,8.6,7.6,0.0,0.0,0.0,-47.3785047220242,2.864491759870589,35.0,0.0
2023-10-15T07:00:00Z,4.0,10.0,0.0,8.6,7.6,0.0,0.0,0.0,-47.3785047220242,2.864491759870589,40.0,0.0
2023-10-15T07:00:00Z,4.0,10.0,0.0,8.6,7.6,0.0,0.0,0.0,-47.3785047220242,2.864491759870589,45.0,0.0
2023-10-15T07:00:00Z,4.0,10.0,0.0,8.6,7.6,0.0,0.0,0.0,-47.3785047220242,2.864491759870589,50.0,0.0
2023-10-15T07:00:00Z,4.0,10.0,0.0,8.6,7.6,0.0,0.0,0.0,-47.3785047220242,2.864491759870589,55.0,0.0
2023-10-15T07:00:00Z,4.0,10.0,0.0,8.6,7.6,0.0,0.0,0.0,-47.3785047220242,2.864491759870589,60.0,0.0
2023-10-15T08:00:00Z,4.6,24.0,0.0,7.6,7.2,0.0,0.0,0.0,-45.18092692900974,24.166284052853825,30.0,0.0
2023-10-15T08:00:00Z,4.6,24.0,0.0,7.6,7.2,0.0,0.0,0.0,-45.18092692900974,24.166284052853825,35.0,0.0
2023-10-15T08:00:00Z,4.6,24.0,0.0,7.6,7.2,0.0,0.0,0.0,-45.18092692900974,24.166284052853825,40.0,0.0
2023-10-15T08:00:00Z,4.6,24.0,0.0,7.6,7.2,0.0,0.0,0.0,-45.18092692900974,24.166284052853825,45.0,0.0
2023-10-15T08:00:00Z,4.6,24.0,0.0,7.6,7.2,0.0,0.0,0.0,-45.18092692900974,24.166284052853825,50.0,0.0
2023-10-15T08:00:00Z,4.6,24.0,0.0,7.6,7.2,0.0,0.0,0.0,-45.18092692900974,24.166284052853825,55.0,0.0
2023-10-15T08:00:00Z,4.6,24.0,0.0,7.6,7.2,0.0,0.0,0.0,-45.18092692900974,24.166284052853825,60.0,0.0
2023-10-15T09:00:00Z,5.1,21.0,0.0,7.2,6.8,0.0,0.0,0.0,-39.962608480115776,43.08918417033868,30.0,0.0
2023-10-15T09:00:00Z,5.1,21.0,0.0,7.2,6.8,0.0,0.0,0.0,-39.962608480115776,43.08918417033868,35.0,0.0
2023-10-15T09:00:00Z,5.1,21.0,0.0,7.2,6.8,0.0,0.0,0.0,-39.962608480115776,43.08918417033868,40.0,0.0
2023-10-15T09:00:00Z,5.1,21.0,0.0,7.2,6.8,0.0,0.0,0.0,-39.962608480115776,43.08918417033868,45.0,0.0
2023-10-15T09:00:00Z,5.1,21.0,0.0,7.2,6.8,0.0,0.0,0.0,-39.962608480115776,43.08918417033868,50.0,0.0
2023-10-15T09:00:00Z,5.1,21.0,0.0,7.2,6.8,0.0,0.0,0.0,-39.962608480115776,43.08918417033868,55.0,0.0
2023-10-15T09:00:00Z,5.1,21.0,0.0,7.2,6.8,0.0,0.0,0.0,-39.962608480115776,43.08918417033868,60.0,0.0
2023-10-15T10:00:00Z,4.9,1.0,0.0,6.8,7.2,0.0,0.0,0.0,-32.634951348309826,59.14352944795303,30.0,0.0
2023-10-15T10:00:00Z,4.9,1.0,0.0,6.8,7.2,0.0,0.0,0.0,-32.634951348309826,59.14352944795303,35.0,0.0
2023-10-15T10:00:00Z,4.9,1.0,0.0,6.8,7.2,0.0,0.0,0.0,-32.634951348309826,59.14352944795303,40.0,0.0
2023-10-15T10:00:00Z,4.9,1.0,0.0,6.8,7.2,0.0,0.0,0.0,-32.634951348309826,59.14352944795303,45.0,0.0
2023-10-15T10:00:00Z,4.9,1.0,0.0,6.8,7.2,0.0,0.0,0.0,-32.634951348309826,59.14352944795303,50.0,0.0
2023-10-15T10:00:00Z,4.9,1.0,0.0,6.8,7.2,0.0,0.0,0.0,-32.634951348309826,59.14352944795303,55.0,0.0
2023-10-15T10:00:00Z,4.9,1.0,0.0,6.8,7.2,0.0,0.0,0.0,-32.634951348309826,59.14352944795303,60.0,0.0
2023-10-15T11:00:00Z,4.0,0.0,0.0,7.2,4.3,0.0,0.0,0.0,-24.039405800979342,72.91397688501809,30.0,0.0
2023-10-15T11:00:00Z,4.0,0.0,0.0,7.2,4.3,0.0,0.0,0.0,-24.039405800979342,72.91397688501809,35.0,0.0
2023-10-15T11:00:00Z,4.0,0.0,0.0,7.2,4.3,0.0,0.0,0.0,-24.039405800979342,72.91397688501809,40.0,0.0
2023-10-15T11:00:00Z,4.0,0.0,0.0,7.2,4.3,0.0,0.0,0.0,-24.039405800979342,72.91397688501809,45.0,0.0
2023-10-15T11:00:00Z,4.0,0.0,0.0,7.2,4.3,0.0,0.0,0.0,-24.039405800979342,72.91397688501809,50.0,0.0
2023-10-15T11:00:00Z,4.0,0.0,0.0,7.2,4.3,0.0,0.0,0.0,-24.039405800979342,72.91397688501809,55.0,0.0
2023-10-15T11:00:00Z,4.0,0.0,0.0,7.2,4.3,0.0,0.0,0.0,-24.039405800979342,72.91397688501809,60.0,0.0
2023-10-15T12:00:00Z,4.1,0.0,0.0,4.3,6.8,0.0,0.0,0.0,-14.805377845167486,85.24711908316021,30.0,0.0
2023-10-15T12:00:00Z,4.1,0.0,0.0,4.3,6.8,0.0,0.0,0.0,-14.805377845167486,85.24711908316021,35.0,0.0
2023-10-15T12:00:00Z,4.1,0.0,0.0,4.3,6.8,0.0,0.0,0.0,-14.805377845167486,85.24711908316021,40.0,0.0
2023-10-15T12:00:00Z,4.1,0.0,0.0,4.3,6.8,0.0,0.0,0.0,-14.805377845167486,85.24711908316021,45.0,0.0
2023-10-15T12:00:00Z,4.1,0.0,0.0,4.3,6.8,0.0,0.0,0.0,-14.805377845167486,85.24711908316021,50.0,0.0
2023-10-15T12:00:00Z,4.1,0.0,0.0,4.3,6.8,0.0,0.0,0.0,-14.805377845167486,85.24711908316021,55.0,0.0
2023-10-15T12:00:00Z,4.1,0.0,0.0,4.3,6.8,0.0,0.0,0.0,-14.805377845167486,85.24711908316021,60.0,0.0
2023-10-15T13:00:00Z,4.3,2.0,0.0,6.8,7.2,0.0,0.0,0.0,-5.403226470172321,96.91800448124934,30.0,0.0
2023-10-15T13:00:00Z,4.3,2.0,0.0,6.8,7.2,0.0,0.0,0.0,-5.403226470172321,96.91800448124934,35.0,0.0
2023-10-15T13:00:00Z,4.3,2.0,0.0,6.8,7.2,0.0,0.0,0.0,-5.403226470172321,96.91800448124934,40.0,0.0
2023-10-15T13:00:00Z,4.3,2.0,0.0,6.8,7.2,0.0,0.0,0.0,-5.403226470172321,96.91800448124934,45.0,0.0
2023-10-15T13:00:00Z,4.3,2.0,0.0,6.8,7.2,0.0,0.0,0.0,-5.403226470172321,96.91800448124934,50.0,0.0
2023-10-15T13:00:00Z,4.3,2.0,0.0,6.8,7.2,0.0,0.0,0.0,-5.403226470172321,96.91800448124934,55.0,0.0
2023-10-15T13:00:00Z,4.3,2.0,0.0,6.8,7.2,0.0,0.0,0.0,-5.403226470172321,96.91800448124934,60.0,0.0
2023-10-15T14:00:00Z,3.9,3.0,0.0,7.2,7.2,41.0,106.4,31.7,3.769148539758589,108.59063643491254,30.0,0.4747011053523575
2023-10-15T14:00:00Z,3.9,3.0,0.0,7.2,7.2,41.0,106.4,31.7,3.769148539758589,108.59063643491254,35.0,0.4964161651865003
2023-10-15T14:00:00Z,3.9,3.0,0.0,7.2,7.2,41.0,106.4,31.7,3.769148539758589,108.59063643491254,40.0,0.5152227291551859
2023-10-15T14:00:00Z,3.9,3.0,0.0,7.2,7.2,41.0,106.4,31.7,3.769148539758589,108.59063643491254,45.0,0.5309820414327273
2023-10-15T14:00:00Z,3.9,3.0,0.0,7.2,7.2,41.0,106.4,31.7,3.769148539758589,108.59063643491254,50.0,0.5435779920671164
2023-10-15T14:00:00Z,3.9,3.0,0.0,7.2,7.2,41.0,106.4,31.7,3.769148539758589,108.59063643491254,55.0,0.552917884842017
2023-10-15T14:00:00Z,3.9,3.0,0.0,7.2,7.2,41.0,106.4,31.7,3.769148539758589,108.59063643491254,60.0,0.5589330469803268
2023-10-15T15:00:00Z,4.9,1.0,0.0,7.2,6.5,170.0,378.8,89.6,12.313013554487755,120.85001877751125,30.0,2.377465483407279
2023-10-15T15:00:00Z,4.9,1.0,0.0,7.2,6.5,170.0,378.8,89.6,12.313013554487755,120.85001877751125,35.0,2.4836227208344344
2023-10-15T15:00:00Z,4.9,1.0,0.0,7.2,6.5,170.0,378.8,89.6,12.313013554487755,120.85001877751125,40.0,2.574014009350902
2023-10-15T15:00:00Z,4.9,1.0,0.0,7.2,6.5,170.0,378.8,89.6,12.313013554487755,120.85001877751125,45.0,2.648075107041292
2023-10-15T15:00:00Z,4.9,1.0,0.0,7.2,6.5,170.0,378.8,89.6,12.313013554487755,120.85001877751125,50.0,2.705347833367132
2023-10-15T15:00:00Z,4.9,1.0,0.0,7.2,6.5,170.0,378.8,89.6,12.313013554487755,120.85001877751125,55.0,2.74548042870309
2023-10-15T15:00:00Z,4.9,1.0,0.0,7.2,6.5,170.0,378.8,89.6,12.313013554487755,120.85001877751125,60.0,2.7682277401789763
2023-10-15T16:00:00Z,8.0,1.0,0.0,6.5,3.2,305.0,544.4,121.6,19.774144011572336,134.2041852512885,30.0,4.150718890610796
2023-10-15T16:00:00Z,8.0,1.0,0.0,6.5,3.2,305.0,544.4,121.6,19.774144011572336,134.2041852512885,35.0,4.3241177647360525
2023-10-15T16:00:00Z,8.0,1.0,0.0,6.5,3.2,305.0,544.4,121.6,19.774144011572336,134.2041852512885,40.0,4.469495787988394
2023-10-15T16:00:00Z,8.0,1.0,0.0,6.5,3.2,305.0,544.4,121.6,19.774144011572336,134.2041852512885,45.0,4.586143222247212
2023-10-15T16:00:00Z,8.0,1.0,0.0,6.5,3.2,305.0,544.4,121.6,19.774144011572336,134.2041852512885,50.0,4.673502785355638
2023-10-15T16:00:00Z,8.0,1.0,0.0,6.5,3.2,305.0,544.4,121.6,19.774144011572336,134.2041852512885,55.0,4.731164290427616
2023-10-15T16:00:00Z,8.0,1.0,0.0,6.5,3.2,305.0,544.4,121.6,19.774144011572336,134.2041852512885,60.0,4.758860382469998
2023-10-15T17:00:00Z,11.6,1.0,0.0,3.2,31.0,415.0,648.3,135.7,25.61879345617277,148.99740429049683,30.0,5.445358327344843
2023-10-15T17:00:00Z,11.6,1.0,0.0,3.2,31.0,415.0,648.3,135.7,25.61879345617277,148.99740429049683,35.0,5.661784943700619
2023-10-15T17:00:00Z,11.6,1.0,0.0,3.2,31.0,415.0,648.3,135.7,25.61879345617277,148.99740429049683,40.0,5.841519772890355
2023-10-15T17:00:00Z,11.6,1.0,0.0,3.2,31.0,415.0,648.3,135.7,25.61879345617277,148.99740429049683,45.0,5.983946332709197
2023-10-15T17:00:00Z,11.6,1.0,0.0,3.2,31.0,415.0,648.3,135.7,25.61879345617277,148.99740429049683,50.0,6.088598783354833
2023-10-15T17:00:00Z,11.6,1.0,0.0,3.2,31.0,415.0,648.3,135.7,25.61879345617277,148.99740429049683,55.0,6.155147788832623
2023-10-15T17:00:00Z,11.6,1.0,0.0,3.2,31.0,415.0,648.3,135.7,25.61879345617277,148.99740429049683,60.0,6.183389688998244
2023-10-15T18:00:00Z,15.0,0.0,0.0,10.4,29.9,486.0,707.6,141.2,29.277001327610556,165.21152462062798,30.0,6.269018285302097
2023-10-15T18:00:00Z,15.0,0.0,0.0,10.4,29.9,486.0,707.6,141.2,29.277001327610556,165.21152462062798,35.0,6.514107739247439
2023-10-15T18:00:00Z,15.0,0.0,0.0,10.4,29.9,486.0,707.6,141.2,29.277001327610556,165.21152462062798,40.0,6.716837933266962
2023-10-15T18:00:00Z,15.0,0.0,0.0,10.4,29.9,486.0,707.6,141.2,29.277001327610556,165.21152462062798,45.0,6.876593097829631
2023-10-15T18:00:00Z,15.0,0.0,0.0,10.4,29.9,486.0,707.6,141.2,29.277001327610556,165.21152462062798,50.0,6.992915324882718
2023-10-15T18:00:00Z,15.0,0.0,0.0,10.4,29.9,486.0,707.6,141.2,29.277001327610556,165.21152462062798,55.0,7.0654865746334705
2023-10-15T18:00:00Z,15.0,0.0,0.0,10.4,29.9,486.0,707.6,141.2,29.277001327610556,165.21152462062798,60.0,7.094115061517782
2023-10-15T19:00:00Z,16.4,1.0,0.0,7.6,33.1,499.0,708.0,143.2,30.291034682500705,182.27688135960477,30.0,6.349041884481037
2023-10-15T19:00:00Z,16.4,1.0,0.0,7.6,33.1,499.0,708.0,143.2,30.291034682500705,182.27688135960477,35.0,6.593520130952942
2023-10-15T19:00:00Z,16.4,1.0,0.0,7.6,33.1,499.0,708.0,143.2,30.291034682500705,182.27688135960477,40.0,6.795337130526855
2023-10-15T19:00:00Z,16.4,1.0,0.0,7.6,33.1,499.0,708.0,143.2,30.291034682500705,182.27688135960477,45.0,6.953953273626073
2023-10-15T19:00:00Z,16.4,1.0,0.0,7.6,33.1,499.0,708.0,143.2,30.291034682500705,182.27688135960477,50.0,7.068973879827966
2023-10-15T19:00:00Z,16.4,1.0,0.0,7.6,33.1,499.0,708.0,143.2,30.291034682500705,182.27688135960477,55.0,7.140129199581225
2023-10-15T19:00:00Z,16.4,1.0,0.0,7.6,33.1,499.0,708.0,143.2,30.291034682500705,182.27688135960477,60.0,7.1672593630016666
2023-10-15T20:00:00Z,17.6,0.0,0.0,8.3,30.2,483.0,722.3,139.4,28.51599752429198,199.19494321331018,30.0,6.188908247075438
2023-10-15T20:00:00Z,17.6,0.0,0.0,8.3,30.2,483.0,722.3,139.4,28.51599752429198,199.19494321331018,35.0,6.4329310729342914
2023-10-15T20:00:00Z,17.6,0.0,0.0,8.3,30.2,483.0,722.3,139.4,28.51599752429198,199.19494321331018,40.0,6.635088004362009
2023-10-15T20:00:00Z,17.6,0.0,0.0,8.3,30.2,483.0,722.3,139.4,28.51599752429198,199.19494321331018,45.0,6.794806538058794
2023-10-15T20:00:00Z,17.6,0.0,0.0,8.3,30.2,483.0,722.3,139.4,28.51599752429198,199.19494321331018,50.0,6.911663549126437
2023-10-15T20:00:00Z,17.6,0.0,0.0,8.3,30.2,483.0,722.3,139.4,28.51599752429198,199.19494321331018,55.0,6.985366041247615
2023-10-15T20:00:00Z,17.6,0.0,0.0,8.3,30.2,483.0,722.3,139.4,28.51599752429198,199.19494321331018,60.0,7.0157365081056255
2023-10-15T21:00:00Z,18.5,3.0,0.0,10.1,23.8,348.0,514.0,138.1,24.1983365094779,215.04569386920798,30.0,4.4081962491805555
2023-10-15T21:00:00Z,18.5,3.0,0.0,10.1,23.8,348.0,514.0,138.1,24.1983365094779,215.04569386920798,35.0,4.577583778468066
2023-10-15T21:00:00Z,18.5,3.0,0.0,10.1,23.8,348.0,514.0,138.1,24.1983365094779,215.04569386920798,40.0,4.71778701597817
2023-10-15T21:00:00Z,18.5,3.0,0.0,10.1,23.8,348.0,514.0,138.1,24.1983365094779,215.04569386920798,45.0,4.828151091180903
2023-10-15T21:00:00Z,18.5,3.0,0.0,10.1,23.8,348.0,514.0,138.1,24.1983365094779,215.04569386920798,50.0,4.908171987095779
2023-10-15T21:00:00Z,18.5,3.0,0.0,10.1,23.8,348.0,514.0,138.1,24.1983365094779,215.04569386920798,55.0,4.957490639224334
2023-10-15T21:00:00Z,18.5,3.0,0.0,10.1,23.8,348.0,514.0,138.1,24.1983365094779,215.04569386920798,60.0,4.975888436442637
2023-10-15T22:00:00Z,18.2,7.0,0.0,10.8,20.2,250.0,440.5,115.5,17.846112627043436,229.41729116353457,30.0,3.2408291878836857
2023-10-15T22:00:00Z,18.2,7.0,0.0,10.8,20.2,250.0,440.5,115.5,17.846112627043436,229.41729116353457,35.0,3.37307499482949
2023-10-15T22:00:00Z,18.2,7.0,0.0,10.8,20.2,250.0,440.5,115.5,17.846112627043436,229.41729116353457,40.0,3.4838697639586287
2023-10-15T22:00:00Z,18.2,7.0,0.0,10.8,20.2,250.0,440.5,115.5,17.846112627043436,229.41729116353457,45.0,3.572592743270324
2023-10-15T22:00:00Z,18.2,7.0,0.0,10.8,20.2,250.0,440.5,115.5,17.846112627043436,229.41729116353457,50.0,3.6387534546944598
2023-10-15T22:00:00Z,18.2,7.0,0.0,10.8,20.2,250.0,440.5,115.5,17.846112627043436,229.41729116353457,55.0,3.681990000377869
2023-10-15T22:00:00Z,18.2,7.0,0.0,10.8,20.2,250.0,440.5,115.5,17.846112627043436,229.41729116353457,60.0,3.7020676634328753
2023-10-15T23:00:00Z,17.7,1.0,0.0,10.1,12.6,135.0,337.8,76.5,10.028585150555713,242.41436758028635,30.0,1.8387268826268786
2023-10-15T23:00:00Z,17.7,1.0,0.0,10.1,12.6,135.0,337.8,76.5,10.028585150555713,242.41436758028635,35.0,1.925694332052589
2023-10-15T23:00:00Z,17.7,1.0,0.0,10.1,12.6,135.0,337.8,76.5,10.028585150555713,242.41436758028635,40.0,2.0004471046192123
2023-10-15T23:00:00Z,17.7,1.0,0.0,10.1,12.6,135.0,337.8,76.5,10.028585150555713,242.41436758028635,45.0,2.0624969324039837
2023-10-15T23:00:00Z,17.7,1.0,0.0,10.1,12.6,135.0,337.8,76.5,10.028585150555713,242.41436758028635,50.0,2.111441419060606
2023-10-15T23:00:00Z,17.7,1.0,0.0,10.1,12.6,135.0,337.8,76.5,10.028585150555713,242.41436758028635,55.0,2.1469650196545
2023-10-15T23:00:00Z,17.7,1.0,0.0,10.1,12.6,135.0,337.8,76.5,10.028585150555713,242.41436758028635,60.0,2.1688397456745196
2023-10-16T00:00:00Z,17.3,0.0,0.0,12.6,10.1,21.0,32.9,18.8,1.2571442909156711,254.44091096991752,30.0,0.1655417915059071
2023-10-16T00:00:00Z,17.3,0.0,0.0,12.6,10.1,21.0,32.9,18.8,1.2571442909156711,254.44091096991752,35.0,0.17129439897942736
2023-10-16T00:00:00Z,17.3,0.0,0.0,12.6,10.1,21.0,32.9,18.8,1.2571442909156711,254.44091096991752,40.0,0.17606398364128917
2023-10-16T00:00:00Z,17.3,0.0,0.0,12.6,10.1,21.0,32.9,18.8,1.2571442909156711,254.44091096991752,45.0,0.17981461747061495
2023-10-16T00:00:00Z,17.3,0.0,0.0,12.6,10.1,21.0,32.9,18.8,1.2571442909156711,254.44091096991752,50.0,0.18251805741301044
2023-10-16T00:00:00Z,17.3,0.0,0.0,12.6,10.1,21.0,32.9,18.8,1.2571442909156711,254.44091096991752,55.0,0.18415395117896488
2023-10-16T00:00:00Z,17.3,0.0,0.0,12.6,10.1,21.0,32.9,18.8,1.2571442909156711,254.44091096991752,60.0,0.18470998538637518
2023-10-16T01:00:00Z,13.9,0.0,0.0,10.1,10.4,0.0,0.0,0.0,-8.03484151246995,266.02924125922436,30.0,0.0
2023-10-16T01:00:00Z,13.9,0.0,0.0,10.1,10.4,0.0,0.0,0.0,-8.03484151246995,266.02924125922436,35.0,0.0
2023-10-16T01:00:00Z,13.9,0.0,0.0,10.1,10.4,0.0,0.0,0.0,-8.03484151246995,266.02924125922436,40.0,0.0
2023-10-16T01:00:00Z,13.9,0.0,0.0,10.1,10.4,0.0,0.0,0.0,-8.03484151246995,266.02924125922436,45.0,0.0
2023-10-16T01:00:00Z,13.9,0.0,0.0,10.1,10.4,0.0,0.0,0.0,-8.03484151246995,266.02924125922436,50.0,0.0
2023-10-16T01:00:00Z,13.9,0.0,0.0,10.1,10.4,0.0,0.0,0.0,-8.03484151246995,266.02924125922436,55.0,0.0
2023-10-16T01:00:00Z,13.9,0.0,0.0,10.1,10.4,0.0,0.0,0.0,-8.03484151246995,266.02924125922436,60.0,0.0
2023-10-16T02:00:00Z,11.7,0.0,0.0,10.4,10.4,0.0,0.0,0.0,-17.457275621853594,277.78290710867134,30.0,0.0
2023-10-16T02:00:00Z,11.7,0.0,0.0,10.4,10.4,0.0,0.0,0.0,-17.457275621853594,277.78290710867134,35.0,0.0
2023-10-16T02:00:00Z,11.7,0.0,0.0,10.4,10.4,0.0,0.0,0.0,-17.457275621853594,277.78290710867134,40.0,0.0
2023-10-16T02:00:00Z,11.7,0.0,0.0,10.4,10.4,0.0,0.0,0.0,-17.457275621853594,277.78290710867134,45.0,0.0
2023-10-16T02:00:00Z,11.7,0.0,0.0,10.4,10.4,0.0,0.0,0.0,-17.457275621853594,277.78290710867134,50.0,0.0
2023-10-16T02:00:00Z,11.7,0.0,0.0,10.4,10.4,0.0,0.0,0.0,-17.457275621853594,277.78290710867134,55.0,0.0
2023-10-16T02:00:00Z,11.7,0.0,0.0,10.4,10.4,0.0,0.0,0.0,-17.457275621853594,277.78290710867134,60.0,0.0
2023-10-16T03:00:00Z,9.7,0.0,0.0,10.4,10.4,0.0,0.0,0.0,-26.60334252728458,290.39483656312495,30.0,0.0
2023-10-16T03:00:00Z,9.7,0.0,0.0,10.4,10.4,0.0,0.0,0.0,-26.60334252728458,290.39483656312495,35.0,0.0
2023-10-16T03:00:00Z,9.7,0.0,0.0,10.4,10.4,0.0,0.0,0.0,-26.60334252728458,290.39483656312495,40.0,0.0
2023-10-16T03:00:00Z,9.7,0.0,0.0,10.4,10.4,0.0,0.0,0.0,-26.60334252728458,290.39483656312495,45.0,0.0
2023-10-16T03:00:00Z,9.7,0.0,0.0,10.4,10.4,0.0,0.0,0.0,-26.60334252728458,290.39483656312495,50.0,0.0
2023-10-16T03:00:00Z,9.7,0.0,0.0,10.4,10.4,0.0,0.0,0.0,-26.60334252728458,290.39483656312495,55.0,0.0
2023-10-16T03:00:00Z,9.7,0.0,0.0,10.4,10.4,0.0,0.0,0.0,-26.60334252728458,290.39483656312495,60.0,0.0
2023-10-16T04:00:00Z,8.1,0.0,0.0,10.4,10.4,0.0,0.0,0.0,-34.97122711543278,304.6768844232222,30.0,0.0
2023-10-16T04:00:00Z,8.1,0.0,0.0,10.4,10.4,0.0,0.0,0.0,-34.97122711543278,304.6768844232222,35.0,0.0
2023-10-16T04:00:00Z,8.1,0.0,0.0,10.4,10.4,0.0,0.0,0.0,-34.97122711543278,304.6768844232222,40.0,0.0
2023-10-16T04:00:00Z,8.1,0.0,0.0,10.4,10.4,0.0,0.0,0.0,-34.97122711543278,304.6768844232222,45.0,0.0
2023-10-16T04:00:00Z,8.1,0.0,0.0,10.4,10.4,0.0,0.0,0.0,-34.97122711543278,304.6768844232222,50.0,0.0
2023-10-16T04:00:00Z,8.1,0.0,0.0,10.4,10.4,0.0,0.0,0.0,-34.97122711543278,304.6768844232222,55.0,0.0
2023-10-16T04:00:00Z,8.1,0.0,0.0,10.4,10.4,0.0,0.0,0.0,-34.97122711543278,304.6768844232222,60.0,0.0
2023-10-16T05:00:00Z,6.9,0.0,0.0,10.1,6.1,0.0,0.0,0.0,-41.87653626548392,321.47457155199413,30.0,0.0
2023-10-16T05:00:00Z,6.9,0.0,0.0,10.1,6.1,0.0,0.0,0.0,-41.87653626548392,321.47457155199413,35.0,0.0
2023-10-16T05:00:00Z,6.9,0.0,0.0,10.1,6.1,0.0,0.0,0.0,-41.87653626548392,321.47457155199413,40.0,0.0
2023-10-16T05:00:00Z,6.9,0.0,0.0,10.1,6.1,0.0,0.0,0.0,-41.87653626548392,321.47457155199413,45.0,0.0
2023-10-16T05:00:00Z,6.9,0.0,0.0,10.1,6.1,0.0,0.0,0.0,-41.87653626548392,321.47457155199413,50.0,0.0
2023-10-16T05:00:00Z,6.9,0.0,0.0,10.1,6.1,0.0,0.0,0.0,-41.87653626548392,321.47457155199413,55.0,0.0
2023-10-16T05:00:00Z,6.9,0.0,0.0,10.1,6.1,0.0,0.0,0.0,-41.87653626548392,321.47457155199413,60.0,0.0
2023-10-16T06:00:00Z,6.3,0.0,0.0,6.1,9.0,0.0,0.0,0.0,-46.42597529907984,341.2059189670227,30.0,0.0
2023-10-16T06:00:00Z,6.3,0.0,0.0,6.1,9.0,0.0,0.0,0.0,-46.42597529907984,341.2059189670227,35.0,0.0
2023-10-16T06:00:00Z,6.3,0.0,0.0,6.1,9.0,0.0,0.0,0.0,-46.42597529907984,341.2059189670227,40.0,0.0
2023-10-16T06:00:00Z,6.3,0.0,0.0,6.1,9.0,0.0,0.0,0.0,-46.42597529907984,341.2059189670227,45.0,0.0
2023-10-16T06:00:00Z,6.3,0.0,0.0,6.1,9.0,0.0,0.0,0.0,-46.42597529907984,341.2059189670227,50.0,0.0
2023-10-16T06:00:00Z,6.3,0.0,0.0,6.1,9.0,0.0,0.0,0.0,-46.42597529907984,341.2059189670227,55.0,0.0
2023-10-16T06:00:00Z,6.3,0.0,0.0,6.1,9.0,0.0,0.0,0.0,-46.42597529907984,341.2059189670227,60.0,0.0
2023-10-16T07:00:00Z,4.8,0.0,0.0,9.0,9.0,0.0,0.0,0.0,-47.745936391137036,2.9627193097404643,30.0,0.0
2023-10-16T07:00:00Z,4.8,0.0,0.0,9.0,9.0,0.0,0.0,0.0,-47.745936391137036,2.9627193097404643,35.0,0.0
2023-10-16T07:00:00Z,4.8,0.0,0.0,9.0,9.0,0.0,0.0,0.0,-47.745936391137036,2.9627193097404643,40.0,0.0
2023-10-16T07:00:00Z,4.8,0.0,0.0,9.0,9.0,0.0,0.0,0.0,-47.745936391137036,2.9627193097404643,45.0,0.0
2023-10-16T07:00:00Z,4.8,0.0,0.0,9.0,9.0,0.0,0.0,0.0,-47.745936391137036,2.9627193097404643,50.0,0.0
2023-10-16T07:00:00Z,4.8,0.0,0.0,9.0,9.0,0.0,0.0,0.0,-47.745936391137036,2.9627193097404643,55.0,0.0
2023-10-16T07:00:00Z,4.8,0.0,0.0,9.0,9.0,0.0,0.0,0.0,-47.745936391137036,2.9627193097404643,60.0,0.0
2023-10-16T08:00:00Z,4.6,0.0,0.0,8.6,8.6,0.0,0.0,0.0,-45.52319414416473,24.378206542778003,30.0,0.0
2023-10-16T08:00:00Z,4.6,0.0,0.0,8.6,8.6,0.0,0.0,0.0,-45.52319414416473,24.378206542778003,35.0,0.0
2023-10-16T08:00:00Z,4.6,0.0,0.0,8.6,8.6,0.0,0.0,0.0,-45.52319414416473,24.378206542778003,40.0,0.0
2023-10-16T08:00:00Z,4.6,0.0,0.0,8.6,8.6,0.0,0.0,0.0,-45.52319414416473,24.378206542778003,45.0,0.0
2023-10-16T08:00:00Z,4.6,0.0,0.0,8.6,8.6,0.0,0.0,0.0,-45.52319414416473,24.378206542778003,50.0,0.0
2023-10-16T08:00:00Z,4.6,0.0,0.0,8.6,8.6,0.0,0.0,0.0,-45.52319414416473,24.378206542778003,55.0,0.0
2023-10-16T08:00:00Z,4.6,0.0,0.0,8.6,8.6,0.0,0.0,0.0,-45.52319414416473,24.378206542778003,60.0,0.0
2023-10-16T09:00:00Z,4.8,40.0,0.0,8.6,7.9,0.0,0.0,0.0,-40.271361809963025,43.36324564590848,30.0,0.0
2023-10-16T09:00:00Z,4.8,40.0,0.0,8.6,7.9,0.0,0.0,0.0,-40.271361809963025,43.36324564590848,35.0,0.0
2023-10-16T09:00:00Z,4.8,40.0,0.0,8.6,7.9,0.0,0.0,0.0,-40.271361809963025,43.36324564590848,40.0,0.0
2023-10-16T09:00:00Z,4.8,40.0,0.0,8.6,7.9,0.0,0.0,0.0,-40.271361809963025,43.36324564590848,45.0,0.0
2023-10-16T09:00:00Z,4.8,40.0,0.0,8.6,7.9,0.0,0.0,0.0,-40.271361809963025,43.36324564590848,50.0,0.0
2023-10-16T09:00:00Z,4.8,40.0,0.0,8.6,7.9,0.0,0.0,0.0,-40.271361809963025,43.36324564590848,55.0,0.0
2023-10-16T09:00:00Z,4.8,40.0,0.0,8.6,7.9,0.0,0.0,0.0,-40.271361809963025,43.36324564590848,60.0,0.0
2023-10-16T10:00:00Z,5.6,25.0,0.0,7.9,6.8,0.0,0.0,0.0,-32.914437484387825,59.43743881067036,30.0,0.0
2023-10-16T10:00:00Z,5.6,25.0,0.0,7.9,6.8,0.0,0.0,0.0,-32.914437484387825,59.43743881067036,35.0,0.0
2023-10-16T10:00:00Z,5.6,25.0,0.0,7.9,6.8,0.0,0.0,0.0,-32.914437484387825,59.43743881067036,40.0,0.0
2023-10-16T10:00:00Z,5.6,25.0,0.0,7.9,6.8,0.0,0.0,0.0,-32.914437484387825,59.43743881067036,45.0,0.0
2023-10-16T10:00:00Z,5.6,25.0,0.0,7.9,6.8,0.0,0.0,0.0,-32.914437484387825,59.43743881067036,50.0,0.0
2023-10-16T10:00:00Z,5.6,25.0,0.0,7.9,6.8,0.0,0.0,0.0,-32.914437484387825,59.43743881067036,55.0,0.0
2023-10-16T10:00:00Z,5.6,25.0,0.0,7.9,6.8,0.0,0.0,0.0,-32.914437484387825,59.43743881067036,60.0,0.0
2023-10-16T11:00:00Z,5.1,7.0,0.0,6.8,2.5,0.0,0.0,0.0,-24.299441477322244,73.20704403356518,30.0,0.0
2023-10-16T11:00:00Z,5.1,7.0,0.0,6.8,2.5,0.0,0.0,0.0,-24.299441477322244,73.20704403356518,35.0,0.0
2023-10-16T11:00:00Z,5.1,7.0,0.0,6.8,2.5,0.0,0.0,0.0,-24.299441477322244,73.20704403356518,40.0,0.0
2023-10-16T11:00:00Z,5.1,7.0,0.0,6.8,2.5,0.0,0.0,0.0,-24.299441477322244,73.20704403356518,45.0,0.0
2023-10-16T11:00:00Z,5.1,7.0,0.0,6.8,2.5,0.0,0.0,0.0,-24.299441477322244,73.20704403356518,50.0,0.0
2023-10-16T11:00:00Z,5.1,7.0,0.0,6.8,2.5,0.0,0.0,0.0,-24.299441477322244,73.20704403356518,55.0,0.0
2023-10-16T11:00:00Z,5.1,7.0,0.0,6.8,2.5,0.0,0.0,0.0,-24.299441477322244,73.20704403356518,60.0,0.0
2023-10-16T12:00:00Z,4.3,0.0,0.0,2.5,3.2,0.0,0.0,0.0,-15.056551461542693,85.53233611655082,30.0,0.0
2023-10-16T12:00:00Z,4.3,0.0,0.0,2.5,3.2,0.0,0.0,0.0,-15.056551461542693,85.53233611655082,35.0,0.0
2023-10-16T12:00:00Z,4.3,0.0,0.0,2.5,3.2,0.0,0.0,0.0,-15.056551461542693,85.53233611655082,40.0,0.0
2023-10-16T12:00:00Z,4.3,0.0,0.0,2.5,3.2,0.0,0.0,0.0,-15.056551461542693,85.53233611655082,45.0,0.0
2023-10-16T12:00:00Z,4.3,0.0,0.0,2.5,3.2,0.0,0.0,0.0,-15.056551461542693,85.53233611655082,50.0,0.0
2023-10-16T12:00:00Z,4.3,0.0,0.0,2.5,3.2,0.0,0.0,0.0,-15.056551461542693,85.53233611655082,55.0,0.0
2023-10-16T12:00:00Z,4.3,0.0,0.0,2.5,3.2,0.0,0.0,0.0,-15.056551461542693,85.53233611655082,60.0,0.0
2023-10-16T13:00:00Z,3.5,10.0,0.0,3.2,2.5,0.0,0.0,0.0,-5.655368807970745,97.19385775733753,30.0,0.0
2023-10-16T13:00:00Z,3.5,10.0,0.0,3.2,2.5,0.0,0.0,0.0,-5.655368807970745,97.19385775733753,35.0,0.0
2023-10-16T13:00:00Z,3.5,10.0,0.0,3.2,2.5,0.0,0.0,0.0,-5.655368807970745,97.19385775733753,40.0,0.0
2023-10-16T13:00:00Z,3.5,10.0,0.0,3.2,2.5,0.0,0.0,0.0,-5.655368807970745,97.19385775733753,45.0,0.0
2023-10-16T13:00:00Z,3.5,10.0,0.0,3.2,2.5,0.0,0.0,0.0,-5.655368807970745,97.19385775733753,50.0,0.0
2023-10-16T13:00:00Z,3.5,10.0,0.0,3.2,2.5,0.0,0.0,0.0,-5.655368807970745,97.19385775733753,55.0,0.0
2023-10-16T13:00:00Z,3.5,10.0,0.0,3.2,2.5,0.0,0.0,0.0,-5.655368807970745,97.19385775733753,60.0,0.0
2023-10-16T14:00:00Z,3.5,18.0,0.0,2.5,1.8,29.0,39.5,25.6,3.507129274275308,108.8561959384964,30.0,0.257449402717658
2023-10-16T14:00:00Z,3.5,18.0,0.0,2.5,1.8,29.0,39.5,25.6,3.507129274275308,108.8561959384964,35.0,0.26310618688361864
2023-10-16T14:00:00Z,3.5,18.0,0.0,2.5,1.8,29.0,39.5,25.6,3.507129274275308,108.8561959384964,40.0,0.26739729394087514
2023-10-16T14:00:00Z,3.5,18.0,0.0,2.5,1.8,29.0,39.5,25.6,3.507129274275308,108.8561959384964,45.0,0.270290553532724
2023-10-16T14:00:00Z,3.5,18.0,0.0,2.5,1.8,29.0,39.5,25.6,3.507129274275308,108.8561959384964,50.0,0.271764281462448
2023-10-16T14:00:00Z,3.5,18.0,0.0,2.5,1.8,29.0,39.5,25.6,3.507129274275308,108.8561959384964,55.0,0.2718074345579506
2023-10-16T14:00:00Z,3.5,18.0,0.0,2.5,1.8,29.0,39.5,25.6,3.507129274275308,108.8561959384964,60.0,0.2704196894781475
2023-10-16T15:00:00Z,3.9,25.0,0.0,1.8,1.1,89.0,81.6,72.1,12.033194417126206,121.10168704202408,30.0,0.9169203844407311
2023-10-16T15:00:00Z,3.9,25.0,0.0,1.8,1.1,89.0,81.6,72.1,12.033194417126206,121.10168704202408,35.0,0.9312653547683548
2023-10-16T15:00:00Z,3.9,25.0,0.0,1.8,1.1,89.0,81.6,72.1,12.033194417126206,121.10168704202408,40.0,0.941072852271172
2023-10-16T15:00:00Z,3.9,25.0,0.0,1.8,1.1,89.0,81.6,72.1,12.033194417126206,121.10168704202408,45.0,0.9462720859233305
2023-10-16T15:00:00Z,3.9,25.0,0.0,1.8,1.1,89.0,81.6,72.1,12.033194417126206,121.10168704202408,50.0,0.9468255530959414
2023-10-16T15:00:00Z,3.9,25.0,0.0,1.8,1.1,89.0,81.6,72.1,12.033194417126206,121.10168704202408,55.0,0.9427292626205096
2023-10-16T15:00:00Z,3.9,25.0,0.0,1.8,1.1,89.0,81.6,72.1,12.033194417126206,121.10168704202408,60.0,0.934012758495127
2023-10-16T16:00:00Z,6.0,43.0,0.0,1.1,1.8,164.0,138.4,118.1,19.470255277947285,134.43286763271897,30.0,1.777360978927852
2023-10-16T16:00:00Z,6.0,43.0,0.0,1.1,1.8,164.0,138.4,118.1,19.470255277947285,134.43286763271897,35.0,1.8116004389116507
2023-10-16T16:00:00Z,6.0,43.0,0.0,1.1,1.8,164.0,138.4,118.1,19.470255277947285,134.43286763271897,40.0,1.83649982994404
2023-10-16T16:00:00Z,6.0,43.0,0.0,1.1,1.8,164.0,138.4,118.1,19.470255277947285,134.43286763271897,45.0,1.8518911693204827
2023-10-16T16:00:00Z,6.0,43.0,0.0,1.1,1.8,164.0,138.4,118.1,19.470255277947285,134.43286763271897,50.0,1.857670840950778
2023-10-16T16:00:00Z,6.0,43.0,0.0,1.1,1.8,164.0,138.4,118.1,19.470255277947285,134.43286763271897,55.0,1.8537999791275743
2023-10-16T16:00:00Z,6.0,43.0,0.0,1.1,1.8,164.0,138.4,118.1,19.470255277947285,134.43286763271897,60.0,1.8403046110295496
2023-10-16T17:00:00Z,8.6,28.0,0.0,1.8,3.2,249.0,222.1,154.5,25.2879290788089,149.18665949753466,30.0,2.8266226465397586
2023-10-16T17:00:00Z,8.6,28.0,0.0,1.8,3.2,249.0,222.1,154.5,25.2879290788089,149.18665949753466,35.0,2.8964504595404743
2023-10-16T17:00:00Z,8.6,28.0,0.0,1.8,3.2,249.0,222.1,154.5,25.2879290788089,149.18665949753466,40.0,2.950256854632831
2023-10-16T17:00:00Z,8.6,28.0,0.0,1.8,3.2,249.0,222.1,154.5,25.2879290788089,149.18665949753466,45.0,2.987717316747343
2023-10-16T17:00:00Z,8.6,28.0,0.0,1.8,3.2,249.0,222.1,154.5,25.2879290788089,149.18665949753466,50.0,3.008607239906673
2023-10-16T17:00:00Z,8.6,28.0,0.0,1.8,3.2,249.0,222.1,154.5,25.2879290788089,149.18665949753466,55.0,3.0128018454154883
2023-10-16T17:00:00Z,8.6,28.0,0.0,1.8,3.2,249.0,222.1,154.5,25.2879290788089,149.18665949753466,60.0,3.000276119184287
2023-10-16T18:00:00Z,9.2,0.0,0.0,1.1,5.4,318.0,301.6,172.7,28.922010541586285,165.33988997994697,30.0,3.7286370964992614
2023-10-16T18:00:00Z,9.2,0.0,0.0,1.1,5.4,318.0,301.6,172.7,28.922010541586285,165.33988997994697,35.0,3.834370751428527
2023-10-16T18:00:00Z,9.2,0.0,0.0,1.1,5.4,318.0,301.6,172.7,28.922010541586285,165.33988997994697,40.0,3.9179369798360764
2023-10-16T18:00:00Z,9.2,0.0,0.0,1.1,5.4,318.0,301.6,172.7,28.922010541586285,165.33988997994697,45.0,3.9788949054698173
2023-10-16T18:00:00Z,9.2,0.0,0.0,1.1,5.4,318.0,301.6,172.7,28.922010541586285,165.33988997994697,50.0,4.016926666182093
2023-10-16T18:00:00Z,9.2,0.0,0.0,1.1,5.4,318.0,301.6,172.7,28.922010541586285,165.33988997994697,55.0,4.031835552549988
2023-10-16T18:00:00Z,9.2,0.0,0.0,1.1,5.4,318.0,301.6,172.7,28.922010541586285,165.33988997994697,60.0,4.023544789846836
2023-10-16T19:00:00Z,12.8,19.0,0.0,3.6,10.1,343.0,336.2,175.9,29.92142668309435,182.3274547266374,30.0,4.03116163884166
2023-10-16T19:00:00Z,12.8,19.0,0.0,3.6,10.1,343.0,336.2,175.9,29.92142668309435,182.3274547266374,35.0,4.15124544628107
2023-10-16T19:00:00Z,12.8,19.0,0.0,3.6,10.1,343.0,336.2,175.9,29.92142668309435,182.3274547266374,40.0,4.246913330302307
2023-10-16T19:00:00Z,12.8,19.0,0.0,3.6,10.1,343.0,336.2,175.9,29.92142668309435,182.3274547266374,45.0,4.317683809860983
2023-10-16T19:00:00Z,12.8,19.0,0.0,3.6,10.1,343.0,336.2,175.9,29.92142668309435,182.3274547266374,50.0,4.3632057584612305
2023-10-16T19:00:00Z,12.8,19.0,0.0,3.6,10.1,343.0,336.2,175.9,29.92142668309435,182.3274547266374,55.0,4.383255602731766
2023-10-16T19:00:00Z,12.8,19.0,0.0,3.6,10.1,343.0,336.2,175.9,29.92142668309435,182.3274547266374,60.0,4.377735440368486
2023-10-16T20:00:00Z,14.2,33.0,0.0,5.4,12.6,278.0,230.2,169.8,28.14475625643229,199.16645378157418,30.0,3.0846264980454507
2023-10-16T20:00:00Z,14.2,33.0,0.0,5.4,12.6,278.0,230.2,169.8,28.14475625643229,199.16645378157418,35.0,3.159255478048664
2023-10-16T20:00:00Z,14.2,33.0,0.0,5.4,12.6,278.0,230.2,169.8,28.14475625643229,199.16645378157418,40.0,3.216412757228152
2023-10-16T20:00:00Z,14.2,33.0,0.0,5.4,12.6,278.0,230.2,169.8,28.14475625643229,199.16645378157418,45.0,3.255761469633156
2023-10-16T20:00:00Z,14.2,33.0,0.0,5.4,12.6,278.0,230.2,169.8,28.14475625643229,199.16645378157418,50.0,3.277071178389083
2023-10-16T20:00:00Z,14.2,33.0,0.0,5.4,12.6,278.0,230.2,169.8,28.14475625643229,199.16645378157418,55.0,3.280217590280336
2023-10-16T20:00:00Z,14.2,33.0,0.0,5.4,12.6,278.0,230.2,169.8,28.14475625643229,199.16645378157418,60.0,3.2651823831678812
2023-10-16T21:00:00Z,14.9,27.0,0.0,6.8,15.5,234.0,216.7,146.7,23.836203435251875,214.95258739926442,30.0,2.6117462663859956
2023-10-16T21:00:00Z,14.9,27.0,0.0,6.8,15.5,234.0,216.7,146.7,23.836203435251875,214.95258739926442,35.0,2.6773724720843384
2023-10-16T21:00:00Z,14.9,27.0,0.0,6.8,15.5,234.0,216.7,146.7,23.836203435251875,214.95258739926442,40.0,2.7281517958364025
2023-10-16T21:00:00Z,14.9,27.0,0.0,6.8,15.5,234.0,216.7,146.7,23.836203435251875,214.95258739926442,45.0,2.7637688507361413
2023-10-16T21:00:00Z,14.9,27.0,0.0,6.8,15.5,234.0,216.7,146.7,23.836203435251875,214.95258739926442,50.0,2.784003554342708
2023-10-16T21:00:00Z,14.9,27.0,0.0,6.8,15.5,234.0,216.7,146.7,23.836203435251875,214.95258739926442,55.0,2.788731290796703
2023-10-16T21:00:00Z,14.9,27.0,0.0,6.8,15.5,234.0,216.7,146.7,23.836203435251875,214.95258739926442,60.0,2.7779229878404212
2023-10-16T22:00:00Z,15.4,35.0,0.0,8.3,19.4,143.0,123.4,106.1,17.498216357256027,229.27938731378228,30.0,1.4878995509115231
2023-10-16T22:00:00Z,15.4,35.0,0.0,8.3,19.4,143.0,123.4,106.1,17.498216357256027,229.27938731378228,35.0,1.5156485348657587
2023-10-16T22:00:00Z,15.4,35.0,0.0,8.3,19.4,143.0,123.4,106.1,17.498216357256027,229.27938731378228,40.0,1.5356631493641884
2023-10-16T22:00:00Z,15.4,35.0,0.0,8.3,19.4,143.0,123.4,106.1,17.498216357256027,229.27938731378228,45.0,1.5478045916300838
2023-10-16T22:00:00Z,15.4,35.0,0.0,8.3,19.4,143.0,123.4,106.1,17.498216357256027,229.27938731378228,50.0,1.551988790507867
2023-10-16T22:00:00Z,15.4,35.0,0.0,8.3,19.4,143.0,123.4,106.1,17.498216357256027,229.27938731378228,55.0,1.5481867961613465
2023-10-16T22:00:00Z,15.4,35.0,0.0,8.3,19.4,143.0,123.4,106.1,17.498216357256027,229.27938731378228,60.0,1.5364249135250156
2023-10-16T23:00:00Z,15.4,31.0,0.0,10.1,13.0,74.0,81.4,60.4,9.694836170834266,242.24810771605374,30.0,0.7434993341470687
2023-10-16T23:00:00Z,15.4,31.0,0.0,10.1,13.0,74.0,81.4,60.4,9.694836170834266,242.24810771605374,35.0,0.7577741523919835
2023-10-16T23:00:00Z,15.4,31.0,0.0,10.1,13.0,74.0,81.4,60.4,9.694836170834266,242.24810771605374,40.0,0.7682492030053388
2023-10-16T23:00:00Z,15.4,31.0,0.0,10.1,13.0,74.0,81.4,60.4,9.694836170834266,242.24810771605374,45.0,0.7748480428217714
2023-10-16T23:00:00Z,15.4,31.0,0.0,10.1,13.0,74.0,81.4,60.4,9.694836170834266,242.24810771605374,50.0,0.7775225510764964
2023-10-16T23:00:00Z,15.4,31.0,0.0,10.1,13.0,74.0,81.4,60.4,9.694836170834266,242.24810771605374,55.0,0.7762532321869132
2023-10-16T23:00:00Z,15.4,31.0,0.0,10.1,13.0,74.0,81.4,60.4,9.694836170834266,242.24810771605374,60.0,0.7710493381790415
2023-10-17T00:00:00Z,12.8,0.0,0.0,13.0,8.6,14.0,5.1,13.7,0.934109333327807,254.25705389510583,30.0,0.0685087295502921
2023-10-17T00:00:00Z,12.8,0.0,0.0,13.0,8.6,14.0,5.1,13.7,0.934109333327807,254.25705389510583,35.0,0.06762644671633306
2023-10-17T00:00:00Z,12.8,0.0,0.0,13.0,8.6,14.0,5.1,13.7,0.934109333327807,254.25705389510583,40.0,0.06635682520068815
2023-10-17T00:00:00Z,12.8,0.0,0.0,13.0,8.6,14.0,5.1,13.7,0.934109333327807,254.25705389510583,45.0,0.0647094911303451
2023-10-17T00:00:00Z,12.8,0.0,0.0,13.0,8.6,14.0,5.1,13.7,0.934109333327807,254.25705389510583,50.0,0.06269693577969991
2023-10-17T00:00:00Z,12.8,0.0,0.0,13.0,8.6,14.0,5.1,13.7,0.934109333327807,254.25705389510583,55.0,0.06033442189932384
2023-10-17T00:00:00Z,12.8,0.0,0.0,13.0,8.6,14.0,5.1,13.7,0.934109333327807,254.25705389510583,60.0,0.05763986919750786
2023-10-17T01:00:00Z,14.0,16.0,0.0,8.6,12.2,0.0,0.0,0.0,-8.352435846515876,265.8343816247497,30.0,0.0
2023-10-17T01:00:00Z,14.0,16.0,0.0,8.6,12.2,0.0,0.0,0.0,-8.352435846515876,265.8343816247497,35.0,0.0
2023-10-17T01:00:00Z,14.0,16.0,0.0,8.6,12.2,0.0,0.0,0.0,-8.352435846515876,265.8343816247497,40.0,0.0
2023-10-17T01:00:00Z,14.0,16.0,0.0,8.6,12.2,0.0,0.0,0.0,-8.352435846515876,265.8343816247497,45.0,0.0
2023-10-17T01:00:00Z,14.0,16.0,0.0,8.6,12.2,0.0,0.0,0.0,-8.352435846515876,265.8343816247497,50.0,0.0
2023-10-17T01:00:00Z,14.0,16.0,0.0,8.6,12.2,0.0,0.0,0.0,-8.352435846515876,265.8343816247497,55.0,0.0
2023-10-17T01:00:00Z,14.0,16.0,0.0,8.6,12.2,0.0,0.0,0.0,-8.352435846515876,265.8343816247497,60.0,0.0
2023-10-17T02:00:00Z,13.4,16.0,0.0,11.9,13.7,0.0,0.0,0.0,-17.77574811950813,277.5822842492199,30.0,0.0
2023-10-17T02:00:00Z,13.4,16.0,0.0,11.9,13.7,0.0,0.0,0.0,-17.77574811950813,277.5822842492199,35.0,0.0
2023-10-17T02:00:00Z,13.4,16.0,0.0,11.9,13.7,0.0,0.0,0.0,-17.77574811950813,277.5822842492199,40.0,0.0
2023-10-17T02:00:00Z,13.4,16.0,0.0,11.9,13.7,0.0,0.0,0.0,-17.77574811950813,277.5822842492199,45.0,0.0
2023-10-17T02:00:00Z,13.4,16.0,0.0,11.9,13.7,0.0,0.0,0.0,-17.77574811950813,277.5822842492199,50.0,0.0
2023-10-17T02:00:00Z,13.4,16.0,0.0,11.9,13.7,0.0,0.0,0.0,-17.77574811950813,277.5822842492199,55.0,0.0
2023-10-17T02:00:00Z,13.4,16.0,0.0,11.9,13.7,0.0,0.0,0.0,-17.77574811950813,277.5822842492199,60.0,0.0
2023-10-17T03:00:00Z,13.0,6.0,0.0,13.7,13.3,0.0,0.0,0.0,-26.929570033100077,290.19609952017936,30.0,0.0
2023-10-17T03:00:00Z,13.0,6.0,0.0,13.7,13.3,0.0,0.0,0.0,-26.929570033100077,290.19609952017936,35.0,0.0
2023-10-17T03:00:00Z,13.0,6.0,0.0,13.7,13.3,0.0,0.0,0.0,-26.929570033100077,290.19609952017936,40.0,0.0
2023-10-17T03:00:00Z,13.0,6.0,0.0,13.7,13.3,0.0,0.0,0.0,-26.929570033100077,290.19609952017936,45.0,0.0
2023-10-17T03:00:00Z,13.0,6.0,0.0,13.7,13.3,0.0,0.0,0.0,-26.929570033100077,290.19609952017936,50.0,0.0
2023-10-17T03:00:00Z,13.0,6.0,0.0,13.7,13.3,0.0,0.0,0.0,-26.929570033100077,290.19609952017936,55.0,0.0
2023-10-17T03:00:00Z,13.0,6.0,0.0,13.7,13.3,0.0,0.0,0.0,-26.929570033100077,290.19609952017936,60.0,0.0
2023-10-17T04:00:00Z,12.5,6.0,0.0,13.3,13.0,0.0,0.0,0.0,-35.31167830574974,304.495806466143,30.0,0.0
2023-10-17T04:00:00Z,12.5,6.0,0.0,13.3,13.0,0.0,0.0,0.0,-35.31167830574974,304.495806466143,35.0,0.0
2023-10-17T04:00:00Z,12.5,6.0,0.0,13.3,13.0,0.0,0.0,0.0,-35.31167830574974,304.495806466143,40.0,0.0
2023-10-17T04:00:00Z,12.5,6.0,0.0,13.3,13.0,0.0,0.0,0.0,-35.31167830574974,304.495806466143,45.0,0.0
2023-10-17T04:00:00Z,12.5,6.0,0.0,13.3,13.0,0.0,0.0,0.0,-35.31167830574974,304.495806466143,50.0,0.0
2023-10-17T04:00:00Z,12.5,6.0,0.0,13.3,13.0,0.0,0.0,0.0,-35.31167830574974,304.495806466143,55.0,0.0
2023-10-17T04:00:00Z,12.5,6.0,0.0,13.3,13.0,0.0,0.0,0.0,-35.31167830574974,304.495806466143,60.0,0.0
2023-10-17T05:00:00Z,11.8,6.0,0.0,12.6,12.6,0.0,0.0,0.0,-42.23451685609647,321.3425741321845,30.0,0.0
2023-10-17T05:00:00Z,11.8,6.0,0.0,12.6,12.6,0.0,0.0,0.0,-42.23451685609647,321.3425741321845,35.0,0.0
2023-10-17T05:00:00Z,11.8,6.0,0.0,12.6,12.6,0.0,0.0,0.0,-42.23451685609647,321.3425741321845,40.0,0.0
2023-10-17T05:00:00Z,11.8,6.0,0.0,12.6,12.6,0.0,0.0,0.0,-42.23451685609647,321.3425741321845,45.0,0.0
2023-10-17T05:00:00Z,11.8,6.0,0.0,12.6,12.6,0.0,0.0,0.0,-42.23451685609647,321.3425741321845,50.0,0.0
2023-10-17T05:00:00Z,11.8,6.0,0.0,12.6,12.6,0.0,0.0,0.0,-42.23451685609647,321.3425741321845,55.0,0.0
2023-10-17T05:00:00Z,11.8,6.0,0.0,12.6,12.6,0.0,0.0,0.0,-42.23451685609647,321.3425741321845,60.0,0.0
2023-10-17T06:00:00Z,11.8,0.0,0.0,12.6,10.4,0.0,0.0,0.0,-46.79622029937442,341.17034122163415,30.0,0.0
2023-10-17T06:00:00Z,11.8,0.0,0.0,12.6,10.4,0.0,0.0,0.0,-46.79622029937442,341.17034122163415,35.0,0.0
2023-10-17T06:00:00Z,11.8,0.0,0.0,12.6,10.4,0.0,0.0,0.0,-46.79622029937442,341.17034122163415,40.0,0.0
2023-10-17T06:00:00Z,11.8,0.0,0.0,12.6,10.4,0.0,0.0,0.0,-46.79622029937442,341.17034122163415,45.0,0.0
2023-10-17T06:00:00Z,11.8,0.0,0.0,12.6,10.4,0.0,0.0,0.0,-46.79622029937442,341.17034122163415,50.0,0.0
2023-10-17T06:00:00Z,11.8,0.0,0.0,12.6,10.4,0.0,0.0,0.0,-46.79622029937442,341.17034122163415,55.0,0.0
2023-10-17T06:00:00Z,11.8,0.0,0.0,12.6,10.4,0.0,0.0,0.0,-46.79622029937442,341.17034122163415,60.0,0.0
2023-10-17T07:00:00Z,9.9,2.0,0.0,10.4,9.4,0.0,0.0,0.0,-48.11128187492115,3.0585709139058963,30.0,0.0
2023-10-17T07:00:00Z,9.9,2.0,0.0,10.4,9.4,0.0,0.0,0.0,-48.11128187492115,3.0585709139058963,35.0,0.0
2023-10-17T07:00:00Z,9.9,2.0,0.0,10.4,9.4,0.0,0.0,0.0,-48.11128187492115,3.0585709139058963,40.0,0.0
2023-10-17T07:00:00Z,9.9,2.0,0.0,10.4,9.4,0.0,0.0,0.0,-48.11128187492115,3.0585709139058963,45.0,0.0
2023-10-17T07:00:00Z,9.9,2.0,0.0,10.4,9.4,0.0,0.0,0.0,-48.11128187492115,3.0585709139058963,50.0,0.0
2023-10-17T07:00:00Z,9.9,2.0,0.0,10.4,9.4,0.0,0.0,0.0,-48.11128187492115,3.0585709139058963,55.0,0.0
2023-10-17T07:00:00Z,9.9,2.0,0.0,10.4,9.4,0.0,0.0,0.0,-48.11128187492115,3.0585709139058963,60.0,0.0
2023-10-17T08:00:00Z,8.9,0.0,0.0,9.4,8.3,0.0,0.0,0.0,-45.86369885395871,24.588531703380795,30.0,0.0
2023-10-17T08:00:00Z,8.9,0.0,0.0,9.4,8.3,0.0,0.0,0.0,-45.86369885395871,24.588531703380795,35.0,0.0
2023-10-17T08:00:00Z,8.9,0.0,0.0,9.4,8.3,0.0,0.0,0.0,-45.86369885395871,24.588531703380795,40.0,0.0
2023-10-17T08:00:00Z,8.9,0.0,0.0,9.4,8.3,0.0,0.0,0.0,-45.86369885395871,24.588531703380795,45.0,0.0
2023-10-17T08:00:00Z,8.9,0.0,0.0,9.4,8.3,0.0,0.0,0.0,-45.86369885395871,24.588531703380795,50.0,0.0
2023-10-17T08:00:00Z,8.9,0.0,0.0,9.4,8.3,0.0,0.0,0.0,-45.86369885395871,24.588531703380795,55.0,0.0
2023-10-17T08:00:00Z,8.9,0.0,0.0,9.4,8.3,0.0,0.0,0.0,-45.86369885395871,24.588531703380795,60.0,0.0
2023-10-17T09:00:00Z,8.2,18.0,0.0,8.3,6.8,0.0,0.0,0.0,-40.57865941643796,43.635703904248544,30.0,0.0
2023-10-17T09:00:00Z,8.2,18.0,0.0,8.3,6.8,0.0,0.0,0.0,-40.57865941643796,43.635703904248544,35.0,0.0
2023-10-17T09:00:00Z,8.2,18.0,0.0,8.3,6.8,0.0,0.0,0.0,-40.57865941643796,43.635703904248544,40.0,0.0
2023-10-17T09:00:00Z,8.2,18.0,0.0,8.3,6.8,0.0,0.0,0.0,-40.57865941643796,43.635703904248544,45.0,0.0
2023-10-17T09:00:00Z,8.2,18.0,0.0,8.3,6.8,0.0,0.0,0.0,-40.57865941643796,43.635703904248544,50.0,0.0
2023-10-17T09:00:00Z,8.2,18.0,0.0,8.3,6.8,0.0,0.0,0.0,-40.57865941643796,43.635703904248544,55.0,0.0
2023-10-17T09:00:00Z,8.2,18.0,0.0,8.3,6.8,0.0,0.0,0.0,-40.57865941643796,43.635703904248544,60.0,0.0
2023-10-17T10:00:00Z,8.2,69.0,0.0,6.8,8.3,0.0,0.0,0.0,-33.19282922036885,59.7293764175883,30.0,0.0
2023-10-17T10:00:00Z,8.2,69.0,0.0,6.8,8.3,0.0,0.0,0.0,-33.19282922036885,59.7293764175883,35.0,0.0
2023-10-17T10:00:00Z,8.2,69.0,0.0,6.8,8.3,0.0,0.0,0.0,-33.19282922036885,59.7293764175883,40.0,0.0
2023-10-17T10:00:00Z,8.2,69.0,0.0,6.8,8.3,0.0,0.0,0.0,-33.19282922036885,59.7293764175883,45.0,0.0
2023-10-17T10:00:00Z,8.2,69.0,0.0,6.8,8.3,0.0,0.0,0.0,-33.19282922036885,59.7293764175883,50.0,0.0
2023-10-17T10:00:00Z,8.2,69.0,0.0,6.8,8.3,0.0,0.0,0.0,-33.19282922036885,59.7293764175883,55.0,0.0
2023-10-17T10:00:00Z,8.2,69.0,0.0,6.8,8.3,0.0,0.0,0.0,-33.19282922036885,59.7293764175883,60.0,0.0
2023-10-17T11:00:00Z,8.4,96.0,0.2,8.3,56.9,0.0,0.0,0.0,-24.558747744125476,73.49776006431944,30.0,0.0
2023-10-17T11:00:00Z,8.4,96.0,0.2,8.3,56.9,0.0,0.0,0.0,-24.558747744125476,73.49776006431944,35.0,0.0
2023-10-17T11:00:00Z,8.4,96.0,0.2,8.3,56.9,0.0,0.0,0.0,-24.558747744125476,73.49776006431944,40.0,0.0
2023-10-17T11:00:00Z,8.4,96.0,0.2,8.3,56.9,0.0,0.0,0.0,-24.558747744125476,73.49776006431944,45.0,0.0
2023-10-17T11:00:00Z,8.4,96.0,0.2,8.3,56.9,0.0,0.0,0.0,-24.558747744125476,73.49776006431944,50.0,0.0
2023-10-17T11:00:00Z,8.4,96.0,0.2,8.3,56.9,0.0,0.0,0.0,-24.558747744125476,73.49776006431944,55.0,0.0
2023-10-17T11:00:00Z,8.4,96.0,0.2,8.3,56.9,0.0,0.0,0.0,-24.558747744125476,73.49776006431944,60.0,0.0
2023-10-17T12:00:00Z,9.9,0.0,0.3,12.2,45.4,0.0,0.0,0.0,-15.307302543481663,85.81486675780934,30.0,0.0
2023-10-17T12:00:00Z,9.9,0.0,0.3,12.2,45.4,0.0,0.0,0.0,-15.307302543481663,85.81486675780934,35.0,0.0
2023-10-17T12:00:00Z,9.9,0.0,0.3,12.2,45.4,0.0,0.0,0.0,-15.307302543481663,85.81486675780934,40.0,0.0
2023-10-17T12:00:00Z,9.9,0.0,0.3,12.2,45.4,0.0,0.0,0.0,-15.307302543481663,85.81486675780934,45.0,0.0
2023-10-17T12:00:00Z,9.9,0.0,0.3,12.2,45.4,0.0,0.0,0.0,-15.307302543481663,85.81486675780934,50.0,0.0
2023-10-17T12:00:00Z,9.9,0.0,0.3,12.2,45.4,0.0,0.0,0.0,-15.307302543481663,85.81486675780934,55.0,0.0
2023-10-17T12:00:00Z,9.9,0.0,0.3,12.2,45.4,0.0,0.0,0.0,-15.307302543481663,85.81486675780934,60.0,0.0
2023-10-17T13:00:00Z,7.6,100.0,1.0,23.8,36.4,0.0,0.0,0.0,-5.907297613430801,97.46668957156896,30.0,0.0
2023-10-17T13:00:00Z,7.6,100.0,1.0,23.8,36.4,0.0,0.0,0.0,-5.907297613430801,97.46668957156896,35.0,0.0
2023-10-17T13:00:00Z,7.6,100.0,1.0,23.8,36.4,0.0,0.0,0.0,-5.907297613430801,97.46668957156896,40.0,0.0
2023-10-17T13:00:00Z,7.6,100.0,1.0,23.8,36.4,0.0,0.0,0.0,-5.907297613430801,97.46668957156896,45.0,0.0
2023-10-17T13:00:00Z,7.6,100.0,1.0,23.8,36.4,0.0,0.0,0.0,-5.907297613430801,97.46668957156896,50.0,0.0
2023-10-17T13:00:00Z,7.6,100.0,1.0,23.8,36.4,0.0,0.0,0.0,-5.907297613430801,97.46668957156896,55.0,0.0
2023-10-17T13:00:00Z,7.6,100.0,1.0,23.8,36.4,0.0,0.0,0.0,-5.907297613430801,97.46668957156896,60.0,0.0
2023-10-17T14:00:00Z,6.9,100.0,2.5,19.1,53.3,5.0,0.0,5.0,3.2452429135573433,109.1183575983382,30.0,0.0
2023-10-17T14:00:00Z,6.9,100.0,2.5,19.1,53.3,5.0,0.0,5.0,3.2452429135573433,109.1183575983382,35.0,0.0
2023-10-17T14:00:00Z,6.9,100.0,2.5,19.1,53.3,5.0,0.0,5.0,3.2452429135573433,109.1183575983382,40.0,0.0
2023-10-17T14:00:00Z,6.9,100.0,2.5,19.1,53.3,5.0,0.0,5.0,3.2452429135573433,109.1183575983382,45.0,0.0
2023-10-17T14:00:00Z,6.9,100.0,2.5,19.1,53.3,5.0,0.0,5.0,3.2452429135573433,109.1183575983382,50.0,0.0
2023-10-17T14:00:00Z,6.9,100.0,2.5,19.1,53.3,5.0,0.0,5.0,3.2452429135573433,109.1183575983382,55.0,0.0
2023-10-17T14:00:00Z,6.9,100.0,2.5,19.1,53.3,5.0,0.0,5.0,3.2452429135573433,109.1183575983382,60.0,0.0
2023-10-17T15:00:00Z,6.3,100.0,0.1,22.7,43.9,11.0,0.0,11.0,11.753589499104852,121.34953709593066,30.0,0.037924252180735495
2023-10-17T15:00:00Z,6.3,100.0,0.1,22.7,43.9,11.0,0.0,11.0,11.753589499104852,121.34953709593066,35.0,0.03607213644918694
2023-10-17T15:00:00Z,6.3,100.0,0.1,22.7,43.9,11.0,0.0,11.0,11.753589499104852,121.34953709593066,40.0,0.033973597208182785
2023-10-17T15:00:00Z,6.3,100.0,0.1,22.7,43.9,11.0,0.0,11.0,11.753589499104852,121.34953709593066,45.0,0.031644573555556985
2023-10-17T15:00:00Z,6.3,100.0,0.1,22.7,43.9,11.0,0.0,11.0,11.753589499104852,121.34953709593066,50.0,0.029102757709026063
2023-10-17T15:00:00Z,6.3,100.0,0.1,22.7,43.9,11.0,0.0,11.0,11.753589499104852,121.34953709593066,55.0,0.026367461361967097
2023-10-17T15:00:00Z,6.3,100.0,0.1,22.7,43.9,11.0,0.0,11.0,11.753589499104852,121.34953709593066,60.0,0.023459469714104647
2023-10-17T16:00:00Z,6.4,100.0,0.0,23.8,52.9,48.0,5.2,46.3,19.166858628152557,134.65734197451752,30.0,0.36711782391280884
2023-10-17T16:00:00Z,6.4,100.0,0.0,23.8,52.9,48.0,5.2,46.3,19.166858628152557,134.65734197451752,35.0,0.3611961884210827
2023-10-17T16:00:00Z,6.4,100.0,0.0,23.8,52.9,48.0,5.2,46.3,19.166858628152557,134.65734197451752,40.0,0.3540057670967618
2023-10-17T16:00:00Z,6.4,100.0,0.0,23.8,52.9,48.0,5.2,46.3,19.166858628152557,134.65734197451752,45.0,0.34560071281399773
2023-10-17T16:00:00Z,6.4,100.0,0.0,23.8,52.9,48.0,5.2,46.3,19.166858628152557,134.65734197451752,50.0,0.336044358083884
2023-10-17T16:00:00Z,6.4,100.0,0.0,23.8,52.9,48.0,5.2,46.3,19.166858628152557,134.65734197451752,55.0,0.3254087523220862
2023-10-17T16:00:00Z,6.4,100.0,0.0,23.8,52.9,48.0,5.2,46.3,19.166858628152557,134.65734197451752,60.0,0.31377413415021527
2023-10-17T17:00:00Z,7.1,88.0,0.0,22.3,54.4,339.0,463.6,144.1,24.958039602210075,149.37154213175234,30.0,4.467443715008083
2023-10-17T17:00:00Z,7.1,88.0,0.0,22.3,54.4,339.0,463.6,144.1,24.958039602210075,149.37154213175234,35.0,4.63755800005207
2023-10-17T17:00:00Z,7.1,88.0,0.0,22.3,54.4,339.0,463.6,144.1,24.958039602210075,149.37154213175234,40.0,4.778278015305431
2023-10-17T17:00:00Z,7.1,88.0,0.0,22.3,54.4,339.0,463.6,144.1,24.958039602210075,149.37154213175234,45.0,4.888851469312527
2023-10-17T17:00:00Z,7.1,88.0,0.0,22.3,54.4,339.0,463.6,144.1,24.958039602210075,149.37154213175234,50.0,4.96869575037511
2023-10-17T17:00:00Z,7.1,88.0,0.0,22.3,54.4,339.0,463.6,144.1,24.958039602210075,149.37154213175234,55.0,5.0173948465559715
2023-10-17T17:00:00Z,7.1,88.0,0.0,22.3,54.4,339.0,463.6,144.1,24.958039602210075,149.37154213175234,60.0,5.034696959962323
2023-10-17T18:00:00Z,11.9,0.0,0.0,27.0,52.6,477.0,707.7,139.8,28.5686133225706,165.46420942546263,30.0,6.421889666185509
2023-10-17T18:00:00Z,11.9,0.0,0.0,27.0,52.6,477.0,707.7,139.8,28.5686133225706,165.46420942546263,35.0,6.686948412267578
2023-10-17T18:00:00Z,11.9,0.0,0.0,27.0,52.6,477.0,707.7,139.8,28.5686133225706,165.46420942546263,40.0,6.907813928156428
2023-10-17T18:00:00Z,11.9,0.0,0.0,27.0,52.6,477.0,707.7,139.8,28.5686133225706,165.46420942546263,45.0,7.083586259742921
2023-10-17T18:00:00Z,11.9,0.0,0.0,27.0,52.6,477.0,707.7,139.8,28.5686133225706,165.46420942546263,50.0,7.213572286861932
2023-10-17T18:00:00Z,11.9,0.0,0.0,27.0,52.6,477.0,707.7,139.8,28.5686133225706,165.46420942546263,55.0,7.2972727414701595
2023-10-17T18:00:00Z,11.9,0.0,0.0,27.0,52.6,477.0,707.7,139.8,28.5686133225706,165.46420942546263,60.0,7.334372169349125
2023-10-17T19:00:00Z,12.6,0.0,0.0,19.4,42.5,496.0,722.3,141.1,29.55400651594296,182.37487352532068,30.0,6.589258180746465
2023-10-17T19:00:00Z,12.6,0.0,0.0,19.4,42.5,496.0,722.3,141.1,29.55400651594296,182.37487352532068,35.0,6.85696012923175
2023-10-17T19:00:00Z,12.6,0.0,0.0,19.4,42.5,496.0,722.3,141.1,29.55400651594296,182.37487352532068,40.0,7.079588112871107
2023-10-17T19:00:00Z,12.6,0.0,0.0,19.4,42.5,496.0,722.3,141.1,29.55400651594296,182.37487352532068,45.0,7.256368560976735
2023-10-17T19:00:00Z,12.6,0.0,0.0,19.4,42.5,496.0,722.3,141.1,29.55400651594296,182.37487352532068,50.0,7.38671481772813
2023-10-17T19:00:00Z,12.6,0.0,0.0,19.4,42.5,496.0,722.3,141.1,29.55400651594296,182.37487352532068,55.0,7.470210176680049
2023-10-17T19:00:00Z,12.6,0.0,0.0,19.4,42.5,496.0,722.3,141.1,29.55400651594296,182.37487352532068,60.0,7.506594849308365
2023-10-17T20:00:00Z,14.3,0.0,0.0,16.9,47.2,451.0,670.4,139.8,27.776126549023427,199.13592885710898,30.0,5.961457679167401
2023-10-17T20:00:00Z,14.3,0.0,0.0,16.9,47.2,451.0,670.4,139.8,27.776126549023427,199.13592885710898,35.0,6.2043967406326885
2023-10-17T20:00:00Z,14.3,0.0,0.0,16.9,47.2,451.0,670.4,139.8,27.776126549023427,199.13592885710898,40.0,6.4067031880626875
2023-10-17T20:00:00Z,14.3,0.0,0.0,16.9,47.2,451.0,670.4,139.8,27.776126549023427,199.13592885710898,45.0,6.567610917853614
2023-10-17T20:00:00Z,14.3,0.0,0.0,16.9,47.2,451.0,670.4,139.8,27.776126549023427,199.13592885710898,50.0,6.6865338603975015
2023-10-17T20:00:00Z,14.3,0.0,0.0,16.9,47.2,451.0,670.4,139.8,27.776126549023427,199.13592885710898,55.0,6.7630522721295465
2023-10-17T20:00:00Z,14.3,0.0,0.0,16.9,47.2,451.0,670.4,139.8,27.776126549023427,199.13592885710898,60.0,6.796902156809794
2023-10-17T21:00:00Z,15.5,47.0,0.0,14.8,36.7,188.0,128.4,137.0,23.4769221967205,214.85833542771803,30.0,1.93640477658824
2023-10-17T21:00:00Z,15.5,47.0,0.0,14.8,36.7,188.0,128.4,137.0,23.4769221967205,214.85833542771803,35.0,1.968389514756373
2023-10-17T21:00:00Z,15.5,47.0,0.0,14.8,36.7,188.0,128.4,137.0,23.4769221967205,214.85833542771803,40.0,1.9904506456829145
2023-10-17T21:00:00Z,15.5,47.0,0.0,14.8,36.7,188.0,128.4,137.0,23.4769221967205,214.85833542771803,45.0,2.002438089406669
2023-10-17T21:00:00Z,15.5,47.0,0.0,14.8,36.7,188.0,128.4,137.0,23.4769221967205,214.85833542771803,50.0,2.004270423967783
2023-10-17T21:00:00Z,15.5,47.0,0.0,14.8,36.7,188.0,128.4,137.0,23.4769221967205,214.85833542771803,55.0,1.9959352115750095
2023-10-17T21:00:00Z,15.5,47.0,0.0,14.8,36.7,188.0,128.4,137.0,23.4769221967205,214.85833542771803,60.0,1.9774890481704788
2023-10-17T22:00:00Z,14.8,86.0,0.0,14.0,28.1,176.0,218.2,111.9,17.153311381686258,229.14082184622416,30.0,2.0578457472958886
2023-10-17T22:00:00Z,14.8,86.0,0.0,14.0,28.1,176.0,218.2,111.9,17.153311381686258,229.14082184622416,35.0,2.120481008457704
2023-10-17T22:00:00Z,14.8,86.0,0.0,14.0,28.1,176.0,218.2,111.9,17.153311381686258,229.14082184622416,40.0,2.1710024712825575
2023-10-17T22:00:00Z,14.8,86.0,0.0,14.0,28.1,176.0,218.2,111.9,17.153311381686258,229.14082184622416,45.0,2.2090762755556326
2023-10-17T22:00:00Z,14.8,86.0,0.0,14.0,28.1,176.0,218.2,111.9,17.153311381686258,229.14082184622416,50.0,2.2344518931850534
2023-10-17T22:00:00Z,14.8,86.0,0.0,14.0,28.1,176.0,218.2,111.9,17.153311381686258,229.14082184622416,55.0,2.246962864960196
2023-10-17T22:00:00Z,14.8,86.0,0.0,14.0,28.1,176.0,218.2,111.9,17.153311381686258,229.14082184622416,60.0,2.2465272728348658
2023-10-17T23:00:00Z,14.2,19.0,0.0,13.3,13.3,108.0,237.3,69.6,9.364192530065171,242.08133092663672,30.0,1.4139956206822362
2023-10-17T23:00:00Z,14.2,19.0,0.0,13.3,13.3,108.0,237.3,69.6,9.364192530065171,242.08133092663672,35.0,1.4760263142385688
2023-10-17T23:00:00Z,14.2,19.0,0.0,13.3,13.3,108.0,237.3,69.6,9.364192530065171,242.08133092663672,40.0,1.5290800684655865
2023-10-17T23:00:00Z,14.2,19.0,0.0,13.3,13.3,108.0,237.3,69.6,9.364192530065171,242.08133092663672,45.0,1.5727917882653415
2023-10-17T23:00:00Z,14.2,19.0,0.0,13.3,13.3,108.0,237.3,69.6,9.364192530065171,242.08133092663672,50.0,1.6068619765051004
2023-10-17T23:00:00Z,14.2,19.0,0.0,13.3,13.3,108.0,237.3,69.6,9.364192530065171,242.08133092663672,55.0,1.6310580190017048
2023-10-17T23:00:00Z,14.2,19.0,0.0,13.3,13.3,108.0,237.3,69.6,9.364192530065171,242.08133092663672,60.0,1.645215155762174
2023-10-18T00:00:00Z,13.6,0.0,0.0,13.3,12.6,16.0,16.2,15.0,0.6143004614747347,254.07259291077588,30.0,0.10123602092059607
2023-10-18T00:00:00Z,13.6,0.0,0.0,13.3,12.6,16.0,16.2,15.0,0.6143004614747347,254.07259291077588,35.0,0.10338502971252245
2023-10-18T00:00:00Z,13.6,0.0,0.0,13.3,12.6,16.0,16.2,15.0,0.6143004614747347,254.07259291077588,40.0,0.1049258945647885
2023-10-18T00:00:00Z,13.6,0.0,0.0,13.3,12.6,16.0,16.2,15.0,0.6143004614747347,254.07259291077588,45.0,0.1058469597544445
2023-10-18T00:00:00Z,13.6,0.0,0.0,13.3,12.6,16.0,16.2,15.0,0.6143004614747347,254.07259291077588,50.0,0.10614125862298047
2023-10-18T00:00:00Z,13.6,0.0,0.0,13.3,12.6,16.0,16.2,15.0,0.6143004614747347,254.07259291077588,55.0,0.10580656528528784
2023-10-18T00:00:00Z,13.6,0.0,0.0,13.3,12.6,16.0,16.2,15.0,0.6143004614747347,254.07259291077588,60.0,0.10484541114782592
2023-10-18T01:00:00Z,10.6,1.0,0.0,12.6,13.3,0.0,0.0,0.0,-8.666676939703892,265.6386560749041,30.0,0.0
2023-10-18T01:00:00Z,10.6,1.0,0.0,12.6,13.3,0.0,0.0,0.0,-8.666676939703892,265.6386560749041,35.0,0.0
2023-10-18T01:00:00Z,10.6,1.0,0.0,12.6,13.3,0.0,0.0,0.0,-8.666676939703892,265.6386560749041,40.0,0.0
2023-10-18T01:00:00Z,10.6,1.0,0.0,12.6,13.3,0.0,0.0,0.0,-8.666676939703892,265.6386560749041,45.0,0.0
2023-10-18T01:00:00Z,10.6,1.0,0.0,12.6,13.3,0.0,0.0,0.0,-8.666676939703892,265.6386560749041,50.0,0.0
2023-10-18T01:00:00Z,10.6,1.0,0.0,12.6,13.3,0.0,0.0,0.0,-8.666676939703892,265.6386560749041,55.0,0.0
2023-10-18T01:00:00Z,10.6,1.0,0.0,12.6,13.3,0.0,0.0,0.0,-8.666676939703892,265.6386560749041,60.0,0.0
2023-10-18T02:00:00Z,9.1,2.0,0.0,13.3,11.2,0.0,0.0,0.0,-18.090755223047793,277.3803611155905,30.0,0.0
2023-10-18T02:00:00Z,9.1,2.0,0.0,13.3,11.2,0.0,0.0,0.0,-18.090755223047793,277.3803611155905,35.0,0.0
2023-10-18T02:00:00Z,9.1,2.0,0.0,13.3,11.2,0.0,0.0,0.0,-18.090755223047793,277.3803611155905,40.0,0.0
2023-10-18T02:00:00Z,9.1,2.0,0.0,13.3,11.2,0.0,0.0,0.0,-18.090755223047793,277.3803611155905,45.0,0.0
2023-10-18T02:00:00Z,9.1,2.0,0.0,13.3,11.2,0.0,0.0,0.0,-18.090755223047793,277.3803611155905,50.0,0.0
2023-10-18T02:00:00Z,9.1,2.0,0.0,13.3,11.2,0.0,0.0,0.0,-18.090755223047793,277.3803611155905,55.0,0.0
2023-10-18T02:00:00Z,9.1,2.0,0.0,13.3,11.2,0.0,0.0,0.0,-18.090755223047793,277.3803611155905,60.0,0.0
2023-10-18T03:00:00Z,7.9,1.0,0.0,11.2,8.6,0.0,0.0,0.0,-27.25227827984556,289.9954330268565,30.0,0.0
2023-10-18T03:00:00Z,7.9,1.0,0.0,11.2,8.6,0.0,0.0,0.0,-27.25227827984556,289.9954330268565,35.0,0.0
2023-10-18T03:00:00Z,7.9,1.0,0.0,11.2,8.6,0.0,0.0,0.0,-27.25227827984556,289.9954330268565,40.0,0.0
2023-10-18T03:00:00Z,7.9,1.0,0.0,11.2,8.6,0.0,0.0,0.0,-27.25227827984556,289.9954330268565,45.0,0.0
2023-10-18T03:00:00Z,7.9,1.0,0.0,11.2,8.6,0.0,0.0,0.0,-27.25227827984556,289.9954330268565,50.0,0.0
2023-10-18T03:00:00Z,7.9,1.0,0.0,11.2,8.6,0.0,0.0,0.0,-27.25227827984556,289.9954330268565,55.0,0.0
2023-10-18T03:00:00Z,7.9,1.0,0.0,11.2,8.6,0.0,0.0,0.0,-27.25227827984556,289.9954330268565,60.0,0.0
2023-10-18T04:00:00Z,6.4,3.0,0.0,8.6,7.2,0.0,0.0,0.0,-35.64868583140225,304.3120030117044,30.0,0.0
2023-10-18T04:00:00Z,6.4,3.0,0.0,8.6,7.2,0.0,0.0,0.0,-35.64868583140225,304.3120030117044,35.0,0.0
2023-10-18T04:00:00Z,6.4,3.0,0.0,8.6,7.2,0.0,0.0,0.0,-35.64868583140225,304.3120030117044,40.0,0.0
2023-10-18T04:00:00Z,6.4,3.0,0.0,8.6,7.2,0.0,0.0,0.0,-35.64868583140225,304.3120030117044,45.0,0.0
2023-10-18T04:00:00Z,6.4,3.0,0.0,8.6,7.2,0.0,0.0,0.0,-35.64868583140225,304.3120030117044,50.0,0.0
2023-10-18T04:00:00Z,6.4,3.0,0.0,8.6,7.2,0.0,0.0,0.0,-35.64868583140225,304.3120030117044,55.0,0.0
2023-10-18T04:00:00Z,6.4,3.0,0.0,8.6,7.2,0.0,0.0,0.0,-35.64868583140225,304.3120030117044,60.0,0.0
2023-10-18T05:00:00Z,4.8,14.0,0.0,6.8,7.2,0.0,0.0,0.0,-42.5893394794616,321.20714836850914,30.0,0.0
2023-10-18T05:00:00Z,4.8,14.0,0.0,6.8,7.2,0.0,0.0,0.0,-42.5893394794616,321.20714836850914,35.0,0.0
2023-10-18T05:00:00Z,4.8,14.0,0.0,6.8,7.2,0.0,0.0,0.0,-42.5893394794616,321.20714836850914,40.0,0.0
2023-10-18T05:00:00Z,4.8,14.0,0.0,6.8,7.2,0.0,0.0,0.0,-42.5893394794616,321.20714836850914,45.0,0.0
2023-10-18T05:00:00Z,4.8,14.0,0.0,6.8,7.2,0.0,0.0,0.0,-42.5893394794616,321.20714836850914,50.0,0.0
2023-10-18T05:00:00Z,4.8,14.0,0.0,6.8,7.2,0.0,0.0,0.0,-42.5893394794616,321.20714836850914,55.0,0.0
2023-10-18T05:00:00Z,4.8,14.0,0.0,6.8,7.2,0.0,0.0,0.0,-42.5893394794616,321.20714836850914,60.0,0.0
2023-10-18T06:00:00Z,6.4,0.0,0.0,7.2,6.5,0.0,0.0,0.0,-47.16379162720623,341.1313377760597,30.0,0.0
2023-10-18T06:00:00Z,6.4,0.0,0.0,7.2,6.5,0.0,0.0,0.0,-47.16379162720623,341.1313377760597,35.0,0.0
2023-10-18T06:00:00Z,6.4,0.0,0.0,7.2,6.5,0.0,0.0,0.0,-47.16379162720623,341.1313377760597,40.0,0.0
2023-10-18T06:00:00Z,6.4,0.0,0.0,7.2,6.5,0.0,0.0,0.0,-47.16379162720623,341.1313377760597,45.0,0.0
2023-10-18T06:00:00Z,6.4,0.0,0.0,7.2,6.5,0.0,0.0,0.0,-47.16379162720623,341.1313377760597,50.0,0.0
2023-10-18T06:00:00Z,6.4,0.0,0.0,7.2,6.5,0.0,0.0,0.0,-47.16379162720623,341.1313377760597,55.0,0.0
2023-10-18T06:00:00Z,6.4,0.0,0.0,7.2,6.5,0.0,0.0,0.0,-47.16379162720623,341.1313377760597,60.0,0.0
2023-10-18T07:00:00Z,4.1,52.0,0.0,6.5,6.1,0.0,0.0,0.0,-48.47443667416482,3.1519066800722726,30.0,0.0
2023-10-18T07:00:00Z,4.1,52.0,0.0,6.5,6.1,0.0,0.0,0.0,-48.47443667416482,3.1519066800722726,35.0,0.0
2023-10-18T07:00:00Z,4.1,52.0,0.0,6.5,6.1,0.0,0.0,0.0,-48.47443667416482,3.1519066800722726,40.0,0.0
2023-10-18T07:00:00Z,4.1,52.0,0.0,6.5,6.1,0.0,0.0,0.0,-48.47443667416482,3.1519066800722726,45.0,0.0
2023-10-18T07:00:00Z,4.1,52.0,0.0,6.5,6.1,0.0,0.0,0.0,-48.47443667416482,3.1519066800722726,50.0,0.0
2023-10-18T07:00:00Z,4.1,52.0,0.0,6.5,6.1,0.0,0.0,0.0,-48.47443667416482,3.1519066800722726,55.0,0.0
2023-10-18T07:00:00Z,4.1,52.0,0.0,6.5,6.1,0.0,0.0,0.0,-48.47443667416482,3.1519066800722726,60.0,0.0
2023-10-18T08:00:00Z,4.6,35.0,0.0,6.1,6.1,0.0,0.0,0.0,-46.20235924985838,24.79710952489063,30.0,0.0
2023-10-18T08:00:00Z,4.6,35.0,0.0,6.1,6.1,0.0,0.0,0.0,-46.20235924985838,24.79710952489063,35.0,0.0
2023-10-18T08:00:00Z,4.6,35.0,0.0,6.1,6.1,0.0,0.0,0.0,-46.20235924985838,24.79710952489063,40.0,0.0
2023-10-18T08:00:00Z,4.6,35.0,0.0,6.1,6.1,0.0,0.0,0.0,-46.20235924985838,24.79710952489063,45.0,0.0
2023-10-18T08:00:00Z,4.6,35.0,0.0,6.1,6.1,0.0,0.0,0.0,-46.20235924985838,24.79710952489063,50.0,0.0
2023-10-18T08:00:00Z,4.6,35.0,0.0,6.1,6.1,0.0,0.0,0.0,-46.20235924985838,24.79710952489063,55.0,0.0
2023-10-18T08:00:00Z,4.6,35.0,0.0,6.1,6.1,0.0,0.0,0.0,-46.20235924985838,24.79710952489063,60.0,0.0
2023-10-18T09:00:00Z,4.4,5.0,0.0,6.1,5.0,0.0,0.0,0.0,-40.884438575122395,43.90640880672481,30.0,0.0
2023-10-18T09:00:00Z,4.4,5.0,0.0,6.1,5.0,0.0,0.0,0.0,-40.884438575122395,43.90640880672481,35.0,0.0
2023-10-18T09:00:00Z,4.4,5.0,0.0,6.1,5.0,0.0,0.0,0.0,-40.884438575122395,43.90640880672481,40.0,0.0
2023-10-18T09:00:00Z,4.4,5.0,0.0,6.1,5.0,0.0,0.0,0.0,-40.884438575122395,43.90640880672481,45.0,0.0
2023-10-18T09:00:00Z,4.4,5.0,0.0,6.1,5.0,0.0,0.0,0.0,-40.884438575122395,43.90640880672481,50.0,0.0
2023-10-18T09:00:00Z,4.4,5.0,0.0,6.1,5.0,0.0,0.0,0.0,-40.884438575122395,43.90640880672481,55.0,0.0
2023-10-18T09:00:00Z,4.4,5.0,0.0,6.1,5.0,0.0,0.0,0.0,-40.884438575122395,43.90640880672481,60.0,0.0
2023-10-18T10:00:00Z,3.9,1.0,0.0,5.0,6.8,0.0,0.0,0.0,-33.47007580824977,60.019201127207566,30.0,0.0
2023-10-18T10:00:00Z,3.9,1.0,0.0,5.0,6.8,0.0,0.0,0.0,-33.47007580824977,60.019201127207566,35.0,0.0
2023-10-18T10:00:00Z,3.9,1.0,0.0,5.0,6.8,0.0,0.0,0.0,-33.47007580824977,60.019201127207566,40.0,0.0
2023-10-18T10:00:00Z,3.9,1.0,0.0,5.0,6.8,0.0,0.0,0.0,-33.47007580824977,60.019201127207566,45.0,0.0
2023-10-18T10:00:00Z,3.9,1.0,0.0,5.0,6.8,0.0,0.0,0.0,-33.47007580824977,60.019201127207566,50.0,0.0
2023-10-18T10:00:00Z,3.9,1.0,0.0,5.0,6.8,0.0,0.0,0.0,-33.47007580824977,60.019201127207566,55.0,0.0
2023-10-18T10:00:00Z,3.9,1.0,0.0,5.0,6.8,0.0,0.0,0.0,-33.47007580824977,60.019201127207566,60.0,0.0
2023-10-18T11:00:00Z,5.2,62.0,0.1,6.8,9.7,0.0,0.0,0.0,-24.81727797735752,73.78599639104186,30.0,0.0
2023-10-18T11:00:00Z,5.2,62.0,0.1,6.8,9.7,0.0,0.0,0.0,-24.81727797735752,73.78599639104186,35.0,0.0
2023-10-18T11:00:00Z,5.2,62.0,0.1,6.8,9.7,0.0,0.0,0.0,-24.81727797735752,73.78599639104186,40.0,0.0
2023-10-18T11:00:00Z,5.2,62.0,0.1,6.8,9.7,0.0,0.0,0.0,-24.81727797735752,73.78599639104186,45.0,0.0
2023-10-18T11:00:00Z,5.2,62.0,0.1,6.8,9.7,0.0,0.0,0.0,-24.81727797735752,73.78599639104186,50.0,0.0
2023-10-18T11:00:00Z,5.2,62.0,0.1,6.8,9.7,0.0,0.0,0.0,-24.81727797735752,73.78599639104186,55.0,0.0
2023-10-18T11:00:00Z,5.2,62.0,0.1,6.8,9.7,0.0,0.0,0.0,-24.81727797735752,73.78599639104186,60.0,0.0
2023-10-18T12:00:00Z,9.9,0.0,0.0,9.7,6.5,0.0,0.0,0.0,-15.557582031224099,86.09459412546761,30.0,0.0
2023-10-18T12:00:00Z,9.9,0.0,0.0,9.7,6.5,0.0,0.0,0.0,-15.557582031224099,86.09459412546761,35.0,0.0
2023-10-18T12:00:00Z,9.9,0.0,0.0,9.7,6.5,0.0,0.0,0.0,-15.557582031224099,86.09459412546761,40.0,0.0
2023-10-18T12:00:00Z,9.9,0.0,0.0,9.7,6.5,0.0,0.0,0.0,-15.557582031224099,86.09459412546761,45.0,0.0
2023-10-18T12:00:00Z,9.9,0.0,0.0,9.7,6.5,0.0,0.0,0.0,-15.557582031224099,86.09459412546761,50.0,0.0
2023-10-18T12:00:00Z,9.9,0.0,0.0,9.7,6.5,0.0,0.0,0.0,-15.557582031224099,86.09459412546761,55.0,0.0
2023-10-18T12:00:00Z,9.9,0.0,0.0,9.7,6.5,0.0,0.0,0.0,-15.557582031224099,86.09459412546761,60.0,0.0
2023-10-18T13:00:00Z,7.3,96.0,0.0,6.5,6.8,0.0,0.0,0.0,-6.158956332462743,97.73639326107951,30.0,0.0
2023-10-18T13:00:00Z,7.3,96.0,0.0,6.5,6.8,0.0,0.0,0.0,-6.158956332462743,97.73639326107951,35.0,0.0
2023-10-18T13:00:00Z,7.3,96.0,0.0,6.5,6.8,0.0,0.0,0.0,-6.158956332462743,97.73639326107951,40.0,0.0
2023-10-18T13:00:00Z,7.3,96.0,0.0,6.5,6.8,0.0,0.0,0.0,-6.158956332462743,97.73639326107951,45.0,0.0
2023-10-18T13:00:00Z,7.3,96.0,0.0,6.5,6.8,0.0,0.0,0.0,-6.158956332462743,97.73639326107951,50.0,0.0
2023-10-18T13:00:00Z,7.3,96.0,0.0,6.5,6.8,0.0,0.0,0.0,-6.158956332462743,97.73639326107951,55.0,0.0
2023-10-18T13:00:00Z,7.3,96.0,0.0,6.5,6.8,0.0,0.0,0.0,-6.158956332462743,97.73639326107951,60.0,0.0
2023-10-18T14:00:00Z,8.1,73.0,0.0,6.8,7.6,11.0,0.0,11.0,2.983557364191484,109.37702507684367,30.0,0.03734998272484188
2023-10-18T14:00:00Z,8.1,73.0,0.0,6.8,7.6,11.0,0.0,11.0,2.983557364191484,109.37702507684367,35.0,0.035509639324122697
2023-10-18T14:00:00Z,8.1,73.0,0.0,6.8,7.6,11.0,0.0,11.0,2.983557364191484,109.37702507684367,40.0,0.033424418844520264
2023-10-18T14:00:00Z,8.1,73.0,0.0,6.8,7.6,11.0,0.0,11.0,2.983557364191484,109.37702507684367,45.0,0.03111015204681435
2023-10-18T14:00:00Z,8.1,73.0,0.0,6.8,7.6,11.0,0.0,11.0,2.983557364191484,109.37702507684367,50.0,0.028584411648075955
2023-10-18T14:00:00Z,8.1,73.0,0.0,6.8,7.6,11.0,0.0,11.0,2.983557364191484,109.37702507684367,55.0,0.025866379805385697
2023-10-18T14:00:00Z,8.1,73.0,0.0,6.8,7.6,11.0,0.0,11.0,2.983557364191484,109.37702507684367,60.0,0.02297670335086332
2023-10-18T15:00:00Z,8.1,87.0,0.0,7.2,6.5,34.0,3.7,33.3,11.47428062935679,121.59348570540175,30.0,0.24035186668529948
2023-10-18T15:00:00Z,8.1,87.0,0.0,7.2,6.5,34.0,3.7,33.3,11.47428062935679,121.59348570540175,35.0,0.2359058726816235
2023-10-18T15:00:00Z,8.1,87.0,0.0,7.2,6.5,34.0,3.7,33.3,11.47428062935679,121.59348570540175,40.0,0.23060024970245582
2023-10-18T15:00:00Z,8.1,87.0,0.0,7.2,6.5,34.0,3.7,33.3,11.47428062935679,121.59348570540175,45.0,0.22447502380337078
2023-10-18T15:00:00Z,8.1,87.0,0.0,7.2,6.5,34.0,3.7,33.3,11.47428062935679,121.59348570540175,50.0,0.21757642534032218
2023-10-18T15:00:00Z,8.1,87.0,0.0,7.2,6.5,34.0,3.7,33.3,11.47428062935679,121.59348570540175,55.0,0.2099565488547125
2023-10-18T15:00:00Z,8.1,87.0,0.0,7.2,6.5,34.0,3.7,33.3,11.47428062935679,121.59348570540175,60.0,0.20167296898722725
2023-10-18T16:00:00Z,7.5,94.0,0.0,6.1,3.2,88.0,27.6,79.1,18.864050363161738,134.87754341421555,30.0,0.7726800304162001
2023-10-18T16:00:00Z,7.5,94.0,0.0,6.1,3.2,88.0,27.6,79.1,18.864050363161738,134.87754341421555,35.0,0.7700509684592368
2023-10-18T16:00:00Z,7.5,94.0,0.0,6.1,3.2,88.0,27.6,79.1,18.864050363161738,134.87754341421555,40.0,0.7643795830707907
2023-10-18T16:00:00Z,7.5,94.0,0.0,6.1,3.2,88.0,27.6,79.1,18.864050363161738,134.87754341421555,45.0,0.7557076303037819
2023-10-18T16:00:00Z,7.5,94.0,0.0,6.1,3.2,88.0,27.6,79.1,18.864050363161738,134.87754341421555,50.0,0.7440989971828168
2023-10-18T16:00:00Z,7.5,94.0,0.0,6.1,3.2,88.0,27.6,79.1,18.864050363161738,134.87754341421555,55.0,0.7296392793691535
2023-10-18T16:00:00Z,7.5,94.0,0.0,6.1,3.2,88.0,27.6,79.1,18.864050363161738,134.87754341421555,60.0,0.7124352130255918
2023-10-18T17:00:00Z,8.6,54.0,0.0,3.2,6.1,167.0,83.7,132.3,24.629233384916724,149.5520101538724,30.0,1.6500119014160974
2023-10-18T17:00:00Z,8.6,54.0,0.0,3.2,6.1,167.0,83.7,132.3,24.629233384916724,149.5520101538724,35.0,1.66529166517258
2023-10-18T17:00:00Z,8.6,54.0,0.0,3.2,6.1,167.0,83.7,132.3,24.629233384916724,149.5520101538724,40.0,1.6728916178856956
2023-10-18T17:00:00Z,8.6,54.0,0.0,3.2,6.1,167.0,83.7,132.3,24.629233384916724,149.5520101538724,45.0,1.6727591821231442
2023-10-18T17:00:00Z,8.6,54.0,0.0,3.2,6.1,167.0,83.7,132.3,24.629233384916724,149.5520101538724,50.0,1.6648952737490352
2023-10-18T17:00:00Z,8.6,54.0,0.0,3.2,6.1,167.0,83.7,132.3,24.629233384916724,149.5520101538724,55.0,1.649354297717297
2023-10-18T17:00:00Z,8.6,54.0,0.0,3.2,6.1,167.0,83.7,132.3,24.629233384916724,149.5520101538724,60.0,1.6262438974793194
2023-10-18T18:00:00Z,14.8,0.0,0.0,6.1,7.6,276.0,224.9,170.1,28.216925266616215,165.58446071695607,30.0,3.0669011601213105
2023-10-18T18:00:00Z,14.8,0.0,0.0,6.1,7.6,276.0,224.9,170.1,28.216925266616215,165.58446071695607,35.0,3.142392387831018
2023-10-18T18:00:00Z,14.8,0.0,0.0,6.1,7.6,276.0,224.9,170.1,28.216925266616215,165.58446071695607,40.0,3.200528519727637
2023-10-18T18:00:00Z,14.8,0.0,0.0,6.1,7.6,276.0,224.9,170.1,28.216925266616215,165.58446071695607,45.0,3.2409655083382534
2023-10-18T18:00:00Z,14.8,0.0,0.0,6.1,7.6,276.0,224.9,170.1,28.216925266616215,165.58446071695607,50.0,3.263465580566739
2023-10-18T18:00:00Z,14.8,0.0,0.0,6.1,7.6,276.0,224.9,170.1,28.216925266616215,165.58446071695607,55.0,3.2678969796929422
2023-10-18T18:00:00Z,14.8,0.0,0.0,6.1,7.6,276.0,224.9,170.1,28.216925266616215,165.58446071695607,60.0,3.2542338022400576
2023-10-18T19:00:00Z,15.1,24.0,0.0,3.6,8.6,358.0,390.4,168.3,29.188892995493724,182.41912379609502,30.0,4.322506440097288
2023-10-18T19:00:00Z,15.1,24.0,0.0,3.6,8.6,358.0,390.4,168.3,29.188892995493724,182.41912379609502,35.0,4.466584156394961
2023-10-18T19:00:00Z,15.1,24.0,0.0,3.6,8.6,358.0,390.4,168.3,29.188892995493724,182.41912379609502,40.0,4.583625146455064
2023-10-18T19:00:00Z,15.1,24.0,0.0,3.6,8.6,358.0,390.4,168.3,29.188892995493724,182.41912379609502,45.0,4.673084111511528
2023-10-18T19:00:00Z,15.1,24.0,0.0,3.6,8.6,358.0,390.4,168.3,29.188892995493724,182.41912379609502,50.0,4.734552578313984
2023-10-18T19:00:00Z,15.1,24.0,0.0,3.6,8.6,358.0,390.4,168.3,29.188892995493724,182.41912379609502,55.0,4.76775409038261
2023-10-18T19:00:00Z,15.1,24.0,0.0,3.6,8.6,358.0,390.4,168.3,29.188892995493724,182.41912379609502,60.0,4.772540757275555
2023-10-18T20:00:00Z,17.3,9.0,0.0,3.6,31.3,388.0,520.0,149.6,27.410229435231486,199.10335470777727,30.0,4.894433549734713
2023-10-18T20:00:00Z,17.3,9.0,0.0,3.6,31.3,388.0,520.0,149.6,27.410229435231486,199.10335470777727,35.0,5.080983298215384
2023-10-18T20:00:00Z,17.3,9.0,0.0,3.6,31.3,388.0,520.0,149.6,27.410229435231486,199.10335470777727,40.0,5.2353664688661805
2023-10-18T20:00:00Z,17.3,9.0,0.0,3.6,31.3,388.0,520.0,149.6,27.410229435231486,199.10335470777727,45.0,5.356977636816406
2023-10-18T20:00:00Z,17.3,9.0,0.0,3.6,31.3,388.0,520.0,149.6,27.410229435231486,199.10335470777727,50.0,5.445356291170778
2023-10-18T20:00:00Z,17.3,9.0,0.0,3.6,31.3,388.0,520.0,149.6,27.410229435231486,199.10335470777727,55.0,5.500176935804198
2023-10-18T20:00:00Z,17.3,9.0,0.0,3.6,31.3,388.0,520.0,149.6,27.410229435231486,199.10335470777727,60.0,5.521241580506909
2023-10-18T21:00:00Z,19.2,13.0,0.0,11.9,36.4,302.0,416.9,139.0,23.120616082236612,214.762926995895,30.0,3.7865195988226557
2023-10-18T21:00:00Z,19.2,13.0,0.0,11.9,36.4,302.0,416.9,139.0,23.120616082236612,214.762926995895,35.0,3.929942123102986
2023-10-18T21:00:00Z,19.2,13.0,0.0,11.9,36.4,302.0,416.9,139.0,23.120616082236612,214.762926995895,40.0,4.048810220422911
2023-10-18T21:00:00Z,19.2,13.0,0.0,11.9,36.4,302.0,416.9,139.0,23.120616082236612,214.762926995895,45.0,4.142497348821165
2023-10-18T21:00:00Z,19.2,13.0,0.0,11.9,36.4,302.0,416.9,139.0,23.120616082236612,214.762926995895,50.0,4.210517340823521
2023-10-18T21:00:00Z,19.2,13.0,0.0,11.9,36.4,302.0,416.9,139.0,23.120616082236612,214.762926995895,55.0,4.2525214759040715
2023-10-18T21:00:00Z,19.2,13.0,0.0,11.9,36.4,302.0,416.9,139.0,23.120616082236612,214.762926995895,60.0,4.268296205971324
2023-10-18T22:00:00Z,18.3,4.0,0.0,15.5,34.6,241.0,451.6,111.0,16.81152239235397,229.0015921975001,30.0,3.244509583242275
2023-10-18T22:00:00Z,18.3,4.0,0.0,15.5,34.6,241.0,451.6,111.0,16.81152239235397,229.0015921975001,35.0,3.3884721034725103
2023-10-18T22:00:00Z,18.3,4.0,0.0,15.5,34.6,241.0,451.6,111.0,16.81152239235397,229.0015921975001,40.0,3.510593670770449
2023-10-18T22:00:00Z,18.3,4.0,0.0,15.5,34.6,241.0,451.6,111.0,16.81152239235397,229.0015921975001,45.0,3.610177508563121
2023-10-18T22:00:00Z,18.3,4.0,0.0,15.5,34.6,241.0,451.6,111.0,16.81152239235397,229.0015921975001,50.0,3.686663081449824
2023-10-18T22:00:00Z,18.3,4.0,0.0,15.5,34.6,241.0,451.6,111.0,16.81152239235397,229.0015921975001,55.0,3.7396245651763067
2023-10-18T22:00:00Z,18.3,4.0,0.0,15.5,34.6,241.0,451.6,111.0,16.81152239235397,229.0015921975001,60.0,3.7687695056201527
2023-10-18T23:00:00Z,17.3,0.0,0.0,16.2,54.4,114.0,287.1,69.2,9.036779194108632,241.91404535440864,30.0,1.577947280964495
2023-10-18T23:00:00Z,17.3,0.0,0.0,16.2,54.4,114.0,287.1,69.2,9.036779194108632,241.91404535440864,35.0,1.6562826976653637
2023-10-18T23:00:00Z,17.3,0.0,0.0,16.2,54.4,114.0,287.1,69.2,9.036779194108632,241.91404535440864,40.0,1.7241814588314124
2023-10-18T23:00:00Z,17.3,0.0,0.0,16.2,54.4,114.0,287.1,69.2,9.036779194108632,241.91404535440864,45.0,1.7811836153114387
2023-10-18T23:00:00Z,17.3,0.0,0.0,16.2,54.4,114.0,287.1,69.2,9.036779194108632,241.91404535440864,50.0,1.8269052152239247
2023-10-18T23:00:00Z,17.3,0.0,0.0,16.2,54.4,114.0,287.1,69.2,9.036779194108632,241.91404535440864,55.0,1.8610397344034373
2023-10-18T23:00:00Z,17.3,0.0,0.0,16.2,54.4,114.0,287.1,69.2,9.036779194108632,241.91404535440864,60.0,1.8833591707945403
2023-10-19T00:00:00Z,18.2,0.0,0.0,28.4,33.1,14.0,10.9,13.4,0.29784250240762344,253.88754595378117,30.0,0.07405857318327942
2023-10-19T00:00:00Z,18.2,0.0,0.0,28.4,33.1,14.0,10.9,13.4,0.29784250240762344,253.88754595378117,35.0,0.07489122615509598
2023-10-19T00:00:00Z,18.2,0.0,0.0,28.4,33.1,14.0,10.9,13.4,0.29784250240762344,253.88754595378117,40.0,0.0752597538860928
2023-10-19T00:00:00Z,18.2,0.0,0.0,28.4,33.1,14.0,10.9,13.4,0.29784250240762344,253.88754595378117,45.0,0.075161362644601
2023-10-19T00:00:00Z,18.2,0.0,0.0,28.4,33.1,14.0,10.9,13.4,0.29784250240762344,253.88754595378117,50.0,0.07459679830756848
2023-10-19T00:00:00Z,18.2,0.0,0.0,28.4,33.1,14.0,10.9,13.4,0.29784250240762344,253.88754595378117,55.0,0.07357034077325074
2023-10-19T00:00:00Z,18.2,0.0,0.0,28.4,33.1,14.0,10.9,13.4,0.29784250240762344,253.88754595378117,60.0,0.07208977189802894
2023-10-19T01:00:00Z,14.8,0.0,0.0,18.0,32.4,0.0,0.0,0.0,-8.977439502204929,265.44208957640683,30.0,0.0
2023-10-19T01:00:00Z,14.8,0.0,0.0,18.0,32.4,0.0,0.0,0.0,-8.977439502204929,265.44208957640683,35.0,0.0
2023-10-19T01:00:00Z,14.8,0.0,0.0,18.0,32.4,0.0,0.0,0.0,-8.977439502204929,265.44208957640683,40.0,0.0
2023-10-19T01:00:00Z,14.8,0.0,0.0,18.0,32.4,0.0,0.0,0.0,-8.977439502204929,265.44208957640683,45.0,0.0
2023-10-19T01:00:00Z,14.8,0.0,0.0,18.0,32.4,0.0,0.0,0.0,-8.977439502204929,265.44208957640683,50.0,0.0
2023-10-19T01:00:00Z,14.8,0.0,0.0,18.0,32.4,0.0,0.0,0.0,-8.977439502204929,265.44208957640683,55.0,0.0
2023-10-19T01:00:00Z,14.8,0.0,0.0,18.0,32.4,0.0,0.0,0.0,-8.977439502204929,265.44208957640683,60.0,0.0
2023-10-19T02:00:00Z,13.6,0.0,0.0,16.9,14.4,0.0,0.0,0.0,-18.40216972250905,277.1771649422128,30.0,0.0
2023-10-19T02:00:00Z,13.6,0.0,0.0,16.9,14.4,0.0,0.0,0.0,-18.40216972250905,277.1771649422128,35.0,0.0
2023-10-19T02:00:00Z,13.6,0.0,0.0,16.9,14.4,0.0,0.0,0.0,-18.40216972250905,277.1771649422128,40.0,0.0
2023-10-19T02:00:00Z,13.6,0.0,0.0,16.9,14.4,0.0,0.0,0.0,-18.40216972250905,277.1771649422128,45.0,0.0
2023-10-19T02:00:00Z,13.6,0.0,0.0,16.9,14.4,0.0,0.0,0.0,-18.40216972250905,277.1771649422128,50.0,0.0
2023-10-19T02:00:00Z,13.6,0.0,0.0,16.9,14.4,0.0,0.0,0.0,-18.40216972250905,277.1771649422128,55.0,0.0
2023-10-19T02:00:00Z,13.6,0.0,0.0,16.9,14.4,0.0,0.0,0.0,-18.40216972250905,277.1771649422128,60.0,0.0
2023-10-19T03:00:00Z,12.7,0.0,0.0,14.4,10.4,0.0,0.0,0.0,-27.571336361362366,289.7928576796687,30.0,0.0
2023-10-19T03:00:00Z,12.7,0.0,0.0,14.4,10.4,0.0,0.0,0.0,-27.571336361362366,289.7928576796687,35.0,0.0
2023-10-19T03:00:00Z,12.7,0.0,0.0,14.4,10.4,0.0,0.0,0.0,-27.571336361362366,289.7928576796687,40.0,0.0
2023-10-19T03:00:00Z,12.7,0.0,0.0,14.4,10.4,0.0,0.0,0.0,-27.571336361362366,289.7928576796687,45.0,0.0
2023-10-19T03:00:00Z,12.7,0.0,0.0,14.4,10.4,0.0,0.0,0.0,-27.571336361362366,289.7928576796687,50.0,0.0
2023-10-19T03:00:00Z,12.7,0.0,0.0,14.4,10.4,0.0,0.0,0.0,-27.571336361362366,289.7928576796687,55.0,0.0
2023-10-19T03:00:00Z,12.7,0.0,0.0,14.4,10.4,0.0,0.0,0.0,-27.571336361362366,289.7928576796687,60.0,0.0
2023-10-19T04:00:00Z,11.5,0.0,0.0,10.4,8.3,0.0,0.0,0.0,-35.9821144862375,304.1254713742718,30.0,0.0
2023-10-19T04:00:00Z,11.5,0.0,0.0,10.4,8.3,0.0,0.0,0.0,-35.9821144862375,304.1254713742718,35.0,0.0
2023-10-19T04:00:00Z,11.5,0.0,0.0,10.4,8.3,0.0,0.0,0.0,-35.9821144862375,304.1254713742718,40.0,0.0
2023-10-19T04:00:00Z,11.5,0.0,0.0,10.4,8.3,0.0,0.0,0.0,-35.9821144862375,304.1254713742718,45.0,0.0
2023-10-19T04:00:00Z,11.5,0.0,0.0,10.4,8.3,0.0,0.0,0.0,-35.9821144862375,304.1254713742718,50.0,0.0
2023-10-19T04:00:00Z,11.5,0.0,0.0,10.4,8.3,0.0,0.0,0.0,-35.9821144862375,304.1254713742718,55.0,0.0
2023-10-19T04:00:00Z,11.5,0.0,0.0,10.4,8.3,0.0,0.0,0.0,-35.9821144862375,304.1254713742718,60.0,0.0
2023-10-19T05:00:00Z,10.3,0.0,0.0,8.3,6.1,0.0,0.0,0.0,-42.940868402576584,321.0682446953235,30.0,0.0
2023-10-19T05:00:00Z,10.3,0.0,0.0,8.3,6.1,0.0,0.0,0.0,-42.940868402576584,321.0682446953235,35.0,0.0
2023-10-19T05:00:00Z,10.3,0.0,0.0,8.3,6.1,0.0,0.0,0.0,-42.940868402576584,321.0682446953235,40.0,0.0
2023-10-19T05:00:00Z,10.3,0.0,0.0,8.3,6.1,0.0,0.0,0.0,-42.940868402576584,321.0682446953235,45.0,0.0
2023-10-19T05:00:00Z,10.3,0.0,0.0,8.3,6.1,0.0,0.0,0.0,-42.940868402576584,321.0682446953235,50.0,0.0
2023-10-19T05:00:00Z,10.3,0.0,0.0,8.3,6.1,0.0,0.0,0.0,-42.940868402576584,321.0682446953235,55.0,0.0
2023-10-19T05:00:00Z,10.3,0.0,0.0,8.3,6.1,0.0,0.0,0.0,-42.940868402576584,321.0682446953235,60.0,0.0
2023-10-19T06:00:00Z,10.3,0.0,0.0,6.1,7.6,0.0,0.0,0.0,-47.52856348040861,341.08880163568574,30.0,0.0
2023-10-19T06:00:00Z,10.3,0.0,0.0,6.1,7.6,0.0,0.0,0.0,-47.52856348040861,341.08880163568574,35.0,0.0
2023-10-19T06:00:00Z,10.3,0.0,0.0,6.1,7.6,0.0,0.0,0.0,-47.52856348040861,341.08880163568574,40.0,0.0
2023-10-19T06:00:00Z,10.3,0.0,0.0,6.1,7.6,0.0,0.0,0.0,-47.52856348040861,341.08880163568574,45.0,0.0
2023-10-19T06:00:00Z,10.3,0.0,0.0,6.1,7.6,0.0,0.0,0.0,-47.52856348040861,341.08880163568574,50.0,0.0
2023-10-19T06:00:00Z,10.3,0.0,0.0,6.1,7.6,0.0,0.0,0.0,-47.52856348040861,341.08880163568574,55.0,0.0
2023-10-19T06:00:00Z,10.3,0.0,0.0,6.1,7.6,0.0,0.0,0.0,-47.52856348040861,341.08880163568574,60.0,0.0
2023-10-19T07:00:00Z,8.0,0.0,0.0,7.6,7.9,0.0,0.0,0.0,-48.83529554269318,3.2425849261559847,30.0,0.0
2023-10-19T07:00:00Z,8.0,0.0,0.0,7.6,7.9,0.0,0.0,0.0,-48.83529554269318,3.2425849261559847,35.0,0.0
2023-10-19T07:00:00Z,8.0,0.0,0.0,7.6,7.9,0.0,0.0,0.0,-48.83529554269318,3.2425849261559847,40.0,0.0
2023-10-19T07:00:00Z,8.0,0.0,0.0,7.6,7.9,0.0,0.0,0.0,-48.83529554269318,3.2425849261559847,45.0,0.0
2023-10-19T07:00:00Z,8.0,0.0,0.0,7.6,7.9,0.0,0.0,0.0,-48.83529554269318,3.2425849261559847,50.0,0.0
2023-10-19T07:00:00Z,8.0,0.0,0.0,7.6,7.9,0.0,0.0,0.0,-48.83529554269318,3.2425849261559847,55.0,0.0
2023-10-19T07:00:00Z,8.0,0.0,0.0,7.6,7.9,0.0,0.0,0.0,-48.83529554269318,3.2425849261559847,60.0,0.0
2023-10-19T08:00:00Z,7.7,0.0,0.0,7.9,9.0,0.0,0.0,0.0,-46.53909310822687,25.003787158100863,30.0,0.0
2023-10-19T08:00:00Z,7.7,0.0,0.0,7.9,9.0,0.0,0.0,0.0,-46.53909310822687,25.003787158100863,35.0,0.0
2023-10-19T08:00:00Z,7.7,0.0,0.0,7.9,9.0,0.0,0.0,0.0,-46.53909310822687,25.003787158100863,40.0,0.0
2023-10-19T08:00:00Z,7.7,0.0,0.0,7.9,9.0,0.0,0.0,0.0,-46.53909310822687,25.003787158100863,45.0,0.0
2023-10-19T08:00:00Z,7.7,0.0,0.0,7.9,9.0,0.0,0.0,0.0,-46.53909310822687,25.003787158100863,50.0,0.0
2023-10-19T08:00:00Z,7.7,0.0,0.0,7.9,9.0,0.0,0.0,0.0,-46.53909310822687,25.003787158100863,55.0,0.0
2023-10-19T08:00:00Z,7.7,0.0,0.0,7.9,9.0,0.0,0.0,0.0,-46.53909310822687,25.003787158100863,60.0,0.0
2023-10-19T09:00:00Z,7.6,0.0,0.0,9.0,9.4,0.0,0.0,0.0,-41.18863627657333,44.17520785477035,30.0,0.0
2023-10-19T09:00:00Z,7.6,0.0,0.0,9.0,9.4,0.0,0.0,0.0,-41.18863627657333,44.17520785477035,35.0,0.0
2023-10-19T09:00:00Z,7.6,0.0,0.0,9.0,9.4,0.0,0.0,0.0,-41.18863627657333,44.17520785477035,40.0,0.0
2023-10-19T09:00:00Z,7.6,0.0,0.0,9.0,9.4,0.0,0.0,0.0,-41.18863627657333,44.17520785477035,45.0,0.0
2023-10-19T09:00:00Z,7.6,0.0,0.0,9.0,9.4,0.0,0.0,0.0,-41.18863627657333,44.17520785477035,50.0,0.0
2023-10-19T09:00:00Z,7.6,0.0,0.0,9.0,9.4,0.0,0.0,0.0,-41.18863627657333,44.17520785477035,55.0,0.0
2023-10-19T09:00:00Z,7.6,0.0,0.0,9.0,9.4,0.0,0.0,0.0,-41.18863627657333,44.17520785477035,60.0,0.0
2023-10-19T10:00:00Z,7.7,0.0,0.0,9.4,9.4,0.0,0.0,0.0,-33.7461260553154,60.30677033833399,30.0,0.0
2023-10-19T10:00:00Z,7.7,0.0,0.0,9.4,9.4,0.0,0.0,0.0,-33.7461260553154,60.30677033833399,35.0,0.0
2023-10-19T10:00:00Z,7.7,0.0,0.0,9.4,9.4,0.0,0.0,0.0,-33.7461260553154,60.30677033833399,40.0,0.0
2023-10-19T10:00:00Z,7.7,0.0,0.0,9.4,9.4,0.0,0.0,0.0,-33.7461260553154,60.30677033833399,45.0,0.0
2023-10-19T10:00:00Z,7.7,0.0,0.0,9.4,9.4,0.0,0.0,0.0,-33.7461260553154,60.30677033833399,50.0,0.0
2023-10-19T10:00:00Z,7.7,0.0,0.0,9.4,9.4,0.0,0.0,0.0,-33.7461260553154,60.30677033833399,55.0,0.0
2023-10-19T10:00:00Z,7.7,0.0,0.0,9.4,9.4,0.0,0.0,0.0,-33.7461260553154,60.30677033833399,60.0,0.0
2023-10-19T11:00:00Z,7.8,0.0,0.0,9.4,3.6,0.0,0.0,0.0,-25.074984811733444,74.07162370645449,30.0,0.0
2023-10-19T11:00:00Z,7.8,0.0,0.0,9.4,3.6,0.0,0.0,0.0,-25.074984811733444,74.07162370645449,35.0,0.0
2023-10-19T11:00:00Z,7.8,0.0,0.0,9.4,3.6,0.0,0.0,0.0,-25.074984811733444,74.07162370645449,40.0,0.0
2023-10-19T11:00:00Z,7.8,0.0,0.0,9.4,3.6,0.0,0.0,0.0,-25.074984811733444,74.07162370645449,45.0,0.0
2023-10-19T11:00:00Z,7.8,0.0,0.0,9.4,3.6,0.0,0.0,0.0,-25.074984811733444,74.07162370645449,50.0,0.0
2023-10-19T11:00:00Z,7.8,0.0,0.0,9.4,3.6,0.0,0.0,0.0,-25.074984811733444,74.07162370645449,55.0,0.0
2023-10-19T11:00:00Z,7.8,0.0,0.0,9.4,3.6,0.0,0.0,0.0,-25.074984811733444,74.07162370645449,60.0,0.0
2023-10-19T12:00:00Z,9.1,0.0,0.0,3.6,9.0,0.0,0.0,0.0,-15.807339818098104,86.37140116840953,30.0,0.0
2023-10-19T12:00:00Z,9.1,0.0,0.0,3.6,9.0,0.0,0.0,0.0,-15.807339818098104,86.37140116840953,35.0,0.0
2023-10-19T12:00:00Z,9.1,0.0,0.0,3.6,9.0,0.0,0.0,0.0,-15.807339818098104,86.37140116840953,40.0,0.0
2023-10-19T12:00:00Z,9.1,0.0,0.0,3.6,9.0,0.0,0.0,0.0,-15.807339818098104,86.37140116840953,45.0,0.0
2023-10-19T12:00:00Z,9.1,0.0,0.0,3.6,9.0,0.0,0.0,0.0,-15.807339818098104,86.37140116840953,50.0,0.0
2023-10-19T12:00:00Z,9.1,0.0,0.0,3.6,9.0,0.0,0.0,0.0,-15.807339818098104,86.37140116840953,55.0,0.0
2023-10-19T12:00:00Z,9.1,0.0,0.0,3.6,9.0,0.0,0.0,0.0,-15.807339818098104,86.37140116840953,60.0,0.0
2023-10-19T13:00:00Z,8.0,5.0,0.0,9.0,8.3,0.0,0.0,0.0,-6.410287116926546,98.00286246110443,30.0,0.0
2023-10-19T13:00:00Z,8.0,5.0,0.0,9.0,8.3,0.0,0.0,0.0,-6.410287116926546,98.00286246110443,35.0,0.0
2023-10-19T13:00:00Z,8.0,5.0,0.0,9.0,8.3,0.0,0.0,0.0,-6.410287116926546,98.00286246110443,40.0,0.0
2023-10-19T13:00:00Z,8.0,5.0,0.0,9.0,8.3,0.0,0.0,0.0,-6.410287116926546,98.00286246110443,45.0,0.0
2023-10-19T13:00:00Z,8.0,5.0,0.0,9.0,8.3,0.0,0.0,0.0,-6.410287116926546,98.00286246110443,50.0,0.0
2023-10-19T13:00:00Z,8.0,5.0,0.0,9.0,8.3,0.0,0.0,0.0,-6.410287116926546,98.00286246110443,55.0,0.0
2023-10-19T13:00:00Z,8.0,5.0,0.0,9.0,8.3,0.0,0.0,0.0,-6.410287116926546,98.00286246110443,60.0,0.0
2023-10-19T14:00:00Z,8.6,88.0,0.0,8.3,7.2,14.0,0.0,14.0,2.722141967303496,109.63210278103509,30.0,0.06248367061057437
2023-10-19T14:00:00Z,8.6,88.0,0.0,8.3,7.2,14.0,0.0,14.0,2.722141967303496,109.63210278103509,35.0,0.06014670462813692
2023-10-19T14:00:00Z,8.6,88.0,0.0,8.3,7.2,14.0,0.0,14.0,2.722141967303496,109.63210278103509,40.0,0.05749874633578925
2023-10-19T14:00:00Z,8.6,88.0,0.0,8.3,7.2,14.0,0.0,14.0,2.722141967303496,109.63210278103509,45.0,0.05455988632739038
2023-10-19T14:00:00Z,8.6,88.0,0.0,8.3,7.2,14.0,0.0,14.0,2.722141967303496,109.63210278103509,50.0,0.05135242718954914
2023-10-19T14:00:00Z,8.6,88.0,0.0,8.3,7.2,14.0,0.0,14.0,2.722141967303496,109.63210278103509,55.0,0.04790071570684176
2023-10-19T14:00:00Z,8.6,88.0,0.0,8.3,7.2,14.0,0.0,14.0,2.722141967303496,109.63210278103509,60.0,0.044230959509693364
2023-10-19T15:00:00Z,9.6,100.0,0.0,7.2,6.8,61.0,31.9,54.8,11.19535107207984,121.83345080549236,30.0,0.5374751083962774
2023-10-19T15:00:00Z,9.6,100.0,0.0,7.2,6.8,61.0,31.9,54.8,11.19535107207984,121.83345080549236,35.0,0.5387437266502356
2023-10-19T15:00:00Z,9.6,100.0,0.0,7.2,6.8,61.0,31.9,54.8,11.19535107207984,121.83345080549236,40.0,0.5377156273700598
2023-10-19T15:00:00Z,9.6,100.0,0.0,7.2,6.8,61.0,31.9,54.8,11.19535107207984,121.83345080549236,45.0,0.5343984438819475
2023-10-19T15:00:00Z,9.6,100.0,0.0,7.2,6.8,61.0,31.9,54.8,11.19535107207984,121.83345080549236,50.0,0.5288168097327328
2023-10-19T15:00:00Z,9.6,100.0,0.0,7.2,6.8,61.0,31.9,54.8,11.19535107207984,121.83345080549236,55.0,0.5210121897523877
2023-10-19T15:00:00Z,9.6,100.0,0.0,7.2,6.8,61.0,31.9,54.8,11.19535107207984,121.83345080549236,60.0,0.5110425952126053
2023-10-19T16:00:00Z,10.9,100.0,0.0,6.8,4.0,239.0,376.4,119.7,18.56192805448817,135.09340854454587,30.0,3.140225819551021
2023-10-19T16:00:00Z,10.9,100.0,0.0,6.8,4.0,239.0,376.4,119.7,18.56192805448817,135.09340854454587,35.0,3.2660755442743743
2023-10-19T16:00:00Z,10.9,100.0,0.0,6.8,4.0,239.0,376.4,119.7,18.56192805448817,135.09340854454587,40.0,3.3715586720785087
2023-10-19T16:00:00Z,10.9,100.0,0.0,6.8,4.0,239.0,376.4,119.7,18.56192805448817,135.09340854454587,45.0,3.4560746531537263
2023-10-19T16:00:00Z,10.9,100.0,0.0,6.8,4.0,239.0,376.4,119.7,18.56192805448817,135.09340854454587,50.0,3.519148326130438
2023-10-19T16:00:00Z,10.9,100.0,0.0,6.8,4.0,239.0,376.4,119.7,18.56192805448817,135.09340854454587,55.0,3.5604285898253285
2023-10-19T16:00:00Z,10.9,100.0,0.0,6.8,4.0,239.0,376.4,119.7,18.56192805448817,135.09340854454587,60.0,3.579687287440877
2023-10-19T17:00:00Z,14.1,0.0,0.0,3.6,13.3,392.0,631.9,133.0,24.30161976888596,149.72802297922533,30.0,5.245395108506627
2023-10-19T17:00:00Z,14.1,0.0,0.0,3.6,13.3,392.0,631.9,133.0,24.30161976888596,149.72802297922533,35.0,5.467599308580493
2023-10-19T17:00:00Z,14.1,0.0,0.0,3.6,13.3,392.0,631.9,133.0,24.30161976888596,149.72802297922533,40.0,5.654111281236612
2023-10-19T17:00:00Z,14.1,0.0,0.0,3.6,13.3,392.0,631.9,133.0,24.30161976888596,149.72802297922533,45.0,5.804268670753104
2023-10-19T17:00:00Z,14.1,0.0,0.0,3.6,13.3,392.0,631.9,133.0,24.30161976888596,149.72802297922533,50.0,5.917563171131952
2023-10-19T17:00:00Z,14.1,0.0,0.0,3.6,13.3,392.0,631.9,133.0,24.30161976888596,149.72802297922533,55.0,5.9936262041218376
2023-10-19T17:00:00Z,14.1,0.0,0.0,3.6,13.3,392.0,631.9,133.0,24.30161976888596,149.72802297922533,60.0,6.032217605303568
2023-10-19T18:00:00Z,18.1,0.0,0.0,6.8,14.0,460.0,689.1,139.2,27.867062658178504,165.70062283931202,30.0,5.993063296973028
2023-10-19T18:00:00Z,18.1,0.0,0.0,6.8,14.0,460.0,689.1,139.2,27.867062658178504,165.70062283931202,35.0,6.239965913685553
2023-10-19T18:00:00Z,18.1,0.0,0.0,6.8,14.0,460.0,689.1,139.2,27.867062658178504,165.70062283931202,40.0,6.446145699301567
2023-10-19T18:00:00Z,18.1,0.0,0.0,6.8,14.0,460.0,689.1,139.2,27.867062658178504,165.70062283931202,45.0,6.611009222257174
2023-10-19T18:00:00Z,18.1,0.0,0.0,6.8,14.0,460.0,689.1,139.2,27.867062658178504,165.70062283931202,50.0,6.734113547784751
2023-10-19T18:00:00Z,18.1,0.0,0.0,6.8,14.0,460.0,689.1,139.2,27.867062658178504,165.70062283931202,55.0,6.815146538951085
2023-10-19T18:00:00Z,18.1,0.0,0.0,6.8,14.0,460.0,689.1,139.2,27.867062658178504,165.70062283931202,60.0,6.853911522775362
2023-10-19T19:00:00Z,19.2,0.0,0.0,5.8,39.6,478.0,702.8,140.5,28.826205399687733,182.46019270276273,30.0,6.167471777473241
2023-10-19T19:00:00Z,19.2,0.0,0.0,5.8,39.6,478.0,702.8,140.5,28.826205399687733,182.46019270276273,35.0,6.419017640079569
2023-10-19T19:00:00Z,19.2,0.0,0.0,5.8,39.6,478.0,702.8,140.5,28.826205399687733,182.46019270276273,40.0,6.628756321554373
2023-10-19T19:00:00Z,19.2,0.0,0.0,5.8,39.6,478.0,702.8,140.5,28.826205399687733,182.46019270276273,45.0,6.796152152169973
2023-10-19T19:00:00Z,19.2,0.0,0.0,5.8,39.6,478.0,702.8,140.5,28.826205399687733,182.46019270276273,50.0,6.920812010151333
2023-10-19T19:00:00Z,19.2,0.0,0.0,5.8,39.6,478.0,702.8,140.5,28.826205399687733,182.46019270276273,55.0,7.00246333226392
2023-10-19T19:00:00Z,19.2,0.0,0.0,5.8,39.6,478.0,702.8,140.5,28.826205399687733,182.46019270276273,60.0,7.04093706115828
2023-10-19T20:00:00Z,21.1,0.0,0.0,2.9,40.0,448.0,685.2,137.7,27.047186221852506,199.06871885918562,30.0,5.771208226834716
2023-10-19T20:00:00Z,21.1,0.0,0.0,2.9,40.0,448.0,685.2,137.7,27.047186221852506,199.06871885918562,35.0,6.009664327377623
2023-10-19T20:00:00Z,21.1,0.0,0.0,2.9,40.0,448.0,685.2,137.7,27.047186221852506,199.06871885918562,40.0,6.208974295978069
2023-10-19T20:00:00Z,21.1,0.0,0.0,2.9,40.0,448.0,685.2,137.7,27.047186221852506,199.06871885918562,45.0,6.368608855347092
2023-10-19T20:00:00Z,21.1,0.0,0.0,2.9,40.0,448.0,685.2,137.7,27.047186221852506,199.06871885918562,50.0,6.488176808126192
2023-10-19T20:00:00Z,21.1,0.0,0.0,2.9,40.0,448.0,685.2,137.7,27.047186221852506,199.06871885918562,55.0,6.567404548603477
2023-10-19T20:00:00Z,21.1,0.0,0.0,2.9,40.0,448.0,685.2,137.7,27.047186221852506,199.06871885918562,60.0,6.606120060813759
2023-10-19T21:00:00Z,21.7,0.0,0.0,5.8,38.2,369.0,621.6,129.5,22.76740846981232,214.66635253108768,30.0,4.865302915318156
2023-10-19T21:00:00Z,21.7,0.0,0.0,5.8,38.2,369.0,621.6,129.5,22.76740846981232,214.66635253108768,35.0,5.076188096964685
2023-10-19T21:00:00Z,21.7,0.0,0.0,5.8,38.2,369.0,621.6,129.5,22.76740846981232,214.66635253108768,40.0,5.253819903621988
2023-10-19T21:00:00Z,21.7,0.0,0.0,5.8,38.2,369.0,621.6,129.5,22.76740846981232,214.66635253108768,45.0,5.397517535822221
2023-10-19T21:00:00Z,21.7,0.0,0.0,5.8,38.2,369.0,621.6,129.5,22.76740846981232,214.66635253108768,50.0,5.506752809671602
2023-10-19T21:00:00Z,21.7,0.0,0.0,5.8,38.2,369.0,621.6,129.5,22.76740846981232,214.66635253108768,55.0,5.581137897120087
2023-10-19T21:00:00Z,21.7,0.0,0.0,5.8,38.2,369.0,621.6,129.5,22.76740846981232,214.66635253108768,60.0,5.620415538177097
2023-10-19T22:00:00Z,21.7,0.0,0.0,14.0,35.6,250.0,496.8,109.8,16.472974010884215,228.86169725267843,30.0,3.4127651597814626
2023-10-19T22:00:00Z,21.7,0.0,0.0,14.0,35.6,250.0,496.8,109.8,16.472974010884215,228.86169725267843,35.0,3.572077008706825
2023-10-19T22:00:00Z,21.7,0.0,0.0,14.0,35.6,250.0,496.8,109.8,16.472974010884215,228.86169725267843,40.0,3.708036923639299
2023-10-19T22:00:00Z,21.7,0.0,0.0,14.0,35.6,250.0,496.8,109.8,16.472974010884215,228.86169725267843,45.0,3.8199021306134178
2023-10-19T22:00:00Z,21.7,0.0,0.0,14.0,35.6,250.0,496.8,109.8,16.472974010884215,228.86169725267843,50.0,3.907071738531174
2023-10-19T22:00:00Z,21.7,0.0,0.0,14.0,35.6,250.0,496.8,109.8,16.472974010884215,228.86169725267843,55.0,3.9690839745968307
2023-10-19T22:00:00Z,21.7,0.0,0.0,14.0,35.6,250.0,496.8,109.8,16.472974010884215,228.86169725267843,60.0,4.0056138028287975
2023-10-19T23:00:00Z,20.4,0.0,0.0,15.1,40.7,112.0,295.8,67.5,8.712720923860745,241.74626070351633,30.0,1.5733000232761885
2023-10-19T23:00:00Z,20.4,0.0,0.0,15.1,40.7,112.0,295.8,67.5,8.712720923860745,241.74626070351633,35.0,1.6552647519282953
2023-10-19T23:00:00Z,20.4,0.0,0.0,15.1,40.7,112.0,295.8,67.5,8.712720923860745,241.74626070351633,40.0,1.726693174837134
2023-10-19T23:00:00Z,20.4,0.0,0.0,15.1,40.7,112.0,295.8,67.5,8.712720923860745,241.74626070351633,45.0,1.7871041177394371
2023-10-19T23:00:00Z,20.4,0.0,0.0,15.1,40.7,112.0,295.8,67.5,8.712720923860745,241.74626070351633,50.0,1.83609315842027
2023-10-19T23:00:00Z,20.4,0.0,0.0,15.1,40.7,112.0,295.8,67.5,8.712720923860745,241.74626070351633,55.0,1.873334049504609
2023-10-19T23:00:00Z,20.4,0.0,0.0,15.1,40.7,112.0,295.8,67.5,8.712720923860745,241.74626070351633,60.0,1.8985798095547866
2023-10-20T00:00:00Z,19.8,0.0,0.0,26.6,29.2,12.0,5.8,11.7,-0.015140036884570246,253.70193275855252,30.0,0.0
2023-10-20T00:00:00Z,19.8,0.0,0.0,26.6,29.2,12.0,5.8,11.7,-0.015140036884570246,253.70193275855252,35.0,0.0
2023-10-20T00:00:00Z,19.8,0.0,0.0,26.6,29.2,12.0,5.8,11.7,-0.015140036884570246,253.70193275855252,40.0,0.0
2023-10-20T00:00:00Z,19.8,0.0,0.0,26.6,29.2,12.0,5.8,11.7,-0.015140036884570246,253.70193275855252,45.0,0.0
2023-10-20T00:00:00Z,19.8,0.0,0.0,26.6,29.2,12.0,5.8,11.7,-0.015140036884570246,253.70193275855252,50.0,0.0
2023-10-20T00:00:00Z,19.8,0.0,0.0,26.6,29.2,12.0,5.8,11.7,-0.015140036884570246,253.70193275855252,55.0,0.0
2023-10-20T00:00:00Z,19.8,0.0,0.0,26.6,29.2,12.0,5.8,11.7,-0.015140036884570246,253.70193275855252,60.0,0.0
2023-10-20T01:00:00Z,17.0,0.0,0.0,15.5,13.7,0.0,0.0,0.0,-9.284598652030024,265.2447092758579,30.0,0.0
2023-10-20T01:00:00Z,17.0,0.0,0.0,15.5,13.7,0.0,0.0,0.0,-9.284598652030024,265.2447092758579,35.0,0.0
2023-10-20T01:00:00Z,17.0,0.0,0.0,15.5,13.7,0.0,0.0,0.0,-9.284598652030024,265.2447092758579,40.0,0.0
2023-10-20T01:00:00Z,17.0,0.0,0.0,15.5,13.7,0.0,0.0,0.0,-9.284598652030024,265.2447092758579,45.0,0.0
2023-10-20T01:00:00Z,17.0,0.0,0.0,15.5,13.7,0.0,0.0,0.0,-9.284598652030024,265.2447092758579,50.0,0.0
2023-10-20T01:00:00Z,17.0,0.0,0.0,15.5,13.7,0.0,0.0,0.0,-9.284598652030024,265.2447092758579,55.0,0.0
2023-10-20T01:00:00Z,17.0,0.0,0.0,15.5,13.7,0.0,0.0,0.0,-9.284598652030024,265.2447092758579,60.0,0.0
2023-10-20T02:00:00Z,15.5,0.0,0.0,13.7,11.9,0.0,0.0,0.0,-18.709864845179442,276.9727256755178,30.0,0.0
2023-10-20T02:00:00Z,15.5,0.0,0.0,13.7,11.9,0.0,0.0,0.0,-18.709864845179442,276.9727256755178,35.0,0.0
2023-10-20T02:00:00Z,15.5,0.0,0.0,13.7,11.9,0.0,0.0,0.0,-18.709864845179442,276.9727256755178,40.0,0.0
2023-10-20T02:00:00Z,15.5,0.0,0.0,13.7,11.9,0.0,0.0,0.0,-18.709864845179442,276.9727256755178,45.0,0.0
2023-10-20T02:00:00Z,15.5,0.0,0.0,13.7,11.9,0.0,0.0,0.0,-18.709864845179442,276.9727256755178,50.0,0.0
2023-10-20T02:00:00Z,15.5,0.0,0.0,13.7,11.9,0.0,0.0,0.0,-18.709864845179442,276.9727256755178,55.0,0.0
2023-10-20T02:00:00Z,15.5,0.0,0.0,13.7,11.9,0.0,0.0,0.0,-18.709864845179442,276.9727256755178,60.0,0.0
2023-10-20T03:00:00Z,14.3,0.0,0.0,11.9,10.4,0.0,0.0,0.0,-27.88661371352865,289.5883973891655,30.0,0.0
2023-10-20T03:00:00Z,14.3,0.0,0.0,11.9,10.4,0.0,0.0,0.0,-27.88661371352865,289.5883973891655,35.0,0.0
2023-10-20T03:00:00Z,14.3,0.0,0.0,11.9,10.4,0.0,0.0,0.0,-27.88661371352865,289.5883973891655,40.0,0.0
2023-10-20T03:00:00Z,14.3,0.0,0.0,11.9,10.4,0.0,0.0,0.0,-27.88661371352865,289.5883973891655,45.0,0.0
2023-10-20T03:00:00Z,14.3,0.0,0.0,11.9,10.4,0.0,0.0,0.0,-27.88661371352865,289.5883973891655,50.0,0.0
2023-10-20T03:00:00Z,14.3,0.0,0.0,11.9,10.4,0.0,0.0,0.0,-27.88661371352865,289.5883973891655,55.0,0.0
2023-10-20T03:00:00Z,14.3,0.0,0.0,11.9,10.4,0.0,0.0,0.0,-27.88661371352865,289.5883973891655,60.0,0.0
2023-10-20T04:00:00Z,12.9,0.0,0.0,10.4,9.4,0.0,0.0,0.0,-36.31182910589117,303.93621247918065,30.0,0.0
2023-10-20T04:00:00Z,12.9,0.0,0.0,10.4,9.4,0.0,0.0,0.0,-36.31182910589117,303.93621247918065,35.0,0.0
2023-10-20T04:00:00Z,12.9,0.0,0.0,10.4,9.4,0.0,0.0,0.0,-36.31182910589117,303.93621247918065,40.0,0.0
2023-10-20T04:00:00Z,12.9,0.0,0.0,10.4,9.4,0.0,0.0,0.0,-36.31182910589117,303.93621247918065,45.0,0.0
2023-10-20T04:00:00Z,12.9,0.0,0.0,10.4,9.4,0.0,0.0,0.0,-36.31182910589117,303.93621247918065,50.0,0.0
2023-10-20T04:00:00Z,12.9,0.0,0.0,10.4,9.4,0.0,0.0,0.0,-36.31182910589117,303.93621247918065,55.0,0.0
2023-10-20T04:00:00Z,12.9,0.0,0.0,10.4,9.4,0.0,0.0,0.0,-36.31182910589117,303.93621247918065,60.0,0.0
2023-10-20T05:00:00Z,11.9,0.0,0.0,9.4,13.0,0.0,0.0,0.0,-43.28896746068779,320.9258161943991,30.0,0.0
2023-10-20T05:00:00Z,11.9,0.0,0.0,9.4,13.0,0.0,0.0,0.0,-43.28896746068779,320.9258161943991,35.0,0.0
2023-10-20T05:00:00Z,11.9,0.0,0.0,9.4,13.0,0.0,0.0,0.0,-43.28896746068779,320.9258161943991,40.0,0.0
2023-10-20T05:00:00Z,11.9,0.0,0.0,9.4,13.0,0.0,0.0,0.0,-43.28896746068779,320.9258161943991,45.0,0.0
2023-10-20T05:00:00Z,11.9,0.0,0.0,9.4,13.0,0.0,0.0,0.0,-43.28896746068779,320.9258161943991,50.0,0.0
2023-10-20T05:00:00Z,11.9,0.0,0.0,9.4,13.0,0.0,0.0,0.0,-43.28896746068779,320.9258161943991,55.0,0.0
2023-10-20T05:00:00Z,11.9,0.0,0.0,9.4,13.0,0.0,0.0,0.0,-43.28896746068779,320.9258161943991,60.0,0.0
2023-10-20T06:00:00Z,11.0,0.0,0.0,13.0,6.8,0.0,0.0,0.0,-47.89040934514189,341.0426255204714,30.0,0.0
2023-10-20T06:00:00Z,11.0,0.0,0.0,13.0,6.8,0.0,0.0,0.0,-47.89040934514189,341.0426255204714,35.0,0.0
2023-10-20T06:00:00Z,11.0,0.0,0.0,13.0,6.8,0.0,0.0,0.0,-47.89040934514189,341.0426255204714,40.0,0.0
2023-10-20T06:00:00Z,11.0,0.0,0.0,13.0,6.8,0.0,0.0,0.0,-47.89040934514189,341.0426255204714,45.0,0.0
2023-10-20T06:00:00Z,11.0,0.0,0.0,13.0,6.8,0.0,0.0,0.0,-47.89040934514189,341.0426255204714,50.0,0.0
2023-10-20T06:00:00Z,11.0,0.0,0.0,13.0,6.8,0.0,0.0,0.0,-47.89040934514189,341.0426255204714,55.0,0.0
2023-10-20T06:00:00Z,11.0,0.0,0.0,13.0,6.8,0.0,0.0,0.0,-47.89040934514189,341.0426255204714,60.0,0.0
2023-10-20T07:00:00Z,10.5,3.0,0.0,6.8,10.1,0.0,0.0,0.0,-49.19375283238713,3.330460658280856,30.0,0.0
2023-10-20T07:00:00Z,10.5,3.0,0.0,6.8,10.1,0.0,0.0,0.0,-49.19375283238713,3.330460658280856,35.0,0.0
2023-10-20T07:00:00Z,10.5,3.0,0.0,6.8,10.1,0.0,0.0,0.0,-49.19375283238713,3.330460658280856,40.0,0.0
2023-10-20T07:00:00Z,10.5,3.0,0.0,6.8,10.1,0.0,0.0,0.0,-49.19375283238713,3.330460658280856,45.0,0.0
2023-10-20T07:00:00Z,10.5,3.0,0.0,6.8,10.1,0.0,0.0,0.0,-49.19375283238713,3.330460658280856,50.0,0.0
2023-10-20T07:00:00Z,10.5,3.0,0.0,6.8,10.1,0.0,0.0,0.0,-49.19375283238713,3.330460658280856,55.0,0.0
2023-10-20T07:00:00Z,10.5,3.0,0.0,6.8,10.1,0.0,0.0,0.0,-49.19375283238713,3.330460658280856,60.0,0.0
2023-10-20T08:00:00Z,7.7,0.0,0.0,10.1,6.1,0.0,0.0,0.0,-46.87381837524197,25.20840754453394,30.0,0.0
2023-10-20T08:00:00Z,7.7,0.0,0.0,10.1,6.1,0.0,0.0,0.0,-46.87381837524197,25.20840754453394,35.0,0.0
2023-10-20T08:00:00Z,7.7,0.0,0.0,10.1,6.1,0.0,0.0,0.0,-46.87381837524197,25.20840754453394,40.0,0.0
2023-10-20T08:00:00Z,7.7,0.0,0.0,10.1,6.1,0.0,0.0,0.0,-46.87381837524197,25.20840754453394,45.0,0.0
2023-10-20T08:00:00Z,7.7,0.0,0.0,10.1,6.1,0.0,0.0,0.0,-46.87381837524197,25.20840754453394,50.0,0.0
2023-10-20T08:00:00Z,7.7,0.0,0.0,10.1,6.1,0.0,0.0,0.0,-46.87381837524197,25.20840754453394,55.0,0.0
2023-10-20T08:00:00Z,7.7,0.0,0.0,10.1,6.1,0.0,0.0,0.0,-46.87381837524197,25.20840754453394,60.0,0.0
2023-10-20T09:00:00Z,6.9,0.0,0.0,6.1,1.4,0.0,0.0,0.0,-41.491189982643384,44.441945109521555,30.0,0.0
2023-10-20T09:00:00Z,6.9,0.0,0.0,6.1,1.4,0.0,0.0,0.0,-41.491189982643384,44.441945109521555,35.0,0.0
2023-10-20T09:00:00Z,6.9,0.0,0.0,6.1,1.4,0.0,0.0,0.0,-41.491189982643384,44.441945109521555,40.0,0.0
2023-10-20T09:00:00Z,6.9,0.0,0.0,6.1,1.4,0.0,0.0,0.0,-41.491189982643384,44.441945109521555,45.0,0.0
2023-10-20T09:00:00Z,6.9,0.0,0.0,6.1,1.4,0.0,0.0,0.0,-41.491189982643384,44.441945109521555,50.0,0.0
2023-10-20T09:00:00Z,6.9,0.0,0.0,6.1,1.4,0.0,0.0,0.0,-41.491189982643384,44.441945109521555,55.0,0.0
2023-10-20T09:00:00Z,6.9,0.0,0.0,6.1,1.4,0.0,0.0,0.0,-41.491189982643384,44.441945109521555,60.0,0.0
2023-10-20T10:00:00Z,5.9,0.0,0.0,1.4,4.7,0.0,0.0,0.0,-34.02092918322251,60.59193915140287,30.0,0.0
2023-10-20T10:00:00Z,5.9,0.0,0.0,1.4,4.7,0.0,0.0,0.0,-34.02092918322251,60.59193915140287,35.0,0.0
2023-10-20T10:00:00Z,5.9,0.0,0.0,1.4,4.7,0.0,0.0,0.0,-34.02092918322251,60.59193915140287,40.0,0.0
2023-10-20T10:00:00Z,5.9,0.0,0.0,1.4,4.7,0.0,0.0,0.0,-34.02092918322251,60.59193915140287,45.0,0.0
2023-10-20T10:00:00Z,5.9,0.0,0.0,1.4,4.7,0.0,0.0,0.0,-34.02092918322251,60.59193915140287,50.0,0.0
2023-10-20T10:00:00Z,5.9,0.0,0.0,1.4,4.7,0.0,0.0,0.0,-34.02092918322251,60.59193915140287,55.0,0.0
2023-10-20T10:00:00Z,5.9,0.0,0.0,1.4,4.7,0.0,0.0,0.0,-34.02092918322251,60.59193915140287,60.0,0.0
2023-10-20T11:00:00Z,5.1,1.0,0.0,4.7,4.3,0.0,0.0,0.0,-25.331821057448984,74.35451129513672,30.0,0.0
2023-10-20T11:00:00Z,5.1,1.0,0.0,4.7,4.3,0.0,0.0,0.0,-25.331821057448984,74.35451129513672,35.0,0.0
2023-10-20T11:00:00Z,5.1,1.0,0.0,4.7,4.3,0.0,0.0,0.0,-25.331821057448984,74.35451129513672,40.0,0.0
2023-10-20T11:00:00Z,5.1,1.0,0.0,4.7,4.3,0.0,0.0,0.0,-25.331821057448984,74.35451129513672,45.0,0.0
2023-10-20T11:00:00Z,5.1,1.0,0.0,4.7,4.3,0.0,0.0,0.0,-25.331821057448984,74.35451129513672,50.0,0.0
2023-10-20T11:00:00Z,5.1,1.0,0.0,4.7,4.3,0.0,0.0,0.0,-25.331821057448984,74.35451129513672,55.0,0.0
2023-10-20T11:00:00Z,5.1,1.0,0.0,4.7,4.3,0.0,0.0,0.0,-25.331821057448984,74.35451129513672,60.0,0.0
2023-10-20T12:00:00Z,4.8,0.0,0.0,4.3,5.4,0.0,0.0,0.0,-16.056525703137616,86.64517004834738,30.0,0.0
2023-10-20T12:00:00Z,4.8,0.0,0.0,4.3,5.4,0.0,0.0,0.0,-16.056525703137616,86.64517004834738,35.0,0.0
2023-10-20T12:00:00Z,4.8,0.0,0.0,4.3,5.4,0.0,0.0,0.0,-16.056525703137616,86.64517004834738,40.0,0.0
2023-10-20T12:00:00Z,4.8,0.0,0.0,4.3,5.4,0.0,0.0,0.0,-16.056525703137616,86.64517004834738,45.0,0.0
2023-10-20T12:00:00Z,4.8,0.0,0.0,4.3,5.4,0.0,0.0,0.0,-16.056525703137616,86.64517004834738,50.0,0.0
2023-10-20T12:00:00Z,4.8,0.0,0.0,4.3,5.4,0.0,0.0,0.0,-16.056525703137616,86.64517004834738,55.0,0.0
2023-10-20T12:00:00Z,4.8,0.0,0.0,4.3,5.4,0.0,0.0,0.0,-16.056525703137616,86.64517004834738,60.0,0.0
2023-10-20T13:00:00Z,4.2,46.0,0.0,5.4,5.0,0.0,0.0,0.0,-6.661231797220696,98.26599049397004,30.0,0.0
2023-10-20T13:00:00Z,4.2,46.0,0.0,5.4,5.0,0.0,0.0,0.0,-6.661231797220696,98.26599049397004,35.0,0.0
2023-10-20T13:00:00Z,4.2,46.0,0.0,5.4,5.0,0.0,0.0,0.0,-6.661231797220696,98.26599049397004,40.0,0.0
2023-10-20T13:00:00Z,4.2,46.0,0.0,5.4,5.0,0.0,0.0,0.0,-6.661231797220696,98.26599049397004,45.0,0.0
2023-10-20T13:00:00Z,4.2,46.0,0.0,5.4,5.0,0.0,0.0,0.0,-6.661231797220696,98.26599049397004,50.0,0.0
2023-10-20T13:00:00Z,4.2,46.0,0.0,5.4,5.0,0.0,0.0,0.0,-6.661231797220696,98.26599049397004,55.0,0.0
2023-10-20T13:00:00Z,4.2,46.0,0.0,5.4,5.0,0.0,0.0,0.0,-6.661231797220696,98.26599049397004,60.0,0.0
2023-10-20T14:00:00Z,4.7,85.0,0.0,5.0,4.3,8.0,0.0,8.0,2.461066531759632,109.88349521331065,30.0,0.01276643745072919
2023-10-20T14:00:00Z,4.7,85.0,0.0,5.0,4.3,8.0,0.0,8.0,2.461066531759632,109.88349521331065,35.0,0.011412107696412325
2023-10-20T14:00:00Z,4.7,85.0,0.0,5.0,4.3,8.0,0.0,8.0,2.461066531759632,109.88349521331065,40.0,0.009877590936354368
2023-10-20T14:00:00Z,4.7,85.0,0.0,5.0,4.3,8.0,0.0,8.0,2.461066531759632,109.88349521331065,45.0,0.008174544574535526
2023-10-20T14:00:00Z,4.7,85.0,0.0,5.0,4.3,8.0,0.0,8.0,2.461066531759632,109.88349521331065,50.0,0.0063159079621653855
2023-10-20T14:00:00Z,4.7,85.0,0.0,5.0,4.3,8.0,0.0,8.0,2.461066531759632,109.88349521331065,55.0,0.004315804585494479
2023-10-20T14:00:00Z,4.7,85.0,0.0,5.0,4.3,8.0,0.0,8.0,2.461066531759632,109.88349521331065,60.0,0.002189435241691428
2023-10-20T15:00:00Z,5.3,84.0,0.0,4.3,2.2,66.0,43.3,57.9,10.916884587602825,122.06935075579122,30.0,0.6212950996759086
2023-10-20T15:00:00Z,5.3,84.0,0.0,4.3,2.2,66.0,43.3,57.9,10.916884587602825,122.06935075579122,35.0,0.6262113858963774
2023-10-20T15:00:00Z,5.3,84.0,0.0,4.3,2.2,66.0,43.3,57.9,10.916884587602825,122.06935075579122,40.0,0.6283221761375831
2023-10-20T15:00:00Z,5.3,84.0,0.0,4.3,2.2,66.0,43.3,57.9,10.916884587602825,122.06935075579122,45.0,0.6276118959160595
2023-10-20T15:00:00Z,5.3,84.0,0.0,4.3,2.2,66.0,43.3,57.9,10.916884587602825,122.06935075579122,50.0,0.624085785726649
2023-10-20T15:00:00Z,5.3,84.0,0.0,4.3,2.2,66.0,43.3,57.9,10.916884587602825,122.06935075579122,55.0,0.6177698661563181
2023-10-20T15:00:00Z,5.3,84.0,0.0,4.3,2.2,66.0,43.3,57.9,10.916884587602825,122.06935075579122,60.0,0.6087107645180402
2023-10-20T16:00:00Z,7.1,0.0,0.0,2.2,2.2,287.0,546.1,116.7,18.260589673777336,135.30487453409995,30.0,4.092388053332388
2023-10-20T16:00:00Z,7.1,0.0,0.0,2.2,2.2,287.0,546.1,116.7,18.260589673777336,135.30487453409995,35.0,4.2809599551850495
2023-10-20T16:00:00Z,7.1,0.0,0.0,2.2,2.2,287.0,546.1,116.7,18.260589673777336,135.30487453409995,40.0,4.441479365430729
2023-10-20T16:00:00Z,7.1,0.0,0.0,2.2,2.2,287.0,546.1,116.7,18.260589673777336,135.30487453409995,45.0,4.573189218885372
2023-10-20T16:00:00Z,7.1,0.0,0.0,2.2,2.2,287.0,546.1,116.7,18.260589673777336,135.30487453409995,50.0,4.675484819588155
2023-10-20T16:00:00Z,7.1,0.0,0.0,2.2,2.2,287.0,546.1,116.7,18.260589673777336,135.30487453409995,55.0,4.747906886028497
2023-10-20T16:00:00Z,7.1,0.0,0.0,2.2,2.2,287.0,546.1,116.7,18.260589673777336,135.30487453409995,60.0,4.790135789953913
2023-10-20T17:00:00Z,11.3,0.0,0.0,2.2,20.9,394.0,647.3,132.1,23.97530832258721,149.8995404315246,30.0,5.370612190524752
2023-10-20T17:00:00Z,11.3,0.0,0.0,2.2,20.9,394.0,647.3,132.1,23.97530832258721,149.8995404315246,35.0,5.602641735958825
2023-10-20T17:00:00Z,11.3,0.0,0.0,2.2,20.9,394.0,647.3,132.1,23.97530832258721,149.8995404315246,40.0,5.797963982513746
2023-10-20T17:00:00Z,11.3,0.0,0.0,2.2,20.9,394.0,647.3,132.1,23.97530832258721,149.8995404315246,45.0,5.955915368758342
2023-10-20T17:00:00Z,11.3,0.0,0.0,2.2,20.9,394.0,647.3,132.1,23.97530832258721,149.8995404315246,50.0,6.0759872990515245
2023-10-20T17:00:00Z,11.3,0.0,0.0,2.2,20.9,394.0,647.3,132.1,23.97530832258721,149.8995404315246,55.0,6.157810163210661
2023-10-20T17:00:00Z,11.3,0.0,0.0,2.2,20.9,394.0,647.3,132.1,23.97530832258721,149.8995404315246,60.0,6.201140611499743
2023-10-20T18:00:00Z,11.1,0.0,0.0,12.2,18.7,463.0,706.1,138.1,27.519141876285033,165.81267479979158,30.0,6.284884358031545
2023-10-20T18:00:00Z,11.1,0.0,0.0,12.2,18.7,463.0,706.1,138.1,27.519141876285033,165.81267479979158,35.0,6.551486721576718
2023-10-20T18:00:00Z,11.1,0.0,0.0,12.2,18.7,463.0,706.1,138.1,27.519141876285033,165.81267479979158,40.0,6.774954209065805
2023-10-20T18:00:00Z,11.1,0.0,0.0,12.2,18.7,463.0,706.1,138.1,27.519141876285033,165.81267479979158,45.0,6.954559293506645
2023-10-20T18:00:00Z,11.1,0.0,0.0,12.2,18.7,463.0,706.1,138.1,27.519141876285033,165.81267479979158,50.0,7.089748986057049
2023-10-20T18:00:00Z,11.1,0.0,0.0,12.2,18.7,463.0,706.1,138.1,27.519141876285033,165.81267479979158,55.0,7.180125987085457
2023-10-20T18:00:00Z,11.1,0.0,0.0,12.2,18.7,463.0,706.1,138.1,27.519141876285033,165.81267479979158,60.0,7.225433869520818
2023-10-20T19:00:00Z,13.0,0.0,0.0,9.4,18.4,480.0,717.5,139.4,28.46606307587334,182.49806722738415,30.0,6.419676371732477
2023-10-20T19:00:00Z,13.0,0.0,0.0,9.4,18.4,480.0,717.5,139.4,28.46606307587334,182.49806722738415,35.0,6.68839435525317
2023-10-20T19:00:00Z,13.0,0.0,0.0,9.4,18.4,480.0,717.5,139.4,28.46606307587334,182.49806722738415,40.0,6.913224377283296
2023-10-20T19:00:00Z,13.0,0.0,0.0,9.4,18.4,480.0,717.5,139.4,28.46606307587334,182.49806722738415,45.0,7.093527956243038
2023-10-20T19:00:00Z,13.0,0.0,0.0,9.4,18.4,480.0,717.5,139.4,28.46606307587334,182.49806722738415,50.0,7.228828228181204
2023-10-20T19:00:00Z,13.0,0.0,0.0,9.4,18.4,480.0,717.5,139.4,28.46606307587334,182.49806722738415,55.0,7.318788256457859
2023-10-20T19:00:00Z,13.0,0.0,0.0,9.4,18.4,480.0,717.5,139.4,28.46606307587334,182.49806722738415,60.0,7.36319406074005
2023-10-20T20:00:00Z,13.3,0.0,0.0,11.2,15.5,447.0,693.4,136.8,26.687118303569196,199.0320087641363,30.0,6.0377192093401995
2023-10-20T20:00:00Z,13.3,0.0,0.0,11.2,15.5,447.0,693.4,136.8,26.687118303569196,199.0320087641363,35.0,6.295518002144755
2023-10-20T20:00:00Z,13.3,0.0,0.0,11.2,15.5,447.0,693.4,136.8,26.687118303569196,199.0320087641363,40.0,6.511874252206078
2023-10-20T20:00:00Z,13.3,0.0,0.0,11.2,15.5,447.0,693.4,136.8,26.687118303569196,199.0320087641363,45.0,6.686066628457204
2023-10-20T20:00:00Z,13.3,0.0,0.0,11.2,15.5,447.0,693.4,136.8,26.687118303569196,199.0320087641363,50.0,6.817544848843647
2023-10-20T20:00:00Z,13.3,0.0,0.0,11.2,15.5,447.0,693.4,136.8,26.687118303569196,199.0320087641363,55.0,6.905911839812407
2023-10-20T20:00:00Z,13.3,0.0,0.0,11.2,15.5,447.0,693.4,136.8,26.687118303569196,199.0320087641363,60.0,6.950909660464116
2023-10-20T21:00:00Z,13.3,0.0,0.0,9.7,13.3,183.0,133.4,132.4,22.417422828925343,214.5686025567641,30.0,1.9361225253054193
2023-10-20T21:00:00Z,13.3,0.0,0.0,9.7,13.3,183.0,133.4,132.4,22.417422828925343,214.5686025567641,35.0,1.9729323099493095
2023-10-20T21:00:00Z,13.3,0.0,0.0,9.7,13.3,183.0,133.4,132.4,22.417422828925343,214.5686025567641,40.0,1.9996433131013591
2023-10-20T21:00:00Z,13.3,0.0,0.0,9.7,13.3,183.0,133.4,132.4,22.417422828925343,214.5686025567641,45.0,2.016075533567988
2023-10-20T21:00:00Z,13.3,0.0,0.0,9.7,13.3,183.0,133.4,132.4,22.417422828925343,214.5686025567641,50.0,2.0221184726606674
2023-10-20T21:00:00Z,13.3,0.0,0.0,9.7,13.3,183.0,133.4,132.4,22.417422828925343,214.5686025567641,55.0,2.0177315397017233
2023-10-20T21:00:00Z,13.3,0.0,0.0,9.7,13.3,183.0,133.4,132.4,22.417422828925343,214.5686025567641,60.0,2.002944199489675
2023-10-20T22:00:00Z,12.4,100.0,0.0,8.6,13.7,153.0,176.1,104.3,16.137790937910218,228.72113612750815,30.0,1.7667018736698445
2023-10-20T22:00:00Z,12.4,100.0,0.0,8.6,13.7,153.0,176.1,104.3,16.137790937910218,228.72113612750815,35.0,1.8179360957521562
2023-10-20T22:00:00Z,12.4,100.0,0.0,8.6,13.7,153.0,176.1,104.3,16.137790937910218,228.72113612750815,40.0,1.859089765799846
2023-10-20T22:00:00Z,12.4,100.0,0.0,8.6,13.7,153.0,176.1,104.3,16.137790937910218,228.72113612750815,45.0,1.8898856750442143
2023-10-20T22:00:00Z,12.4,100.0,0.0,8.6,13.7,153.0,176.1,104.3,16.137790937910218,228.72113612750815,50.0,1.9101171222920847
2023-10-20T22:00:00Z,12.4,100.0,0.0,8.6,13.7,153.0,176.1,104.3,16.137790937910218,228.72113612750815,55.0,1.9196486593328024
2023-10-20T22:00:00Z,12.4,100.0,0.0,8.6,13.7,153.0,176.1,104.3,16.137790937910218,228.72113612750815,60.0,1.9184165679761578
2023-10-20T23:00:00Z,12.3,0.0,0.0,9.0,3.6,109.0,299.1,65.7,8.392142531060244,241.57798708279762,30.0,1.6092142737375648
2023-10-20T23:00:00Z,12.3,0.0,0.0,9.0,3.6,109.0,299.1,65.7,8.392142531060244,241.57798708279762,35.0,1.6962574029478317
2023-10-20T23:00:00Z,12.3,0.0,0.0,9.0,3.6,109.0,299.1,65.7,8.392142531060244,241.57798708279762,40.0,1.7724388863213199
2023-10-20T23:00:00Z,12.3,0.0,0.0,9.0,3.6,109.0,299.1,65.7,8.392142531060244,241.57798708279762,45.0,1.8372499632564134
2023-10-20T23:00:00Z,12.3,0.0,0.0,9.0,3.6,109.0,299.1,65.7,8.392142531060244,241.57798708279762,50.0,1.8902608243137788
2023-10-20T23:00:00Z,12.3,0.0,0.0,9.0,3.6,109.0,299.1,65.7,8.392142531060244,241.57798708279762,55.0,1.9311219858913236
2023-10-20T23:00:00Z,12.3,0.0,0.0,9.0,3.6,109.0,299.1,65.7,8.392142531060244,241.57798708279762,60.0,1.9595653388538776
2023-10-21T00:00:00Z,8.6,0.0,0.0,3.6,7.2,11.0,4.6,10.8,-0.32452264867013864,253.5157737347801,30.0,0.0
2023-10-21T00:00:00Z,8.6,0.0,0.0,3.6,7.2,11.0,4.6,10.8,-0.32452264867013864,253.5157737347801,35.0,0.0
2023-10-21T00:00:00Z,8.6,0.0,0.0,3.6,7.2,11.0,4.6,10.8,-0.32452264867013864,253.5157737347801,40.0,0.0
2023-10-21T00:00:00Z,8.6,0.0,0.0,3.6,7.2,11.0,4.6,10.8,-0.32452264867013864,253.5157737347801,45.0,0.0
2023-10-21T00:00:00Z,8.6,0.0,0.0,3.6,7.2,11.0,4.6,10.8,-0.32452264867013864,253.5157737347801,50.0,0.0
2023-10-21T00:00:00Z,8.6,0.0,0.0,3.6,7.2,11.0,4.6,10.8,-0.32452264867013864,253.5157737347801,55.0,0.0
2023-10-21T00:00:00Z,8.6,0.0,0.0,3.6,7.2,11.0,4.6,10.8,-0.32452264867013864,253.5157737347801,60.0,0.0
2023-10-21T01:00:00Z,8.5,0.0,0.0,7.2,6.5,0.0,0.0,0.0,-9.588029569734418,265.04654337999295,30.0,0.0
2023-10-21T01:00:00Z,8.5,0.0,0.0,7.2,6.5,0.0,0.0,0.0,-9.588029569734418,265.04654337999295,35.0,0.0
2023-10-21T01:00:00Z,8.5,0.0,0.0,7.2,6.5,0.0,0.0,0.0,-9.588029569734418,265.04654337999295,40.0,0.0
2023-10-21T01:00:00Z,8.5,0.0,0.0,7.2,6.5,0.0,0.0,0.0,-9.588029569734418,265.04654337999295,45.0,0.0
2023-10-21T01:00:00Z,8.5,0.0,0.0,7.2,6.5,0.0,0.0,0.0,-9.588029569734418,265.04654337999295,50.0,0.0
2023-10-21T01:00:00Z,8.5,0.0,0.0,7.2,6.5,0.0,0.0,0.0,-9.588029569734418,265.04654337999295,55.0,0.0
2023-10-21T01:00:00Z,8.5,0.0,0.0,7.2,6.5,0.0,0.0,0.0,-9.588029569734418,265.04654337999295,60.0,0.0
2023-10-21T02:00:00Z,6.7,0.0,0.0,6.5,5.8,0.0,0.0,0.0,-19.01371392145792,276.7670748159129,30.0,0.0
2023-10-21T02:00:00Z,6.7,0.0,0.0,6.5,5.8,0.0,0.0,0.0,-19.01371392145792,276.7670748159129,35.0,0.0
2023-10-21T02:00:00Z,6.7,0.0,0.0,6.5,5.8,0.0,0.0,0.0,-19.01371392145792,276.7670748159129,40.0,0.0
2023-10-21T02:00:00Z,6.7,0.0,0.0,6.5,5.8,0.0,0.0,0.0,-19.01371392145792,276.7670748159129,45.0,0.0
2023-10-21T02:00:00Z,6.7,0.0,0.0,6.5,5.8,0.0,0.0,0.0,-19.01371392145792,276.7670748159129,50.0,0.0
2023-10-21T02:00:00Z,6.7,0.0,0.0,6.5,5.8,0.0,0.0,0.0,-19.01371392145792,276.7670748159129,55.0,0.0
2023-10-21T02:00:00Z,6.7,0.0,0.0,6.5,5.8,0.0,0.0,0.0,-19.01371392145792,276.7670748159129,60.0,0.0
2023-10-21T03:00:00Z,5.3,32.0,0.0,5.8,5.4,0.0,0.0,0.0,-28.19797983518554,289.38207814953887,30.0,0.0
2023-10-21T03:00:00Z,5.3,32.0,0.0,5.8,5.4,0.0,0.0,0.0,-28.19797983518554,289.38207814953887,35.0,0.0
2023-10-21T03:00:00Z,5.3,32.0,0.0,5.8,5.4,0.0,0.0,0.0,-28.19797983518554,289.38207814953887,40.0,0.0
2023-10-21T03:00:00Z,5.3,32.0,0.0,5.8,5.4,0.0,0.0,0.0,-28.19797983518554,289.38207814953887,45.0,0.0
2023-10-21T03:00:00Z,5.3,32.0,0.0,5.8,5.4,0.0,0.0,0.0,-28.19797983518554,289.38207814953887,50.0,0.0
2023-10-21T03:00:00Z,5.3,32.0,0.0,5.8,5.4,0.0,0.0,0.0,-28.19797983518554,289.38207814953887,55.0,0.0
2023-10-21T03:00:00Z,5.3,32.0,0.0,5.8,5.4,0.0,0.0,0.0,-28.19797983518554,289.38207814953887,60.0,0.0
2023-10-21T04:00:00Z,4.3,36.0,0.0,5.4,5.4,0.0,0.0,0.0,-36.637694395310334,303.7442295328823,30.0,0.0
2023-10-21T04:00:00Z,4.3,36.0,0.0,5.4,5.4,0.0,0.0,0.0,-36.637694395310334,303.7442295328823,35.0,0.0
2023-10-21T04:00:00Z,4.3,36.0,0.0,5.4,5.4,0.0,0.0,0.0,-36.637694395310334,303.7442295328823,40.0,0.0
2023-10-21T04:00:00Z,4.3,36.0,0.0,5.4,5.4,0.0,0.0,0.0,-36.637694395310334,303.7442295328823,45.0,0.0
2023-10-21T04:00:00Z,4.3,36.0,0.0,5.4,5.4,0.0,0.0,0.0,-36.637694395310334,303.7442295328823,50.0,0.0
2023-10-21T04:00:00Z,4.3,36.0,0.0,5.4,5.4,0.0,0.0,0.0,-36.637694395310334,303.7442295328823,55.0,0.0
2023-10-21T04:00:00Z,4.3,36.0,0.0,5.4,5.4,0.0,0.0,0.0,-36.637694395310334,303.7442295328823,60.0,0.0
2023-10-21T05:00:00Z,3.6,4.0,0.0,5.4,1.1,0.0,0.0,0.0,-43.63350004618681,320.77981712591014,30.0,0.0
2023-10-21T05:00:00Z,3.6,4.0,0.0,5.4,1.1,0.0,0.0,0.0,-43.63350004618681,320.77981712591014,35.0,0.0
2023-10-21T05:00:00Z,3.6,4.0,0.0,5.4,1.1,0.0,0.0,0.0,-43.63350004618681,320.77981712591014,40.0,0.0
2023-10-21T05:00:00Z,3.6,4.0,0.0,5.4,1.1,0.0,0.0,0.0,-43.63350004618681,320.77981712591014,45.0,0.0
2023-10-21T05:00:00Z,3.6,4.0,0.0,5.4,1.1,0.0,0.0,0.0,-43.63350004618681,320.77981712591014,50.0,0.0
2023-10-21T05:00:00Z,3.6,4.0,0.0,5.4,1.1,0.0,0.0,0.0,-43.63350004618681,320.77981712591014,55.0,0.0
2023-10-21T05:00:00Z,3.6,4.0,0.0,5.4,1.1,0.0,0.0,0.0,-43.63350004618681,320.77981712591014,60.0,0.0
2023-10-21T06:00:00Z,1.7,0.0,0.0,1.1,4.0,0.0,0.0,0.0,-48.24920220905506,340.9927002004193,30.0,0.0
2023-10-21T06:00:00Z,1.7,0.0,0.0,1.1,4.0,0.0,0.0,0.0,-48.24920220905506,340.9927002004193,35.0,0.0
2023-10-21T06:00:00Z,1.7,0.0,0.0,1.1,4.0,0.0,0.0,0.0,-48.24920220905506,340.9927002004193,40.0,0.0
2023-10-21T06:00:00Z,1.7,0.0,0.0,1.1,4.0,0.0,0.0,0.0,-48.24920220905506,340.9927002004193,45.0,0.0
2023-10-21T06:00:00Z,1.7,0.0,0.0,1.1,4.0,0.0,0.0,0.0,-48.24920220905506,340.9927002004193,50.0,0.0
2023-10-21T06:00:00Z,1.7,0.0,0.0,1.1,4.0,0.0,0.0,0.0,-48.24920220905506,340.9927002004193,55.0,0.0
2023-10-21T06:00:00Z,1.7,0.0,0.0,1.1,4.0,0.0,0.0,0.0,-48.24920220905506,340.9927002004193,60.0,0.0
2023-10-21T07:00:00Z,1.0,1.0,0.0,4.0,4.3,0.0,0.0,0.0,-49.549702989616,3.4153838319471106,30.0,0.0
2023-10-21T07:00:00Z,1.0,1.0,0.0,4.0,4.3,0.0,0.0,0.0,-49.549702989616,3.4153838319471106,35.0,0.0
2023-10-21T07:00:00Z,1.0,1.0,0.0,4.0,4.3,0.0,0.0,0.0,-49.549702989616,3.4153838319471106,40.0,0.0
2023-10-21T07:00:00Z,1.0,1.0,0.0,4.0,4.3,0.0,0.0,0.0,-49.549702989616,3.4153838319471106,45.0,0.0
2023-10-21T07:00:00Z,1.0,1.0,0.0,4.0,4.3,0.0,0.0,0.0,-49.549702989616,3.4153838319471106,50.0,0.0
2023-10-21T07:00:00Z,1.0,1.0,0.0,4.0,4.3,0.0,0.0,0.0,-49.549702989616,3.4153838319471106,55.0,0.0
2023-10-21T07:00:00Z,1.0,1.0,0.0,4.0,4.3,0.0,0.0,0.0,-49.549702989616,3.4153838319471106,60.0,0.0
2023-10-21T08:00:00Z,0.6,1.0,0.0,4.3,5.0,0.0,0.0,0.0,-47.20645392929687,25.41080791414845,30.0,0.0
2023-10-21T08:00:00Z,0.6,1.0,0.0,4.3,5.0,0.0,0.0,0.0,-47.20645392929687,25.41080791414845,35.0,0.0
2023-10-21T08:00:00Z,0.6,1.0,0.0,4.3,5.0,0.0,0.0,0.0,-47.20645392929687,25.41080791414845,40.0,0.0
2023-10-21T08:00:00Z,0.6,1.0,0.0,4.3,5.0,0.0,0.0,0.0,-47.20645392929687,25.41080791414845,45.0,0.0
2023-10-21T08:00:00Z,0.6,1.0,0.0,4.3,5.0,0.0,0.0,0.0,-47.20645392929687,25.41080791414845,50.0,0.0
2023-10-21T08:00:00Z,0.6,1.0,0.0,4.3,5.0,0.0,0.0,0.0,-47.20645392929687,25.41080791414845,55.0,0.0
2023-10-21T08:00:00Z,0.6,1.0,0.0,4.3,5.0,0.0,0.0,0.0,-47.20645392929687,25.41080791414845,60.0,0.0
2023-10-21T09:00:00Z,0.2,3.0,0.0,5.0,6.1,0.0,0.0,0.0,-41.79203856424991,44.70646006777213,30.0,0.0
2023-10-21T09:00:00Z,0.2,3.0,0.0,5.0,6.1,0.0,0.0,0.0,-41.79203856424991,44.70646006777213,35.0,0.0
2023-10-21T09:00:00Z,0.2,3.0,0.0,5.0,6.1,0.0,0.0,0.0,-41.79203856424991,44.70646006777213,40.0,0.0
2023-10-21T09:00:00Z,0.2,3.0,0.0,5.0,6.1,0.0,0.0,0.0,-41.79203856424991,44.70646006777213,45.0,0.0
2023-10-21T09:00:00Z,0.2,3.0,0.0,5.0,6.1,0.0,0.0,0.0,-41.79203856424991,44.70646006777213,50.0,0.0
2023-10-21T09:00:00Z,0.2,3.0,0.0,5.0,6.1,0.0,0.0,0.0,-41.79203856424991,44.70646006777213,55.0,0.0
2023-10-21T09:00:00Z,0.2,3.0,0.0,5.0,6.1,0.0,0.0,0.0,-41.79203856424991,44.70646006777213,60.0,0.0
2023-10-21T10:00:00Z,-0.2,2.0,0.0,6.1,6.8,0.0,0.0,0.0,-34.294435864357375,60.87455953022737,30.0,0.0
2023-10-21T10:00:00Z,-0.2,2.0,0.0,6.1,6.8,0.0,0.0,0.0,-34.294435864357375,60.87455953022737,35.0,0.0
2023-10-21T10:00:00Z,-0.2,2.0,0.0,6.1,6.8,0.0,0.0,0.0,-34.294435864357375,60.87455953022737,40.0,0.0
2023-10-21T10:00:00Z,-0.2,2.0,0.0,6.1,6.8,0.0,0.0,0.0,-34.294435864357375,60.87455953022737,45.0,0.0
2023-10-21T10:00:00Z,-0.2,2.0,0.0,6.1,6.8,0.0,0.0,0.0,-34.294435864357375,60.87455953022737,50.0,0.0
2023-10-21T10:00:00Z,-0.2,2.0,0.0,6.1,6.8,0.0,0.0,0.0,-34.294435864357375,60.87455953022737,55.0,0.0
2023-10-21T10:00:00Z,-0.2,2.0,0.0,6.1,6.8,0.0,0.0,0.0,-34.294435864357375,60.87455953022737,60.0,0.0
2023-10-21T11:00:00Z,-0.0,6.0,0.0,6.8,5.8,0.0,0.0,0.0,-25.587740790633315,74.63452636080251,30.0,0.0
2023-10-21T11:00:00Z,-0.0,6.0,0.0,6.8,5.8,0.0,0.0,0.0,-25.587740790633315,74.63452636080251,35.0,0.0
2023-10-21T11:00:00Z,-0.0,6.0,0.0,6.8,5.8,0.0,0.0,0.0,-25.587740790633315,74.63452636080251,40.0,0.0
2023-10-21T11:00:00Z,-0.0,6.0,0.0,6.8,5.8,0.0,0.0,0.0,-25.587740790633315,74.63452636080251,45.0,0.0
2023-10-21T11:00:00Z,-0.0,6.0,0.0,6.8,5.8,0.0,0.0,0.0,-25.587740790633315,74.63452636080251,50.0,0.0
2023-10-21T11:00:00Z,-0.0,6.0,0.0,6.8,5.8,0.0,0.0,0.0,-25.587740790633315,74.63452636080251,55.0,0.0
2023-10-21T11:00:00Z,-0.0,6.0,0.0,6.8,5.8,0.0,0.0,0.0,-25.587740790633315,74.63452636080251,60.0,0.0
2023-10-21T12:00:00Z,1.2,0.0,0.0,5.8,7.6,0.0,0.0,0.0,-16.305090506143735,86.915781547949,30.0,0.0
2023-10-21T12:00:00Z,1.2,0.0,0.0,5.8,7.6,0.0,0.0,0.0,-16.305090506143735,86.915781547949,35.0,0.0
2023-10-21T12:00:00Z,1.2,0.0,0.0,5.8,7.6,0.0,0.0,0.0,-16.305090506143735,86.915781547949,40.0,0.0
2023-10-21T12:00:00Z,1.2,0.0,0.0,5.8,7.6,0.0,0.0,0.0,-16.305090506143735,86.915781547949,45.0,0.0
2023-10-21T12:00:00Z,1.2,0.0,0.0,5.8,7.6,0.0,0.0,0.0,-16.305090506143735,86.915781547949,50.0,0.0
2023-10-21T12:00:00Z,1.2,0.0,0.0,5.8,7.6,0.0,0.0,0.0,-16.305090506143735,86.915781547949,55.0,0.0
2023-10-21T12:00:00Z,1.2,0.0,0.0,5.8,7.6,0.0,0.0,0.0,-16.305090506143735,86.915781547949,60.0,0.0
2023-10-21T13:00:00Z,0.1,21.0,0.0,7.2,6.8,0.0,0.0,0.0,-6.911733002891229,98.52566979276651,30.0,0.0
2023-10-21T13:00:00Z,0.1,21.0,0.0,7.2,6.8,0.0,0.0,0.0,-6.911733002891229,98.52566979276651,35.0,0.0
2023-10-21T13:00:00Z,0.1,21.0,0.0,7.2,6.8,0.0,0.0,0.0,-6.911733002891229,98.52566979276651,40.0,0.0
2023-10-21T13:00:00Z,0.1,21.0,0.0,7.2,6.8,0.0,0.0,0.0,-6.911733002891229,98.52566979276651,45.0,0.0
2023-10-21T13:00:00Z,0.1,21.0,0.0,7.2,6.8,0.0,0.0,0.0,-6.911733002891229,98.52566979276651,50.0,0.0
2023-10-21T13:00:00Z,0.1,21.0,0.0,7.2,6.8,0.0,0.0,0.0,-6.911733002891229,98.52566979276651,55.0,0.0
2023-10-21T13:00:00Z,0.1,21.0,0.0,7.2,6.8,0.0,0.0,0.0,-6.911733002891229,98.52566979276651,60.0,0.0
2023-10-21T14:00:00Z,0.5,27.0,0.0,6.8,6.5,19.0,13.1,18.0,2.2004002227668304,110.13110634997241,30.0,0.13179497799273412
2023-10-21T14:00:00Z,0.5,27.0,0.0,6.8,6.5,19.0,13.1,18.0,2.2004002227668304,110.13110634997241,35.0,0.13255969629615294
2023-10-21T14:00:00Z,0.5,27.0,0.0,6.8,6.5,19.0,13.1,18.0,2.2004002227668304,110.13110634997241,40.0,0.13264648705999105
2023-10-21T14:00:00Z,0.5,27.0,0.0,6.8,6.5,19.0,13.1,18.0,2.2004002227668304,110.13110634997241,45.0,0.1320546942279267
2023-10-21T14:00:00Z,0.5,27.0,0.0,6.8,6.5,19.0,13.1,18.0,2.2004002227668304,110.13110634997241,50.0,0.13078879128215395
2023-10-21T14:00:00Z,0.5,27.0,0.0,6.8,6.5,19.0,13.1,18.0,2.2004002227668304,110.13110634997241,55.0,0.12885834812080807
2023-10-21T14:00:00Z,0.5,27.0,0.0,6.8,6.5,19.0,13.1,18.0,2.2004002227668304,110.13110634997241,60.0,0.1262779601797193
2023-10-21T15:00:00Z,1.3,26.0,0.0,6.5,5.0,68.0,50.5,58.7,10.638964356561802,122.30110362260496,30.0,0.6685760300655552
2023-10-21T15:00:00Z,1.3,26.0,0.0,6.5,5.0,68.0,50.5,58.7,10.638964356561802,122.30110362260496,35.0,0.6762674079634979
2023-10-21T15:00:00Z,1.3,26.0,0.0,6.5,5.0,68.0,50.5,58.7,10.638964356561802,122.30110362260496,40.0,0.6808356459163559
2023-10-21T15:00:00Z,1.3,26.0,0.0,6.5,5.0,68.0,50.5,58.7,10.638964356561802,122.30110362260496,45.0,0.6822471018672361
2023-10-21T15:00:00Z,1.3,26.0,0.0,6.5,5.0,68.0,50.5,58.7,10.638964356561802,122.30110362260496,50.0,0.680491383905696
2023-10-21T15:00:00Z,1.3,26.0,0.0,6.5,5.0,68.0,50.5,58.7,10.638964356561802,122.30110362260496,55.0,0.6755814187685906
2023-10-21T15:00:00Z,1.3,26.0,0.0,6.5,5.0,68.0,50.5,58.7,10.638964356561802,122.30110362260496,60.0,0.6675533666246696
2023-10-21T16:00:00Z,2.7,63.0,0.0,5.0,3.6,102.0,46.6,87.7,17.96013258373447,135.51187825571418,30.0,0.972761683730604
2023-10-21T16:00:00Z,2.7,63.0,0.0,5.0,3.6,102.0,46.6,87.7,17.96013258373447,135.51187825571418,35.0,0.9770700534715792
2023-10-21T16:00:00Z,2.7,63.0,0.0,5.0,3.6,102.0,46.6,87.7,17.96013258373447,135.51187825571418,40.0,0.9771700995973808
2023-10-21T16:00:00Z,2.7,63.0,0.0,5.0,3.6,102.0,46.6,87.7,17.96013258373447,135.51187825571418,45.0,0.9730610951279577
2023-10-21T16:00:00Z,2.7,63.0,0.0,5.0,3.6,102.0,46.6,87.7,17.96013258373447,135.51187825571418,50.0,0.9647729030933752
2023-10-21T16:00:00Z,2.7,63.0,0.0,5.0,3.6,102.0,46.6,87.7,17.96013258373447,135.51187825571418,55.0,0.9523657917984358
2023-10-21T16:00:00Z,2.7,63.0,0.0,5.0,3.6,102.0,46.6,87.7,17.96013258373447,135.51187825571418,60.0,0.9359300609903336
2023-10-21T17:00:00Z,3.9,67.0,0.0,3.6,14.0,137.0,54.1,115.4,23.65040794975278,150.0665216948638,30.0,1.3145326275097091
2023-10-21T17:00:00Z,3.9,67.0,0.0,3.6,14.0,137.0,54.1,115.4,23.65040794975278,150.0665216948638,35.0,1.3200610335550944
2023-10-21T17:00:00Z,3.9,67.0,0.0,3.6,14.0,137.0,54.1,115.4,23.65040794975278,150.0665216948638,40.0,1.3199113595134042
2023-10-21T17:00:00Z,3.9,67.0,0.0,3.6,14.0,137.0,54.1,115.4,23.65040794975278,150.0665216948638,45.0,1.3140846719913113
2023-10-21T17:00:00Z,3.9,67.0,0.0,3.6,14.0,137.0,54.1,115.4,23.65040794975278,150.0665216948638,50.0,1.3026225045250854
2023-10-21T17:00:00Z,3.9,67.0,0.0,3.6,14.0,137.0,54.1,115.4,23.65040794975278,150.0665216948638,55.0,1.2856066261641828
2023-10-21T17:00:00Z,3.9,67.0,0.0,3.6,14.0,137.0,54.1,115.4,23.65040794975278,150.0665216948638,60.0,1.2631585838096568
2023-10-21T18:00:00Z,5.4,0.0,0.0,7.9,3.6,149.0,47.9,127.2,27.173278671608625,165.92059441890092,30.0,1.397975839337231
2023-10-21T18:00:00Z,5.4,0.0,0.0,7.9,3.6,149.0,47.9,127.2,27.173278671608625,165.92059441890092,35.0,1.4000929773267012
2023-10-21T18:00:00Z,5.4,0.0,0.0,7.9,3.6,149.0,47.9,127.2,27.173278671608625,165.92059441890092,40.0,1.3963854445420942
2023-10-21T18:00:00Z,5.4,0.0,0.0,7.9,3.6,149.0,47.9,127.2,27.173278671608625,165.92059441890092,45.0,1.3868797037309428
2023-10-21T18:00:00Z,5.4,0.0,0.0,7.9,3.6,149.0,47.9,127.2,27.173278671608625,165.92059441890092,50.0,1.3716436419638187
2023-10-21T18:00:00Z,5.4,0.0,0.0,7.9,3.6,149.0,47.9,127.2,27.173278671608625,165.92059441890092,55.0,1.3507861882336856
2023-10-21T18:00:00Z,5.4,0.0,0.0,7.9,3.6,149.0,47.9,127.2,27.173278671608625,165.92059441890092,60.0,1.324456696141447
2023-10-21T19:00:00Z,7.1,72.0,0.0,1.8,7.6,190.0,85.2,150.0,28.108584921011026,182.53273285117294,30.0,1.8887875947139787
2023-10-21T19:00:00Z,7.1,72.0,0.0,1.8,7.6,190.0,85.2,150.0,28.108584921011026,182.53273285117294,35.0,1.9063802999778388
2023-10-21T19:00:00Z,7.1,72.0,0.0,1.8,7.6,190.0,85.2,150.0,28.108584921011026,182.53273285117294,40.0,1.915225269707387
2023-10-21T19:00:00Z,7.1,72.0,0.0,1.8,7.6,190.0,85.2,150.0,28.108584921011026,182.53273285117294,45.0,1.9152623280431071
2023-10-21T19:00:00Z,7.1,72.0,0.0,1.8,7.6,190.0,85.2,150.0,28.108584921011026,182.53273285117294,50.0,1.9064912229795723
2023-10-21T19:00:00Z,7.1,72.0,0.0,1.8,7.6,190.0,85.2,150.0,28.108584921011026,182.53273285117294,55.0,1.8889716273833106
2023-10-21T19:00:00Z,7.1,72.0,0.0,1.8,7.6,190.0,85.2,150.0,28.108584921011026,182.53273285117294,60.0,1.8628228970738288
2023-10-21T20:00:00Z,8.0,68.0,0.0,2.9,13.3,159.0,62.0,131.6,26.33014685450828,198.99321044252528,30.0,1.5214651673578048
2023-10-21T20:00:00Z,8.0,68.0,0.0,2.9,13.3,159.0,62.0,131.6,26.33014685450828,198.99321044252528,35.0,1.5294260482597195
2023-10-21T20:00:00Z,8.0,68.0,0.0,2.9,13.3,159.0,62.0,131.6,26.33014685450828,198.99321044252528,40.0,1.5307199332173445
2023-10-21T20:00:00Z,8.0,68.0,0.0,2.9,13.3,159.0,62.0,131.6,26.33014685450828,198.99321044252528,45.0,1.5253377458089759
2023-10-21T20:00:00Z,8.0,68.0,0.0,2.9,13.3,159.0,62.0,131.6,26.33014685450828,198.99321044252528,50.0,1.5133172488949953
2023-10-21T20:00:00Z,8.0,68.0,0.0,2.9,13.3,159.0,62.0,131.6,26.33014685450828,198.99321044252528,55.0,1.4947428534227798
2023-10-21T20:00:00Z,8.0,68.0,0.0,2.9,13.3,159.0,62.0,131.6,26.33014685450828,198.99321044252528,60.0,1.4697451887390507
2023-10-21T21:00:00Z,9.0,70.0,0.0,6.5,27.7,118.0,42.7,102.0,22.070782605928756,214.46966635144145,30.0,1.085549056075676
2023-10-21T21:00:00Z,9.0,70.0,0.0,6.5,27.7,118.0,42.7,102.0,22.070782605928756,214.46966635144145,35.0,1.0873584543160402
2023-10-21T21:00:00Z,9.0,70.0,0.0,6.5,27.7,118.0,42.7,102.0,22.070782605928756,214.46966635144145,40.0,1.0846317226800442
2023-10-21T21:00:00Z,9.0,70.0,0.0,6.5,27.7,118.0,42.7,102.0,22.070782605928756,214.46966635144145,45.0,1.0773885812188355
2023-10-21T21:00:00Z,9.0,70.0,0.0,6.5,27.7,118.0,42.7,102.0,22.070782605928756,214.46966635144145,50.0,1.0656814363491456
2023-10-21T21:00:00Z,9.0,70.0,0.0,6.5,27.7,118.0,42.7,102.0,22.070782605928756,214.46966635144145,55.0,1.0495950640429865
2023-10-21T21:00:00Z,9.0,70.0,0.0,6.5,27.7,118.0,42.7,102.0,22.070782605928756,214.46966635144145,60.0,1.0292460951024291
2023-10-21T22:00:00Z,9.7,67.0,0.0,8.6,26.6,94.0,50.0,80.4,15.806097994792898,228.5799068814618,30.0,0.8863409946901131
2023-10-21T22:00:00Z,9.7,67.0,0.0,8.6,26.6,94.0,50.0,80.4,15.806097994792898,228.5799068814618,35.0,0.8923517306237811
2023-10-21T22:00:00Z,9.7,67.0,0.0,8.6,26.6,94.0,50.0,80.4,15.806097994792898,228.5799068814618,40.0,0.8944166160175194
2023-10-21T22:00:00Z,9.7,67.0,0.0,8.6,26.6,94.0,50.0,80.4,15.806097994792898,228.5799068814618,45.0,0.8925205962423202
2023-10-21T22:00:00Z,9.7,67.0,0.0,8.6,26.6,94.0,50.0,80.4,15.806097994792898,228.5799068814618,50.0,0.8866774946656353
2023-10-21T22:00:00Z,9.7,67.0,0.0,8.6,26.6,94.0,50.0,80.4,15.806097994792898,228.5799068814618,55.0,0.8769299257652124
2023-10-21T22:00:00Z,9.7,67.0,0.0,8.6,26.6,94.0,50.0,80.4,15.806097994792898,228.5799068814618,60.0,0.8633490268402667
2023-10-21T23:00:00Z,9.5,45.0,0.0,11.9,23.0,54.0,50.5,47.0,8.075169029991402,241.4092337749778,30.0,0.5230383417664451
2023-10-21T23:00:00Z,9.5,45.0,0.0,11.9,23.0,54.0,50.5,47.0,8.075169029991402,241.4092337749778,35.0,0.5315172340077086
2023-10-21T23:00:00Z,9.5,45.0,0.0,11.9,23.0,54.0,50.5,47.0,8.075169029991402,241.4092337749778,40.0,0.5374311064042046
2023-10-21T23:00:00Z,9.5,45.0,0.0,11.9,23.0,54.0,50.5,47.0,8.075169029991402,241.4092337749778,45.0,0.5407361155827366
2023-10-21T23:00:00Z,9.5,45.0,0.0,11.9,23.0,54.0,50.5,47.0,8.075169029991402,241.4092337749778,50.0,0.5414077682275932
2023-10-21T23:00:00Z,9.5,45.0,0.0,11.9,23.0,54.0,50.5,47.0,8.075169029991402,241.4092337749778,55.0,0.5394410875198036
2023-10-21T23:00:00Z,9.5,45.0,0.0,11.9,23.0,54.0,50.5,47.0,8.075169029991402,241.4092337749778,60.0,0.5348506469320854
