timestamp,temperature_c,cloud_cover_pct,precipitation_mm,wind_speed_kmh,wind_gust_kmh,ghi_wm2,dni_wm2,dhi_wm2,sun_elevation_deg,sun_azimuth_deg,panel_angle_deg,actual_kwh
2026-03-01T00:00:00Z,4.5,28.5,0.0,15.7,23.4,31.5,157.5,18.0,4.9,250.23,35.0,0.4018
2026-03-01T01:00:00Z,5.3,33.0,0.0,14.0,20.0,0.0,0.0,0.0,-4.04,262.1,10.0,0.0
2026-03-01T02:00:00Z,4.4,31.4,0.0,17.0,25.2,0.0,0.0,0.0,-13.24,273.91,60.0,0.0
2026-03-01T03:00:00Z,1.9,34.8,0.0,13.7,19.6,0.0,0.0,0.0,-22.31,286.28,0.0,0.0
2026-03-01T04:00:00Z,1.5,36.9,0.0,12.1,19.2,0.0,0.0,0.0,-30.78,299.95,65.0,0.0
2026-03-01T05:00:00Z,0.1,28.5,0.0,15.5,27.7,0.0,0.0,0.0,-38.06,315.69,85.0,0.0
2026-03-01T06:00:00Z,-2.1,21.1,0.0,11.8,19.8,0.0,0.0,0.0,-43.36,334.05,90.0,0.0
2026-03-01T07:00:00Z,-4.5,4.4,0.0,11.8,19.4,0.0,0.0,0.0,-45.84,354.69,60.0,0.0
2026-03-01T08:00:00Z,-4.6,9.8,0.0,15.8,24.6,0.0,0.0,0.0,-44.97,15.88,30.0,0.0
2026-03-01T09:00:00Z,-6.7,1.3,0.0,12.2,18.4,0.0,0.0,0.0,-40.95,35.48,65.0,0.0
2026-03-01T10:00:00Z,-5.5,13.8,0.0,14.3,24.3,0.0,0.0,0.0,-34.52,52.46,20.0,0.0
2026-03-01T11:00:00Z,-6.5,7.4,0.0,12.4,20.1,0.0,0.0,0.0,-26.53,67.05,50.0,0.0
2026-03-01T12:00:00Z,-4.5,12.9,0.0,17.7,25.5,0.0,0.0,0.0,-17.68,79.95,45.0,0.0
2026-03-01T13:00:00Z,-3.3,17.5,0.0,11.9,19.1,0.0,0.0,0.0,-8.47,91.94,65.0,0.0
2026-03-01T14:00:00Z,-1.8,25.0,0.0,15.8,27.7,2.0,28.2,1.7,0.68,103.69,40.0,0.0428
2026-03-01T15:00:00Z,-1.5,32.0,0.0,15.1,20.1,87.9,260.0,45.6,9.37,115.8,60.0,1.0885
2026-03-01T16:00:00Z,-1.9,4.2,0.0,14.9,21.5,219.1,575.4,49.1,17.18,128.81,50.0,2.6519
2026-03-01T17:00:00Z,-0.3,42.7,0.0,15.2,20.4,322.1,360.5,177.7,23.61,143.12,30.0,2.7269
2026-03-01T18:00:00Z,3.4,18.2,0.0,13.3,19.8,417.6,591.3,139.0,28.11,158.88,75.0,4.1542
2026-03-01T19:00:00Z,3.5,16.7,0.0,10.0,14.3,455.0,619.4,143.9,30.15,175.75,45.0,4.596
2026-03-01T20:00:00Z,5.3,24.0,0.0,19.4,30.4,440.9,550.2,170.2,29.48,192.88,70.0,3.9606
2026-03-01T21:00:00Z,3.5,30.7,0.0,12.2,21.1,377.8,471.4,169.9,26.17,209.28,5.0,2.7675
2026-03-01T22:00:00Z,5.2,26.0,0.0,14.4,23.2,279.4,461.8,116.6,20.65,224.33,25.0,2.4894
2026-03-01T23:00:00Z,5.1,31.4,0.0,11.2,15.9,152.5,335.9,74.2,13.47,237.97,50.0,1.6575
2026-03-02T00:00:00Z,4.2,84.5,0.0,13.0,17.4,20.1,26.6,17.7,5.18,250.48,85.0,0.1414
2026-03-02T01:00:00Z,4.3,44.1,0.0,11.9,21.3,0.0,0.0,0.0,-3.77,262.37,75.0,0.0
2026-03-02T02:00:00Z,4.3,69.6,0.0,13.2,20.4,0.0,0.0,0.0,-12.97,274.18,70.0,0.0
2026-03-02T03:00:00Z,3.5,57.2,0.0,14.6,20.9,0.0,0.0,0.0,-22.03,286.57,10.0,0.0
2026-03-02T04:00:00Z,0.8,52.6,0.0,12.5,18.6,0.0,0.0,0.0,-30.48,300.23,75.0,0.0
2026-03-02T05:00:00Z,-0.9,65.1,0.0,8.3,10.9,0.0,0.0,0.0,-37.73,315.95,85.0,0.0
2026-03-02T06:00:00Z,-2.3,64.7,0.0,11.3,16.7,0.0,0.0,0.0,-43.01,334.25,75.0,0.0
2026-03-02T07:00:00Z,-2.3,72.8,0.0,8.9,14.4,0.0,0.0,0.0,-45.47,354.78,15.0,0.0
2026-03-02T08:00:00Z,-3.3,61.8,0.0,11.7,15.6,0.0,0.0,0.0,-44.59,15.85,50.0,0.0
2026-03-02T09:00:00Z,-4.2,49.1,0.0,13.5,19.7,0.0,0.0,0.0,-40.58,35.35,40.0,0.0
2026-03-02T10:00:00Z,-5.7,75.6,0.0,16.2,26.9,0.0,0.0,0.0,-34.17,52.28,50.0,0.0
2026-03-02T11:00:00Z,-5.1,46.8,0.0,10.1,16.6,0.0,0.0,0.0,-26.2,66.84,80.0,0.0
2026-03-02T12:00:00Z,-3.5,72.6,0.0,10.2,17.1,0.0,0.0,0.0,-17.35,79.74,65.0,0.0
2026-03-02T13:00:00Z,-4.7,63.1,0.0,14.3,19.3,0.0,0.0,0.0,-8.15,91.74,5.0,0.0
2026-03-02T14:00:00Z,-3.8,56.7,0.0,15.5,22.9,2.9,18.9,2.6,1.01,103.5,50.0,0.0394
2026-03-02T15:00:00Z,-2.3,89.7,0.0,12.5,20.4,45.5,27.8,40.8,9.71,115.62,65.0,0.3067
2026-03-02T16:00:00Z,0.6,37.5,0.0,13.0,19.8,219.3,347.9,114.5,17.53,128.65,10.0,1.6376
2026-03-02T17:00:00Z,1.2,36.8,0.0,11.6,16.4,334.2,408.1,168.3,23.98,143.01,0.0,2.1402
2026-03-02T18:00:00Z,2.6,59.7,0.0,10.9,19.3,370.4,254.3,249.1,28.49,158.83,20.0,2.7781
2026-03-02T19:00:00Z,3.6,51.5,0.0,13.5,21.4,426.4,325.0,261.3,30.54,175.78,80.0,3.2826
2026-03-02T20:00:00Z,3.4,57.3,0.0,10.0,15.8,399.5,277.1,261.6,29.85,192.99,35.0,3.1442
2026-03-02T21:00:00Z,3.7,47.7,0.0,8.1,11.5,365.8,338.5,214.7,26.52,209.45,25.0,2.8502
2026-03-02T22:00:00Z,4.8,68.4,0.0,10.5,18.6,228.1,167.2,168.3,20.97,224.55,20.0,1.6955
2026-03-02T23:00:00Z,4.9,51.6,0.0,9.8,17.3,147.2,224.2,93.8,13.77,238.21,70.0,1.3803
2026-03-03T00:00:00Z,3.3,74.3,0.0,11.2,16.4,27.5,51.3,22.6,5.46,250.75,60.0,0.2417
2026-03-03T01:00:00Z,5.0,24.9,0.0,15.1,24.8,0.0,0.0,0.0,-3.5,262.64,60.0,0.0
2026-03-03T02:00:00Z,5.2,46.5,0.0,15.4,23.1,0.0,0.0,0.0,-12.7,274.46,50.0,0.0
2026-03-03T03:00:00Z,2.5,67.0,0.0,11.2,18.6,0.0,0.0,0.0,-21.75,286.85,0.0,0.0
2026-03-03T04:00:00Z,0.3,62.9,0.0,18.5,28.6,0.0,0.0,0.0,-30.18,300.51,30.0,0.0
2026-03-03T05:00:00Z,-2.1,42.4,0.0,14.8,20.4,0.0,0.0,0.0,-37.41,316.21,65.0,0.0
2026-03-03T06:00:00Z,-2.5,67.9,0.0,16.1,26.1,0.0,0.0,0.0,-42.65,334.45,20.0,0.0
2026-03-03T07:00:00Z,-2.4,62.9,0.0,17.4,30.0,0.0,0.0,0.0,-45.09,354.88,35.0,0.0
2026-03-03T08:00:00Z,-4.6,49.3,0.0,14.2,24.6,0.0,0.0,0.0,-44.21,15.82,60.0,0.0
2026-03-03T09:00:00Z,-4.4,54.8,0.0,16.6,29.2,0.0,0.0,0.0,-40.2,35.23,5.0,0.0
2026-03-03T10:00:00Z,-5.0,51.1,0.0,13.4,21.2,0.0,0.0,0.0,-33.81,52.11,60.0,0.0
2026-03-03T11:00:00Z,-5.0,36.8,0.0,11.8,19.2,0.0,0.0,0.0,-25.86,66.64,40.0,0.0
2026-03-03T12:00:00Z,-3.3,64.9,0.0,14.2,24.2,0.0,0.0,0.0,-17.02,79.54,55.0,0.0
2026-03-03T13:00:00Z,-3.9,66.8,0.0,16.8,26.8,0.0,0.0,0.0,-7.82,91.53,65.0,0.0
2026-03-03T14:00:00Z,-5.9,71.4,0.0,13.8,24.8,3.5,14.5,3.2,1.34,103.3,45.0,0.0398
2026-03-03T15:00:00Z,-3.4,60.5,0.0,21.9,36.9,86.1,142.8,61.2,10.05,115.45,10.0,0.6485
2026-03-03T16:00:00Z,-1.5,71.1,0.0,18.6,27.0,177.2,139.3,134.4,17.89,128.5,85.0,1.2142
2026-03-03T17:00:00Z,2.1,52.8,0.0,18.8,30.5,319.6,288.9,200.5,24.35,142.9,30.0,2.471
2026-03-03T18:00:00Z,2.3,40.3,0.0,13.5,20.2,417.8,409.5,220.1,28.87,158.78,5.0,3.0337
2026-03-03T19:00:00Z,0.6,67.4,0.0,13.6,23.0,377.7,202.7,273.5,30.92,175.81,25.0,2.8343
2026-03-03T20:00:00Z,5.4,55.4,0.0,12.4,18.7,411.1,293.2,263.5,30.22,193.1,35.0,3.307
2026-03-03T21:00:00Z,7.3,33.1,0.0,16.5,21.9,388.8,456.4,182.6,26.87,209.64,5.0,2.6433
2026-03-03T22:00:00Z,6.1,47.9,0.0,18.4,24.2,275.5,307.6,163.8,21.29,224.78,65.0,2.254
2026-03-03T23:00:00Z,4.9,72.1,0.0,17.0,23.4,124.2,117.3,95.7,14.07,238.46,65.0,0.9515
2026-03-04T00:00:00Z,3.7,35.5,0.0,27.9,39.4,40.1,162.0,23.9,5.75,251.01,65.0,0.4962
2026-03-04T01:00:00Z,5.0,51.5,0.0,32.8,53.3,0.0,0.0,0.0,-3.22,262.91,40.0,0.0
2026-03-04T02:00:00Z,3.5,48.9,0.0,21.7,29.8,0.0,0.0,0.0,-12.43,274.74,0.0,0.0
2026-03-04T03:00:00Z,2.8,51.2,0.0,26.2,39.7,0.0,0.0,0.0,-21.47,287.14,30.0,0.0
2026-03-04T04:00:00Z,1.5,49.5,0.0,32.8,50.2,0.0,0.0,0.0,-29.89,300.8,65.0,0.0
2026-03-04T05:00:00Z,-1.1,37.3,0.0,27.6,47.0,0.0,0.0,0.0,-37.08,316.47,90.0,0.0
2026-03-04T06:00:00Z,-1.0,58.2,0.0,23.2,32.9,0.0,0.0,0.0,-42.3,334.65,45.0,0.0
2026-03-04T07:00:00Z,-3.7,32.0,0.0,35.0,53.7,0.0,0.0,0.0,-44.71,354.98,60.0,0.0
2026-03-04T08:00:00Z,-2.6,42.2,0.0,30.8,53.4,0.0,0.0,0.0,-43.82,15.8,85.0,0.0
2026-03-04T09:00:00Z,-5.8,42.5,0.0,32.0,48.8,0.0,0.0,0.0,-39.83,35.11,20.0,0.0
2026-03-04T10:00:00Z,-5.2,51.8,0.0,33.7,45.8,0.0,0.0,0.0,-33.45,51.93,60.0,0.0
2026-03-04T11:00:00Z,-6.7,28.2,0.0,40.7,67.4,0.0,0.0,0.0,-25.51,66.45,80.0,0.0
2026-03-04T12:00:00Z,-6.5,37.4,0.0,31.1,42.3,0.0,0.0,0.0,-16.69,79.33,60.0,0.0
2026-03-04T13:00:00Z,-3.2,57.5,0.0,26.1,40.2,0.0,0.0,0.0,-7.48,91.33,15.0,0.0
2026-03-04T14:00:00Z,-4.3,56.4,0.0,26.1,44.5,5.7,29.4,4.8,1.67,103.11,5.0,0.0428
2026-03-04T15:00:00Z,-2.2,75.0,0.0,35.7,49.6,75.3,84.3,60.1,10.4,115.27,85.0,0.5065
2026-03-04T16:00:00Z,-1.5,31.6,0.0,36.0,61.4,234.7,396.2,110.6,18.25,128.35,75.0,2.3029
2026-03-04T17:00:00Z,2.0,47.6,0.0,29.0,38.9,335.1,330.0,197.1,24.73,142.79,45.0,3.0347
2026-03-04T18:00:00Z,1.0,61.0,0.0,23.3,31.2,378.2,246.8,257.6,29.26,158.74,75.0,2.5931
2026-03-04T19:00:00Z,4.5,49.1,0.0,27.9,38.9,444.9,347.6,264.3,31.31,175.85,70.0,3.5951
2026-03-04T20:00:00Z,5.1,47.8,0.0,32.5,44.5,435.5,355.5,254.6,30.59,193.22,25.0,3.4559
2026-03-04T21:00:00Z,6.5,33.1,0.0,25.8,39.5,395.2,459.2,185.2,27.22,209.82,20.0,3.252
2026-03-04T22:00:00Z,3.7,48.9,0.0,24.9,39.8,279.6,302.1,168.3,21.62,225.01,45.0,2.3588
2026-03-04T23:00:00Z,5.1,45.0,0.0,35.1,62.3,161.6,267.9,95.1,14.37,238.72,85.0,1.3695
2026-03-05T00:00:00Z,5.7,22.9,0.0,9.5,13.9,44.1,209.6,22.1,6.03,251.28,10.0,0.3738
2026-03-05T01:00:00Z,4.1,44.6,0.0,6.3,10.0,0.0,0.0,0.0,-2.95,263.19,25.0,0.0
2026-03-05T02:00:00Z,4.2,43.3,0.0,7.1,12.2,0.0,0.0,0.0,-12.16,275.03,30.0,0.0
2026-03-05T03:00:00Z,1.8,38.8,0.0,4.7,6.2,0.0,0.0,0.0,-21.19,287.42,85.0,0.0
2026-03-05T04:00:00Z,0.1,44.8,0.0,8.4,11.9,0.0,0.0,0.0,-29.59,301.08,80.0,0.0
2026-03-05T05:00:00Z,1.0,44.9,0.0,9.7,15.6,0.0,0.0,0.0,-36.76,316.73,50.0,0.0
2026-03-05T06:00:00Z,-1.5,36.4,0.0,13.0,19.1,0.0,0.0,0.0,-41.94,334.86,10.0,0.0
2026-03-05T07:00:00Z,-2.4,50.3,0.0,9.5,13.8,0.0,0.0,0.0,-44.33,355.08,65.0,0.0
2026-03-05T08:00:00Z,-5.4,35.0,0.0,10.8,18.5,0.0,0.0,0.0,-43.43,15.78,55.0,0.0
2026-03-05T09:00:00Z,-4.2,38.5,0.0,11.8,16.4,0.0,0.0,0.0,-39.45,34.99,75.0,0.0
2026-03-05T10:00:00Z,-4.2,43.2,0.0,10.5,17.6,0.0,0.0,0.0,-33.09,51.76,85.0,0.0
2026-03-05T11:00:00Z,-3.5,19.8,0.0,9.3,14.3,0.0,0.0,0.0,-25.17,66.25,90.0,0.0
2026-03-05T12:00:00Z,-4.9,17.7,0.0,9.2,15.1,0.0,0.0,0.0,-16.35,79.13,85.0,0.0
2026-03-05T13:00:00Z,-3.4,35.0,0.0,10.8,14.4,0.0,0.0,0.0,-7.15,91.13,10.0,0.0
2026-03-05T14:00:00Z,-5.0,34.1,0.0,7.0,10.4,7.9,57.7,5.9,2.01,102.92,45.0,0.1109
2026-03-05T15:00:00Z,-1.5,40.8,0.0,10.7,17.9,106.4,243.0,61.1,10.75,115.09,40.0,1.074
2026-03-05T16:00:00Z,-0.4,70.2,0.0,9.9,16.7,189.5,147.3,142.5,18.61,128.2,30.0,1.4747
2026-03-05T17:00:00Z,2.9,19.1,0.0,7.9,11.5,362.4,558.9,125.3,25.11,142.68,40.0,3.6535
2026-03-05T18:00:00Z,4.1,13.1,0.0,9.0,14.1,446.3,647.6,126.0,29.64,158.7,70.0,4.697
2026-03-05T19:00:00Z,3.0,47.0,0.0,10.1,15.1,455.9,366.6,263.3,31.69,175.89,10.0,3.3859
2026-03-05T20:00:00Z,6.1,18.8,0.0,9.3,13.7,469.3,606.2,157.4,30.97,193.35,75.0,4.2564
2026-03-05T21:00:00Z,4.7,47.7,0.0,10.1,13.9,384.0,343.4,225.1,27.57,210.01,20.0,3.1675
2026-03-05T22:00:00Z,8.2,36.4,0.0,5.3,8.6,297.9,395.6,150.1,21.94,225.24,55.0,2.673
2026-03-05T23:00:00Z,5.1,44.9,0.0,11.0,18.3,166.6,271.9,97.7,14.67,238.97,45.0,1.505
2026-03-06T00:00:00Z,4.9,48.7,0.0,5.2,9.3,44.6,133.8,29.9,6.31,251.55,60.0,0.4634
2026-03-06T01:00:00Z,6.5,45.0,0.0,6.2,11.0,0.0,0.0,0.0,-2.68,263.47,35.0,0.0
2026-03-06T02:00:00Z,3.8,42.2,0.0,6.0,8.0,0.0,0.0,0.0,-11.89,275.31,0.0,0.0
2026-03-06T03:00:00Z,1.5,23.9,0.0,7.5,10.1,0.0,0.0,0.0,-20.91,287.71,10.0,0.0
2026-03-06T04:00:00Z,0.4,41.7,0.0,5.0,8.7,0.0,0.0,0.0,-29.29,301.37,0.0,0.0
2026-03-06T05:00:00Z,-1.8,64.5,0.0,6.2,11.1,0.0,0.0,0.0,-36.43,317.0,0.0,0.0
2026-03-06T06:00:00Z,-1.3,24.1,0.0,6.1,8.7,0.0,0.0,0.0,-41.58,335.06,60.0,0.0
2026-03-06T07:00:00Z,-3.3,45.4,0.0,5.0,7.6,0.0,0.0,0.0,-43.94,355.18,15.0,0.0
2026-03-06T08:00:00Z,-4.2,57.8,0.0,6.0,10.8,0.0,0.0,0.0,-43.04,15.76,50.0,0.0
2026-03-06T09:00:00Z,-5.4,36.0,0.0,5.8,8.3,0.0,0.0,0.0,-39.07,34.88,70.0,0.0
2026-03-06T10:00:00Z,-3.8,49.8,0.0,7.7,10.5,0.0,0.0,0.0,-32.73,51.59,25.0,0.0
2026-03-06T11:00:00Z,-4.5,37.5,0.0,4.2,6.7,0.0,0.0,0.0,-24.82,66.06,60.0,0.0
2026-03-06T12:00:00Z,-4.3,34.0,0.0,7.2,11.2,0.0,0.0,0.0,-16.01,78.93,65.0,0.0
2026-03-06T13:00:00Z,-3.3,26.7,0.0,4.0,5.6,0.0,0.0,0.0,-6.81,90.93,50.0,0.0
2026-03-06T14:00:00Z,-2.9,37.0,0.0,5.6,8.4,9.9,64.0,7.3,2.35,102.73,85.0,0.1378
2026-03-06T15:00:00Z,-4.1,52.2,0.0,4.8,6.8,106.3,192.3,69.3,11.1,114.92,80.0,0.9214
2026-03-06T16:00:00Z,-0.8,53.5,0.0,7.5,13.2,228.8,254.0,146.2,18.98,128.05,30.0,1.9214
2026-03-06T17:00:00Z,0.8,39.4,0.0,6.2,10.9,358.7,397.5,187.7,25.48,142.58,60.0,3.3978
2026-03-06T18:00:00Z,3.5,22.8,0.0,5.6,7.6,451.4,564.6,168.8,30.03,158.66,55.0,4.7523
2026-03-06T19:00:00Z,5.4,45.8,0.0,7.5,12.5,464.8,377.5,264.3,32.08,175.93,15.0,3.4252
2026-03-06T20:00:00Z,5.1,42.1,0.0,8.6,13.9,458.5,405.8,247.4,31.34,193.48,40.0,3.7915
2026-03-06T21:00:00Z,4.8,42.3,0.0,4.5,6.4,398.3,387.6,216.8,27.92,210.21,15.0,2.9879
2026-03-06T22:00:00Z,4.8,61.2,0.0,4.9,6.6,267.4,220.3,183.9,22.27,225.48,20.0,1.9475
2026-03-06T23:00:00Z,4.5,61.3,0.0,7.4,9.7,154.6,179.5,108.2,14.97,239.24,10.0,1.1837
2026-03-07T00:00:00Z,4.7,43.1,0.0,14.1,24.8,49.0,157.8,30.9,6.59,251.82,25.0,0.4633
2026-03-07T01:00:00Z,6.1,24.0,0.0,10.9,19.4,0.0,0.0,0.0,-2.41,263.75,25.0,0.0
2026-03-07T02:00:00Z,2.7,41.6,0.0,15.6,26.6,0.0,0.0,0.0,-11.62,275.6,70.0,0.0
2026-03-07T03:00:00Z,3.7,39.4,0.0,7.7,10.1,0.0,0.0,0.0,-20.63,288.01,20.0,0.0
2026-03-07T04:00:00Z,0.2,26.4,0.0,19.1,33.8,0.0,0.0,0.0,-28.99,301.66,75.0,0.0
2026-03-07T05:00:00Z,0.6,30.3,0.0,18.0,24.1,0.0,0.0,0.0,-36.1,317.26,90.0,0.0
2026-03-07T06:00:00Z,-0.9,40.0,0.0,19.0,30.2,0.0,0.0,0.0,-41.22,335.27,80.0,0.0
2026-03-07T07:00:00Z,-1.4,41.5,0.0,15.1,23.7,0.0,0.0,0.0,-43.56,355.28,45.0,0.0
2026-03-07T08:00:00Z,-4.6,36.1,0.0,8.4,12.3,0.0,0.0,0.0,-42.65,15.75,90.0,0.0
2026-03-07T09:00:00Z,-6.1,33.1,0.0,11.2,17.2,0.0,0.0,0.0,-38.69,34.77,70.0,0.0
2026-03-07T10:00:00Z,-4.1,25.2,0.0,11.5,17.2,0.0,0.0,0.0,-32.36,51.43,40.0,0.0
2026-03-07T11:00:00Z,-5.6,24.5,0.0,14.5,19.4,0.0,0.0,0.0,-24.47,65.87,60.0,0.0
2026-03-07T12:00:00Z,-1.9,45.8,0.0,12.5,22.2,0.0,0.0,0.0,-15.67,78.73,85.0,0.0
2026-03-07T13:00:00Z,-2.5,46.1,0.0,13.2,22.5,0.0,0.0,0.0,-6.47,90.74,5.0,0.0
2026-03-07T14:00:00Z,-3.8,39.8,0.0,14.5,21.4,12.0,69.7,8.7,2.7,102.54,35.0,0.1343
2026-03-07T15:00:00Z,-1.5,19.6,0.0,11.2,18.4,121.1,366.3,48.4,11.45,114.74,70.0,1.4507
2026-03-07T16:00:00Z,-0.1,17.6,0.0,10.0,14.8,257.4,509.2,88.7,19.34,127.9,50.0,2.7835
2026-03-07T17:00:00Z,1.5,51.0,0.0,9.3,13.9,348.8,309.9,213.6,25.86,142.47,30.0,2.8963
2026-03-07T18:00:00Z,1.6,43.5,0.0,10.9,16.8,440.3,389.8,242.9,30.42,158.62,90.0,3.0705
2026-03-07T19:00:00Z,4.2,45.4,0.0,11.9,18.4,472.2,382.6,266.8,32.47,175.98,65.0,3.933
2026-03-07T20:00:00Z,4.5,39.7,0.0,11.7,18.0,468.3,427.2,243.7,31.72,193.61,25.0,3.7781
2026-03-07T21:00:00Z,7.4,22.2,0.0,12.7,22.1,419.6,557.5,155.6,28.27,210.41,60.0,3.9694
2026-03-07T22:00:00Z,6.9,41.5,0.0,7.9,11.8,305.1,362.2,166.0,22.59,225.72,25.0,2.5189
2026-03-07T23:00:00Z,5.3,39.5,0.0,15.1,24.4,179.5,311.1,97.6,15.27,239.5,90.0,1.5055
2026-03-08T00:00:00Z,5.6,9.2,0.0,12.3,19.0,54.8,286.4,20.5,6.87,252.1,25.0,0.5984
2026-03-08T01:00:00Z,4.4,33.1,0.0,14.1,24.3,0.0,0.0,0.0,-2.14,264.03,5.0,0.0
2026-03-08T02:00:00Z,3.8,48.9,0.0,16.8,26.0,0.0,0.0,0.0,-11.34,275.89,0.0,0.0
2026-03-08T03:00:00Z,3.8,20.8,0.0,18.1,26.6,0.0,0.0,0.0,-20.35,288.3,20.0,0.0
2026-03-08T04:00:00Z,1.5,31.0,0.0,16.1,25.8,0.0,0.0,0.0,-28.69,301.95,5.0,0.0
2026-03-08T05:00:00Z,0.9,25.9,0.0,17.1,29.1,0.0,0.0,0.0,-35.77,317.53,25.0,0.0
2026-03-08T06:00:00Z,-1.5,32.0,0.0,16.1,21.7,0.0,0.0,0.0,-40.86,335.47,75.0,0.0
2026-03-08T07:00:00Z,-3.6,16.5,0.0,11.8,16.7,0.0,0.0,0.0,-43.17,355.39,20.0,0.0
2026-03-08T08:00:00Z,-2.5,13.4,0.0,13.1,18.2,0.0,0.0,0.0,-42.26,15.73,20.0,0.0
2026-03-08T09:00:00Z,-3.3,0,0.0,16.6,23.9,0.0,0.0,0.0,-38.3,34.67,75.0,0.0
2026-03-08T10:00:00Z,-3.9,11.8,0.0,16.9,25.0,0.0,0.0,0.0,-31.99,51.27,25.0,0.0
2026-03-08T11:00:00Z,-5.5,11.6,0.0,21.6,36.8,0.0,0.0,0.0,-24.11,65.68,10.0,0.0
2026-03-08T12:00:00Z,-4.3,25.3,0.0,15.6,21.0,0.0,0.0,0.0,-15.32,78.54,35.0,0.0
2026-03-08T13:00:00Z,-3.5,26.3,0.0,12.3,20.1,0.0,0.0,0.0,-6.13,90.54,75.0,0.0
2026-03-08T14:00:00Z,-1.4,21.8,0.0,16.5,24.3,14.8,108.2,9.1,3.04,102.35,60.0,0.2097
2026-03-08T15:00:00Z,-0.7,0,0.0,14.6,23.0,127.1,485.5,27.8,11.8,114.57,80.0,1.6935
2026-03-08T16:00:00Z,-0.1,12.1,0.0,19.3,34.4,264.4,555.6,77.0,19.71,127.76,90.0,2.4161
2026-03-08T17:00:00Z,4.6,23.2,0.0,22.1,32.4,382.4,534.1,146.2,26.25,142.37,30.0,3.5048
2026-03-08T18:00:00Z,3.5,24.5,0.0,14.5,19.7,464.9,554.6,180.8,30.82,158.59,5.0,3.229
2026-03-08T19:00:00Z,6.2,11.0,0.0,18.3,25.2,504.5,690.1,130.0,32.87,176.03,60.0,4.9145
2026-03-08T20:00:00Z,5.4,13.9,0.0,17.9,27.3,490.5,658.3,140.7,32.09,193.74,15.0,3.8789
2026-03-08T21:00:00Z,6.7,37.3,0.0,15.0,22.0,416.7,432.8,209.4,28.62,210.61,40.0,3.4638
2026-03-08T22:00:00Z,9.5,13.6,0.0,15.7,23.0,322.9,582.2,96.2,22.91,225.96,55.0,3.4226
2026-03-08T23:00:00Z,7.3,30.0,0.0,20.6,31.9,188.3,374.4,87.8,15.57,239.77,5.0,1.3154
2026-03-09T00:00:00Z,4.9,20.8,0.0,8.8,12.6,58.1,251.6,26.8,7.15,252.38,90.0,0.6465
2026-03-09T01:00:00Z,5.8,15.1,0.0,10.0,17.4,0.0,0.0,0.0,-1.87,264.32,45.0,0.0
2026-03-09T02:00:00Z,4.3,49.3,0.0,9.5,16.3,0.0,0.0,0.0,-11.07,276.18,40.0,0.0
2026-03-09T03:00:00Z,4.3,28.5,0.0,9.2,14.8,0.0,0.0,0.0,-20.07,288.59,90.0,0.0
2026-03-09T04:00:00Z,0.3,32.5,0.0,8.2,12.1,0.0,0.0,0.0,-28.39,302.24,70.0,0.0
2026-03-09T05:00:00Z,-0.1,30.0,0.0,8.3,13.5,0.0,0.0,0.0,-35.44,317.79,45.0,0.0
2026-03-09T06:00:00Z,-1.0,4.4,0.0,9.8,13.0,0.0,0.0,0.0,-40.5,335.68,80.0,0.0
2026-03-09T07:00:00Z,-1.4,27.5,0.0,10.1,13.4,0.0,0.0,0.0,-42.79,355.5,45.0,0.0
2026-03-09T08:00:00Z,-3.9,3.8,0.0,6.8,11.2,0.0,0.0,0.0,-41.87,15.72,55.0,0.0
2026-03-09T09:00:00Z,-5.3,26.2,0.0,11.7,19.8,0.0,0.0,0.0,-37.92,34.56,10.0,0.0
2026-03-09T10:00:00Z,-4.8,17.8,0.0,10.5,13.9,0.0,0.0,0.0,-31.62,51.11,30.0,0.0
2026-03-09T11:00:00Z,-4.5,30.9,0.0,8.3,10.9,0.0,0.0,0.0,-23.76,65.49,90.0,0.0
2026-03-09T12:00:00Z,-3.1,28.8,0.0,10.4,14.4,0.0,0.0,0.0,-14.98,78.34,75.0,0.0
2026-03-09T13:00:00Z,-1.4,18.2,0.0,9.2,14.0,0.0,0.0,0.0,-5.79,90.34,85.0,0.0
2026-03-09T14:00:00Z,-1.2,3.2,0.0,9.6,13.8,17.6,156.2,8.4,3.39,102.16,30.0,0.2292
2026-03-09T15:00:00Z,-0.2,39.5,0.0,9.8,15.9,128.7,271.1,71.6,12.16,114.39,35.0,1.1855
2026-03-09T16:00:00Z,-0.3,42.9,0.0,11.0,18.9,259.8,333.8,145.2,20.08,127.61,55.0,2.4304
2026-03-09T17:00:00Z,2.5,21.4,0.0,7.9,13.3,389.9,552.0,142.5,26.63,142.27,5.0,2.8498
2026-03-09T18:00:00Z,1.2,28.6,0.0,8.9,13.6,470.0,521.2,199.9,31.21,158.55,20.0,3.7038
2026-03-09T19:00:00Z,5.6,33.4,0.0,14.0,23.5,502.5,489.4,234.1,33.26,176.08,65.0,4.4101
2026-03-09T20:00:00Z,7.8,25.0,0.0,9.2,16.0,494.3,559.7,193.8,32.47,193.88,50.0,4.2113
2026-03-09T21:00:00Z,7.6,21.7,0.0,9.9,17.3,432.6,567.3,157.8,28.97,210.81,60.0,4.1394
2026-03-09T22:00:00Z,7.4,0,0.0,9.1,12.3,329.1,698.0,53.7,23.23,226.21,70.0,3.7802
2026-03-09T23:00:00Z,6.5,36.7,0.0,12.3,16.5,191.0,335.1,99.4,15.87,240.04,55.0,1.768
2026-03-10T00:00:00Z,5.1,23.4,0.0,7.6,13.2,61.7,249.6,29.4,7.43,252.66,55.0,0.7085
2026-03-10T01:00:00Z,6.4,23.8,0.0,6.3,8.9,0.0,0.0,0.0,-1.6,264.61,65.0,0.0
2026-03-10T02:00:00Z,5.5,26.0,0.0,6.2,9.3,0.0,0.0,0.0,-10.8,276.48,50.0,0.0
2026-03-10T03:00:00Z,3.4,29.8,0.0,6.1,10.1,0.0,0.0,0.0,-19.79,288.89,70.0,0.0
2026-03-10T04:00:00Z,1.8,48.7,0.0,7.5,10.5,0.0,0.0,0.0,-28.08,302.53,70.0,0.0
2026-03-10T05:00:00Z,0.7,31.9,0.0,8.9,12.9,0.0,0.0,0.0,-35.11,318.06,0.0,0.0
2026-03-10T06:00:00Z,-1.4,25.2,0.0,8.2,12.5,0.0,0.0,0.0,-40.14,335.89,85.0,0.0
2026-03-10T07:00:00Z,-1.4,35.3,0.0,7.1,9.4,0.0,0.0,0.0,-42.4,355.6,10.0,0.0
2026-03-10T08:00:00Z,-4.6,32.8,0.0,6.3,11.3,0.0,0.0,0.0,-41.47,15.72,20.0,0.0
2026-03-10T09:00:00Z,-5.4,59.8,0.0,7.7,11.1,0.0,0.0,0.0,-37.53,34.46,80.0,0.0
2026-03-10T10:00:00Z,-3.3,45.8,0.0,6.0,10.5,0.0,0.0,0.0,-31.25,50.95,90.0,0.0
2026-03-10T11:00:00Z,-3.4,19.9,0.0,6.3,9.4,0.0,0.0,0.0,-23.4,65.31,90.0,0.0
2026-03-10T12:00:00Z,-5.6,36.9,0.0,8.7,15.5,0.0,0.0,0.0,-14.63,78.15,0.0,0.0
2026-03-10T13:00:00Z,-3.2,53.8,0.0,7.3,10.1,0.0,0.0,0.0,-5.44,90.15,70.0,0.0
2026-03-10T14:00:00Z,-1.7,37.3,0.0,5.9,10.1,20.1,102.7,13.4,3.74,101.97,30.0,0.207
2026-03-10T15:00:00Z,-2.2,36.5,0.0,7.9,12.1,135.4,292.6,72.0,12.52,114.22,65.0,1.2965
2026-03-10T16:00:00Z,1.5,29.0,0.0,7.7,12.0,274.9,437.7,122.0,20.45,127.46,65.0,2.6143
2026-03-10T17:00:00Z,1.1,44.4,0.0,6.5,8.6,379.7,366.7,213.1,27.02,142.17,75.0,2.9355
2026-03-10T18:00:00Z,2.3,62.7,0.0,8.0,11.4,408.2,240.0,282.4,31.61,158.52,50.0,2.9792
2026-03-10T19:00:00Z,3.4,48.6,0.0,5.6,9.5,485.2,359.6,285.9,33.65,176.14,10.0,3.4073
2026-03-10T20:00:00Z,7.1,29.3,0.0,7.1,11.5,498.6,523.6,214.6,32.85,194.02,80.0,3.9353
2026-03-10T21:00:00Z,6.2,42.3,0.0,7.4,13.0,423.0,395.0,229.6,29.32,211.02,0.0,2.677
2026-03-10T22:00:00Z,4.8,67.5,0.0,6.5,8.5,269.1,182.5,196.2,23.56,226.46,45.0,1.8997
2026-03-10T23:00:00Z,3.7,42.9,0.0,8.5,12.4,192.6,299.1,109.3,16.16,240.31,30.0,1.6836
2026-03-11T00:00:00Z,6.1,39.7,0.0,10.4,17.7,63.7,193.2,37.8,7.71,252.94,70.0,0.6406
2026-03-11T01:00:00Z,8.1,53.6,0.0,16.7,28.5,0.0,0.0,0.0,-1.33,264.9,75.0,0.0
2026-03-11T02:00:00Z,3.7,65.9,0.0,10.9,17.7,0.0,0.0,0.0,-10.53,276.77,40.0,0.0
2026-03-11T03:00:00Z,3.4,47.0,0.0,14.3,24.9,0.0,0.0,0.0,-19.5,289.19,25.0,0.0
2026-03-11T04:00:00Z,1.4,33.7,0.0,12.0,16.4,0.0,0.0,0.0,-27.78,302.82,50.0,0.0
2026-03-11T05:00:00Z,-0.2,52.9,0.0,14.6,21.4,0.0,0.0,0.0,-34.78,318.33,70.0,0.0
2026-03-11T06:00:00Z,0.1,39.9,0.0,10.8,15.1,0.0,0.0,0.0,-39.77,336.1,75.0,0.0
2026-03-11T07:00:00Z,-2.7,48.9,0.0,10.4,15.1,0.0,0.0,0.0,-42.01,355.71,10.0,0.0
2026-03-11T08:00:00Z,-2.0,69.9,0.0,16.2,23.6,0.0,0.0,0.0,-41.07,15.71,35.0,0.0
2026-03-11T09:00:00Z,-4.4,31.7,0.0,9.1,12.5,0.0,0.0,0.0,-37.14,34.37,10.0,0.0
2026-03-11T10:00:00Z,-4.5,57.2,0.0,13.5,20.7,0.0,0.0,0.0,-30.88,50.8,60.0,0.0
2026-03-11T11:00:00Z,-4.0,56.0,0.0,12.8,21.1,0.0,0.0,0.0,-23.04,65.13,50.0,0.0
2026-03-11T12:00:00Z,-3.6,58.3,0.0,12.7,21.9,0.0,0.0,0.0,-14.28,77.95,45.0,0.0
2026-03-11T13:00:00Z,-4.3,58.0,0.0,8.2,12.2,0.0,0.0,0.0,-5.1,89.96,0.0,0.0
2026-03-11T14:00:00Z,-2.2,46.3,0.0,14.5,19.1,22.5,93.3,15.8,4.09,101.79,45.0,0.2316
2026-03-11T15:00:00Z,-0.6,49.9,0.0,13.6,20.4,134.5,223.8,84.6,12.88,114.05,5.0,0.9849
2026-03-11T16:00:00Z,-0.6,47.8,0.0,14.3,22.7,267.5,304.6,159.2,20.83,127.32,5.0,1.864
2026-03-11T17:00:00Z,1.6,50.6,0.0,12.8,17.7,375.7,320.0,228.4,27.4,142.07,50.0,2.8904
2026-03-11T18:00:00Z,3.9,58.1,0.0,8.9,12.8,431.2,276.8,284.5,32.0,158.49,60.0,3.1223
2026-03-11T19:00:00Z,6.3,46.7,0.0,9.5,15.3,496.1,377.5,284.8,34.05,176.2,10.0,3.3576
2026-03-11T20:00:00Z,6.3,28.0,0.0,13.5,20.8,506.1,537.1,211.8,33.23,194.17,20.0,4.1482
2026-03-11T21:00:00Z,8.2,54.4,0.0,17.2,22.7,404.8,299.0,256.8,29.67,211.24,55.0,3.0573
2026-03-11T22:00:00Z,6.6,56.0,0.0,10.8,15.2,305.2,263.3,198.6,23.88,226.72,25.0,2.2692
2026-03-11T23:00:00Z,6.4,51.1,0.0,15.4,21.4,190.5,251.0,119.4,16.46,240.59,10.0,1.4345
2026-03-12T00:00:00Z,6.0,42.3,0.0,12.4,21.4,66.8,188.5,40.6,7.99,253.23,5.0,0.4644
2026-03-12T01:00:00Z,6.8,59.1,0.0,15.0,23.7,0.0,0.0,0.0,-1.06,265.19,65.0,0.0
2026-03-12T02:00:00Z,5.0,52.0,0.0,13.7,18.0,0.0,0.0,0.0,-10.26,277.07,15.0,0.0
2026-03-12T03:00:00Z,3.7,58.7,0.0,11.1,19.8,0.0,0.0,0.0,-19.22,289.48,35.0,0.0
2026-03-12T04:00:00Z,1.6,48.4,0.0,8.4,12.8,0.0,0.0,0.0,-27.48,303.11,10.0,0.0
2026-03-12T05:00:00Z,0.5,58.3,0.0,9.8,14.2,0.0,0.0,0.0,-34.45,318.59,70.0,0.0
2026-03-12T06:00:00Z,-1.0,68.4,0.0,17.5,25.6,0.0,0.0,0.0,-39.41,336.3,85.0,0.0
2026-03-12T07:00:00Z,0.1,78.1,0.0,7.4,12.7,0.0,0.0,0.0,-41.62,355.82,0.0,0.0
2026-03-12T08:00:00Z,-3.7,56.3,0.0,10.7,19.0,0.0,0.0,0.0,-40.68,15.71,70.0,0.0
2026-03-12T09:00:00Z,-3.1,72.2,0.0,11.6,17.9,0.0,0.0,0.0,-36.75,34.27,75.0,0.0
2026-03-12T10:00:00Z,-4.0,40.3,0.0,7.6,13.2,0.0,0.0,0.0,-30.5,50.65,65.0,0.0
2026-03-12T11:00:00Z,-5.5,50.6,0.0,9.5,16.6,0.0,0.0,0.0,-22.68,64.95,15.0,0.0
2026-03-12T12:00:00Z,-3.5,58.8,0.0,12.5,19.2,0.0,0.0,0.0,-13.92,77.76,60.0,0.0
2026-03-12T13:00:00Z,-1.5,54.0,0.0,12.5,21.3,0.0,0.0,0.0,-4.75,89.77,65.0,0.0
2026-03-12T14:00:00Z,-3.2,50.1,0.0,11.7,17.5,25.2,92.8,18.0,4.44,101.6,55.0,0.2494
2026-03-12T15:00:00Z,-1.6,36.4,0.0,11.7,20.3,147.2,303.7,77.6,13.24,113.88,45.0,1.2969
2026-03-12T16:00:00Z,0.8,54.9,0.0,13.4,18.9,263.2,257.7,170.0,21.2,127.17,5.0,1.8885
2026-03-12T17:00:00Z,2.5,16.0,0.0,12.1,18.6,412.2,607.7,128.8,27.79,141.97,0.0,2.7091
2026-03-12T18:00:00Z,4.5,56.7,0.0,11.9,16.6,442.4,289.8,287.1,32.4,158.46,90.0,2.6728
2026-03-12T19:00:00Z,6.0,70.0,0.0,13.1,17.0,414.1,190.2,306.5,34.44,176.26,55.0,2.9022
2026-03-12T20:00:00Z,3.6,48.8,0.0,13.7,22.5,484.1,358.5,285.7,33.61,194.32,80.0,3.5212
2026-03-12T21:00:00Z,6.6,60.3,0.0,14.2,19.2,392.5,254.1,265.4,30.03,211.45,30.0,2.9394
2026-03-12T22:00:00Z,7.3,42.2,0.0,14.5,21.1,332.9,367.5,182.3,24.2,226.98,50.0,2.9021
2026-03-12T23:00:00Z,6.1,42.1,0.0,8.5,13.8,203.2,310.0,113.8,16.76,240.86,65.0,1.7506
2026-03-13T00:00:00Z,5.2,52.0,0.0,8.3,13.9,67.5,155.3,45.2,8.27,253.52,90.0,0.5028
2026-03-13T01:00:00Z,6.8,29.5,0.0,5.8,8.2,0.0,0.0,0.0,-0.79,265.49,35.0,0.0
2026-03-13T02:00:00Z,5.0,57.2,0.0,10.3,14.4,0.0,0.0,0.0,-9.99,277.37,5.0,0.0
2026-03-13T03:00:00Z,5.9,34.7,0.0,11.2,18.9,0.0,0.0,0.0,-18.94,289.78,5.0,0.0
2026-03-13T04:00:00Z,3.6,45.2,0.0,9.6,15.3,0.0,0.0,0.0,-27.18,303.4,15.0,0.0
2026-03-13T05:00:00Z,0.1,46.0,0.0,10.6,13.9,0.0,0.0,0.0,-34.12,318.86,55.0,0.0
2026-03-13T06:00:00Z,-1.6,34.1,0.0,9.9,13.6,0.0,0.0,0.0,-39.04,336.51,55.0,0.0
2026-03-13T07:00:00Z,-2.5,38.7,0.0,12.0,16.2,0.0,0.0,0.0,-41.23,355.94,60.0,0.0
2026-03-13T08:00:00Z,-1.9,45.1,0.0,10.9,14.2,0.0,0.0,0.0,-40.28,15.71,20.0,0.0
2026-03-13T09:00:00Z,-4.8,31.4,0.0,7.4,10.3,0.0,0.0,0.0,-36.36,34.18,15.0,0.0
2026-03-13T10:00:00Z,-3.9,33.9,0.0,7.6,10.0,0.0,0.0,0.0,-30.12,50.5,70.0,0.0
2026-03-13T11:00:00Z,-4.5,56.2,0.0,9.5,15.2,0.0,0.0,0.0,-22.31,64.77,35.0,0.0
2026-03-13T12:00:00Z,-4.3,56.2,0.0,6.9,11.5,0.0,0.0,0.0,-13.57,77.57,10.0,0.0
2026-03-13T13:00:00Z,-1.6,30.7,0.0,4.1,6.8,0.0,0.0,0.0,-4.39,89.58,75.0,0.0
2026-03-13T14:00:00Z,-3.0,55.8,0.0,11.5,16.3,27.5,86.6,20.3,4.8,101.42,35.0,0.2456
2026-03-13T15:00:00Z,-0.4,39.9,0.0,9.8,13.8,151.7,288.2,83.9,13.6,113.71,85.0,1.2583
2026-03-13T16:00:00Z,0.7,56.4,0.0,9.5,14.7,266.7,249.9,174.8,21.58,127.03,90.0,1.6744
2026-03-13T17:00:00Z,1.7,37.4,0.0,8.6,13.8,408.8,429.2,206.1,28.18,141.87,5.0,2.8973
2026-03-13T18:00:00Z,4.6,42.1,0.0,10.7,19.2,483.6,411.6,260.6,32.8,158.43,70.0,3.884
2026-03-13T19:00:00Z,4.3,41.4,0.0,9.4,12.5,519.5,426.1,276.1,34.84,176.32,60.0,4.0243
2026-03-13T20:00:00Z,6.0,42.9,0.0,7.2,10.4,502.5,409.7,273.5,33.98,194.47,20.0,3.7786
2026-03-13T21:00:00Z,6.7,49.1,0.0,7.5,10.3,429.1,343.7,255.3,30.38,211.68,65.0,3.2229
2026-03-13T22:00:00Z,5.3,59.6,0.0,10.5,16.2,307.2,240.7,207.3,24.52,227.24,20.0,2.3689
2026-03-13T23:00:00Z,8.5,39.6,0.0,9.6,16.2,209.8,329.5,113.2,17.05,241.15,80.0,1.6611
2026-03-14T00:00:00Z,4.4,48.0,0.0,9.7,14.5,72.6,175.7,46.5,8.54,253.81,30.0,0.603
2026-03-14T01:00:00Z,5.8,47.1,0.0,9.2,13.3,0.0,0.0,0.0,-0.52,265.78,30.0,0.0
2026-03-14T02:00:00Z,4.4,82.0,0.0,10.7,14.4,0.0,0.0,0.0,-9.72,277.66,5.0,0.0
2026-03-14T03:00:00Z,3.3,70.0,0.0,7.5,12.9,0.0,0.0,0.0,-18.66,290.08,35.0,0.0
2026-03-14T04:00:00Z,2.2,63.4,0.0,9.4,13.9,0.0,0.0,0.0,-26.87,303.69,75.0,0.0
2026-03-14T05:00:00Z,1.8,45.9,0.0,7.9,13.4,0.0,0.0,0.0,-33.78,319.13,25.0,0.0
2026-03-14T06:00:00Z,-1.4,61.8,0.0,10.8,19.2,0.0,0.0,0.0,-38.68,336.72,20.0,0.0
2026-03-14T07:00:00Z,-2.7,55.6,0.0,11.8,20.1,0.0,0.0,0.0,-40.84,356.05,15.0,0.0
2026-03-14T08:00:00Z,-2.9,59.9,0.0,10.6,17.1,0.0,0.0,0.0,-39.88,15.71,60.0,0.0
2026-03-14T09:00:00Z,-3.3,47.0,0.0,9.6,16.3,0.0,0.0,0.0,-35.96,34.09,65.0,0.0
2026-03-14T10:00:00Z,-3.6,44.8,0.0,7.4,10.0,0.0,0.0,0.0,-29.74,50.35,80.0,0.0
2026-03-14T11:00:00Z,-3.2,41.4,0.0,7.3,9.7,0.0,0.0,0.0,-21.95,64.59,10.0,0.0
2026-03-14T12:00:00Z,-3.7,48.5,0.0,9.7,16.8,0.0,0.0,0.0,-13.21,77.39,50.0,0.0
2026-03-14T13:00:00Z,-2.1,39.3,0.0,8.8,13.3,0.0,0.0,0.0,-4.04,89.39,85.0,0.0
2026-03-14T14:00:00Z,-1.2,53.0,0.0,10.5,14.1,31.5,99.8,22.5,5.15,101.23,85.0,0.2402
2026-03-14T15:00:00Z,-0.7,64.9,0.0,12.4,21.9,135.0,153.6,97.9,13.97,113.54,10.0,1.0089
2026-03-14T16:00:00Z,-0.4,49.9,0.0,8.9,13.3,283.9,296.9,172.9,21.95,126.88,25.0,2.2041
2026-03-14T17:00:00Z,3.8,44.3,0.0,7.4,11.2,407.1,375.2,227.6,28.57,141.77,10.0,2.9372
2026-03-14T18:00:00Z,5.4,61.5,0.0,9.7,12.8,437.3,253.4,298.6,33.2,158.4,0.0,2.7231
2026-03-14T19:00:00Z,3.4,55.1,0.0,6.4,9.0,492.5,310.2,313.5,35.23,176.38,25.0,3.7339
2026-03-14T20:00:00Z,6.8,44.5,0.0,8.7,11.8,505.9,397.3,281.7,34.36,194.63,25.0,4.0374
2026-03-14T21:00:00Z,7.1,64.0,0.0,7.0,10.5,389.7,228.1,273.2,30.73,211.9,50.0,2.797
2026-03-14T22:00:00Z,5.6,44.9,0.0,8.3,10.9,340.9,351.2,193.4,24.84,227.5,10.0,2.4422
2026-03-14T23:00:00Z,7.2,47.8,0.0,9.1,15.6,208.5,279.0,125.3,17.35,241.43,90.0,1.3749
2026-03-15T00:00:00Z,6.9,44.9,0.0,10.1,15.4,77.4,192.7,47.8,8.82,254.1,5.0,0.5414
2026-03-15T01:00:00Z,6.1,51.6,0.0,12.0,16.4,0.0,0.0,0.0,-0.25,266.08,25.0,0.0
2026-03-15T02:00:00Z,5.6,24.3,0.0,7.7,11.2,0.0,0.0,0.0,-9.45,277.96,10.0,0.0
2026-03-15T03:00:00Z,2.9,30.2,0.0,10.6,16.2,0.0,0.0,0.0,-18.38,290.38,50.0,0.0
2026-03-15T04:00:00Z,2.0,18.2,0.0,10.6,18.7,0.0,0.0,0.0,-26.57,303.99,70.0,0.0
2026-03-15T05:00:00Z,2.2,11.6,0.0,10.1,18.0,0.0,0.0,0.0,-33.45,319.39,0.0,0.0
2026-03-15T06:00:00Z,-0.5,24.8,0.0,11.2,16.9,0.0,0.0,0.0,-38.31,336.93,85.0,0.0
2026-03-15T07:00:00Z,-0.2,28.7,0.0,11.7,20.9,0.0,0.0,0.0,-40.45,356.16,80.0,0.0
2026-03-15T08:00:00Z,-3.6,33.3,0.0,10.1,18.1,0.0,0.0,0.0,-39.48,15.72,25.0,0.0
2026-03-15T09:00:00Z,-5.2,47.5,0.0,10.4,17.1,0.0,0.0,0.0,-35.57,34.0,15.0,0.0
2026-03-15T10:00:00Z,-4.1,37.0,0.0,8.5,13.8,0.0,0.0,0.0,-29.36,50.2,90.0,0.0
2026-03-15T11:00:00Z,-4.2,43.9,0.0,8.3,13.5,0.0,0.0,0.0,-21.58,64.42,5.0,0.0
2026-03-15T12:00:00Z,0.6,46.8,0.0,8.6,12.4,0.0,0.0,0.0,-12.86,77.2,5.0,0.0
2026-03-15T13:00:00Z,-0.7,32.4,0.0,11.5,16.6,0.0,0.0,0.0,-3.69,89.2,85.0,0.0
2026-03-15T14:00:00Z,2.0,0,0.0,7.1,11.0,38.4,263.4,13.1,5.51,101.05,10.0,0.3243
2026-03-15T15:00:00Z,2.0,20.7,0.0,10.7,15.5,168.6,414.7,66.0,14.33,113.36,45.0,1.5691
2026-03-15T16:00:00Z,1.6,35.0,0.0,10.3,17.1,305.8,409.3,150.3,22.33,126.74,0.0,1.9823
2026-03-15T17:00:00Z,2.1,44.8,0.0,8.1,12.6,412.9,372.4,232.6,28.96,141.67,35.0,3.4556
2026-03-15T18:00:00Z,6.3,26.5,0.0,9.3,16.7,513.5,552.2,207.9,33.6,158.38,50.0,4.3155
2026-03-15T19:00:00Z,5.4,27.8,0.0,8.3,11.8,548.2,550.7,227.4,35.63,176.45,25.0,4.3206
2026-03-15T20:00:00Z,8.2,21.0,0.0,10.3,17.8,536.0,608.5,189.2,34.74,194.79,75.0,4.4383
2026-03-15T21:00:00Z,4.7,27.4,0.0,9.7,15.6,468.2,531.2,194.0,31.08,212.13,10.0,3.386
2026-03-15T22:00:00Z,7.8,33.5,0.0,9.2,12.8,357.8,442.2,169.8,25.16,227.77,90.0,2.5727
2026-03-15T23:00:00Z,7.7,35.2,0.0,8.4,13.5,222.3,364.6,111.8,17.64,241.72,50.0,1.8689
2026-03-16T00:00:00Z,6.1,52.0,0.0,8.0,12.9,78.5,167.3,52.0,9.1,254.4,65.0,0.6299
2026-03-16T01:00:00Z,5.2,50.7,0.0,8.7,14.8,0.0,9.0,0.0,0.02,266.38,45.0,0.0027
2026-03-16T02:00:00Z,7.0,50.2,0.0,11.9,19.3,0.0,0.0,0.0,-9.18,278.26,20.0,0.0
2026-03-16T03:00:00Z,5.5,73.6,0.0,7.2,9.4,0.0,0.0,0.0,-18.1,290.68,40.0,0.0
2026-03-16T04:00:00Z,0.9,63.6,0.0,8.7,12.8,0.0,0.0,0.0,-26.27,304.28,30.0,0.0
2026-03-16T05:00:00Z,1.6,38.0,0.0,8.9,14.6,0.0,0.0,0.0,-33.12,319.66,50.0,0.0
2026-03-16T06:00:00Z,-0.3,31.6,0.0,7.7,12.9,0.0,0.0,0.0,-37.95,337.14,10.0,0.0
2026-03-16T07:00:00Z,-0.4,64.3,0.0,8.0,10.9,0.0,0.0,0.0,-40.06,356.28,0.0,0.0
2026-03-16T08:00:00Z,-2.2,66.9,0.0,7.0,9.4,0.0,0.0,0.0,-39.07,15.72,20.0,0.0
2026-03-16T09:00:00Z,-2.4,38.7,0.0,8.6,14.3,0.0,0.0,0.0,-35.18,33.92,35.0,0.0
2026-03-16T10:00:00Z,-5.8,49.0,0.0,8.9,13.8,0.0,0.0,0.0,-28.98,50.06,75.0,0.0
2026-03-16T11:00:00Z,-3.1,55.8,0.0,10.4,18.2,0.0,0.0,0.0,-21.21,64.25,60.0,0.0
2026-03-16T12:00:00Z,-3.4,55.4,0.0,10.0,15.1,0.0,0.0,0.0,-12.5,77.02,55.0,0.0
2026-03-16T13:00:00Z,-2.6,49.2,0.0,9.4,14.3,0.0,0.0,0.0,-3.33,89.01,25.0,0.0
2026-03-16T14:00:00Z,-4.1,84.2,1.2,9.3,12.7,24.7,30.6,21.6,5.87,100.87,30.0,0.1828
2026-03-16T15:00:00Z,1.4,44.4,0.0,8.5,14.8,167.2,274.9,97.5,14.7,113.19,90.0,1.1291
2026-03-16T16:00:00Z,1.0,49.1,0.0,9.2,13.3,298.0,307.3,179.4,22.71,126.59,75.0,2.0996
2026-03-16T17:00:00Z,5.3,57.4,0.0,7.5,11.6,391.2,274.4,256.7,29.36,141.57,75.0,2.6368
2026-03-16T18:00:00Z,6.1,40.4,0.0,9.7,14.5,506.8,430.9,265.8,34.0,158.35,50.0,4.1902
2026-03-16T19:00:00Z,5.2,61.8,0.0,10.5,14.1,478.5,257.1,327.3,36.03,176.52,20.0,3.5904
2026-03-16T20:00:00Z,6.2,35.6,0.0,6.7,11.4,532.5,478.2,257.4,35.12,194.95,15.0,3.6885
2026-03-16T21:00:00Z,6.5,44.7,0.0,9.8,17.3,455.6,384.3,255.2,31.43,212.36,50.0,3.5088
2026-03-16T22:00:00Z,6.4,68.3,0.0,8.4,14.9,294.4,182.7,215.8,25.48,228.04,45.0,2.1781
2026-03-16T23:00:00Z,6.5,41.3,0.0,7.1,10.6,223.8,326.4,123.3,17.93,242.01,5.0,1.5582
2026-03-17T00:00:00Z,7.8,48.9,0.0,15.0,20.3,83.5,184.3,53.5,9.37,254.69,50.0,0.6919
2026-03-17T01:00:00Z,7.3,37.2,0.0,11.0,18.9,0.8,15.9,0.7,0.29,266.68,45.0,0.0091
2026-03-17T02:00:00Z,4.2,50.1,0.0,12.6,18.3,0.0,0.0,0.0,-8.91,278.57,90.0,0.0
2026-03-17T03:00:00Z,4.3,42.7,0.0,16.3,24.4,0.0,0.0,0.0,-17.81,290.98,65.0,0.0
2026-03-17T04:00:00Z,1.6,47.4,0.0,13.9,21.9,0.0,0.0,0.0,-25.96,304.57,75.0,0.0
2026-03-17T05:00:00Z,1.0,46.7,0.0,12.0,18.5,0.0,0.0,0.0,-32.78,319.93,10.0,0.0
2026-03-17T06:00:00Z,-1.5,41.7,0.0,17.2,28.5,0.0,0.0,0.0,-37.58,337.35,45.0,0.0
2026-03-17T07:00:00Z,-0.9,45.3,0.0,12.2,19.1,0.0,0.0,0.0,-39.67,356.39,15.0,0.0
2026-03-17T08:00:00Z,-1.0,62.6,0.0,16.6,24.9,0.0,0.0,0.0,-38.67,15.73,35.0,0.0
2026-03-17T09:00:00Z,-3.3,58.2,0.0,13.9,20.5,0.0,0.0,0.0,-34.78,33.83,55.0,0.0
2026-03-17T10:00:00Z,-3.4,46.9,0.0,8.4,13.1,0.0,0.0,0.0,-28.6,49.92,15.0,0.0
2026-03-17T11:00:00Z,-4.4,49.7,0.0,16.2,25.1,0.0,0.0,0.0,-20.84,64.08,60.0,0.0
2026-03-17T12:00:00Z,-3.3,54.6,0.0,11.2,19.2,0.0,0.0,0.0,-12.14,76.83,50.0,0.0
2026-03-17T13:00:00Z,0.1,34.9,0.0,9.2,12.2,0.0,0.0,0.0,-2.98,88.82,85.0,0.0
2026-03-17T14:00:00Z,-1.6,49.9,0.0,13.9,23.3,43.4,128.6,29.5,6.22,100.68,25.0,0.3351
2026-03-17T15:00:00Z,2.0,22.5,0.0,17.2,30.7,181.0,415.2,73.1,15.06,113.02,55.0,1.6575
2026-03-17T16:00:00Z,2.2,39.8,0.0,14.8,20.8,315.7,378.4,167.3,23.09,126.45,5.0,2.1482
2026-03-17T17:00:00Z,2.5,46.0,0.0,10.6,17.5,424.6,366.5,242.7,29.75,141.48,70.0,3.0716
2026-03-17T18:00:00Z,4.6,52.7,0.0,10.1,15.8,486.7,327.6,301.6,34.4,158.33,80.0,3.1141
2026-03-17T19:00:00Z,3.9,74.2,0.0,14.8,25.1,412.8,160.9,317.3,36.43,176.59,15.0,2.766
2026-03-17T20:00:00Z,6.3,65.4,0.0,15.4,25.4,453.7,227.6,321.5,35.5,195.12,85.0,2.6737
2026-03-17T21:00:00Z,7.5,68.0,0.0,10.0,17.9,386.9,199.8,281.7,31.77,212.59,70.0,2.2764
2026-03-17T22:00:00Z,8.9,40.2,0.0,10.3,13.6,363.4,392.9,192.4,25.8,228.31,55.0,2.759
2026-03-17T23:00:00Z,7.1,44.9,0.0,14.8,22.8,225.9,305.2,130.5,18.22,242.3,60.0,1.8536
2026-03-18T00:00:00Z,4.8,28.0,0.0,17.2,30.1,92.6,284.5,44.9,9.65,254.99,0.0,0.618
2026-03-18T01:00:00Z,6.7,12.9,0.0,18.0,25.0,1.7,30.3,1.4,0.55,266.98,65.0,0.0178
2026-03-18T02:00:00Z,6.4,18.7,0.0,10.8,14.4,0.0,0.0,0.0,-8.64,278.87,80.0,0.0
2026-03-18T03:00:00Z,4.8,16.4,0.0,18.0,25.2,0.0,0.0,0.0,-17.53,291.29,80.0,0.0
2026-03-18T04:00:00Z,3.0,13.5,0.0,14.4,19.0,0.0,0.0,0.0,-25.66,304.86,60.0,0.0
2026-03-18T05:00:00Z,1.4,19.9,0.0,15.8,23.0,0.0,0.0,0.0,-32.45,320.19,75.0,0.0
2026-03-18T06:00:00Z,-0.8,34.2,0.0,13.6,18.8,0.0,0.0,0.0,-37.21,337.55,25.0,0.0
2026-03-18T07:00:00Z,-1.8,32.5,0.0,16.5,22.6,0.0,0.0,0.0,-39.27,356.51,40.0,0.0
2026-03-18T08:00:00Z,-4.4,25.1,0.0,8.3,14.4,0.0,0.0,0.0,-38.27,15.74,70.0,0.0
2026-03-18T09:00:00Z,-3.9,15.9,0.0,22.2,30.1,0.0,0.0,0.0,-34.38,33.75,50.0,0.0
2026-03-18T10:00:00Z,-2.4,11.2,0.0,20.9,36.6,0.0,0.0,0.0,-28.21,49.79,40.0,0.0
2026-03-18T11:00:00Z,-4.5,24.1,0.0,19.9,28.1,0.0,0.0,0.0,-20.47,63.91,70.0,0.0
2026-03-18T12:00:00Z,-3.7,23.4,0.0,8.7,15.3,0.0,0.0,0.0,-11.78,76.65,35.0,0.0
2026-03-18T13:00:00Z,-2.1,38.2,0.0,15.8,24.7,0.0,0.0,0.0,-2.62,88.64,75.0,0.0
2026-03-18T14:00:00Z,-2.4,22.7,0.0,13.9,19.0,50.9,227.4,24.8,6.58,100.5,20.0,0.4363
2026-03-18T15:00:00Z,2.2,20.6,0.0,23.2,41.7,187.6,433.6,72.2,15.43,112.86,65.0,1.6808
2026-03-18T16:00:00Z,2.0,30.8,0.0,15.5,22.5,328.7,450.3,149.4,23.47,126.31,50.0,2.8782
2026-03-18T17:00:00Z,1.6,28.9,0.0,19.5,30.8,450.7,512.6,193.3,30.14,141.38,15.0,3.3302
2026-03-18T18:00:00Z,5.9,31.6,0.0,15.5,25.8,531.0,512.4,238.5,34.8,158.31,90.0,3.5929
2026-03-18T19:00:00Z,5.6,31.1,0.0,13.1,18.8,566.2,525.7,251.1,36.82,176.67,65.0,4.5745
2026-03-18T20:00:00Z,6.5,18.2,0.0,20.1,29.7,556.7,641.5,180.7,35.88,195.28,70.0,4.7619
2026-03-18T21:00:00Z,6.6,33.7,0.0,13.6,22.7,482.3,481.5,226.3,32.12,212.83,25.0,3.9843
2026-03-18T22:00:00Z,6.4,43.7,0.0,18.6,32.4,364.8,366.9,203.3,26.11,228.59,15.0,2.6109
2026-03-18T23:00:00Z,7.3,38.9,0.0,21.1,31.9,235.6,347.9,125.1,18.51,242.59,80.0,1.6832
2026-03-19T00:00:00Z,8.7,67.4,0.0,2.8,3.7,78.5,112.3,59.2,9.92,255.29,30.0,0.5669
2026-03-19T01:00:00Z,7.5,50.2,0.0,6.9,9.5,2.4,19.4,2.1,0.82,267.28,50.0,0.0182
2026-03-19T02:00:00Z,5.0,59.1,0.0,4.4,5.9,0.0,0.0,0.0,-8.37,279.17,35.0,0.0
2026-03-19T03:00:00Z,5.6,79.3,0.2,6.4,9.5,0.0,0.0,0.0,-17.25,291.59,45.0,0.0
2026-03-19T04:00:00Z,2.3,78.5,1.4,4.0,5.5,0.0,0.0,0.0,-25.36,305.16,70.0,0.0
2026-03-19T05:00:00Z,1.7,46.9,0.0,3.7,5.9,0.0,0.0,0.0,-32.12,320.46,0.0,0.0
2026-03-19T06:00:00Z,-0.5,41.9,0.0,4.1,5.9,0.0,0.0,0.0,-36.85,337.76,25.0,0.0
2026-03-19T07:00:00Z,-1.6,58.9,0.0,4.0,5.8,0.0,0.0,0.0,-38.88,356.62,70.0,0.0
2026-03-19T08:00:00Z,-3.6,59.6,0.0,5.2,7.8,0.0,0.0,0.0,-37.87,15.75,15.0,0.0
2026-03-19T09:00:00Z,-2.8,60.6,0.0,3.9,6.9,0.0,0.0,0.0,-33.99,33.68,85.0,0.0
2026-03-19T10:00:00Z,-4.3,68.8,0.0,4.2,6.0,0.0,0.0,0.0,-27.83,49.65,35.0,0.0
2026-03-19T11:00:00Z,-3.2,65.4,0.0,5.7,9.1,0.0,0.0,0.0,-20.1,63.74,40.0,0.0
2026-03-19T12:00:00Z,-2.4,64.7,0.0,6.6,10.8,0.0,0.0,0.0,-11.42,76.47,15.0,0.0
2026-03-19T13:00:00Z,-3.0,55.1,0.0,4.9,6.4,0.0,0.0,0.0,-2.26,88.45,15.0,0.0
2026-03-19T14:00:00Z,-2.4,53.1,0.0,5.6,7.4,50.8,130.8,35.0,6.94,100.32,40.0,0.4211
2026-03-19T15:00:00Z,-2.0,85.8,0.0,4.6,7.9,107.8,55.4,92.7,15.8,112.69,60.0,0.682
2026-03-19T16:00:00Z,0.5,73.3,0.0,5.0,8.0,251.7,144.9,193.1,23.85,126.16,60.0,1.7708
2026-03-19T17:00:00Z,0.2,81.0,0.0,5.4,7.2,293.1,105.4,239.5,30.54,141.28,5.0,1.9598
2026-03-19T18:00:00Z,3.8,71.6,0.0,6.1,10.8,414.8,179.4,311.4,35.2,158.29,80.0,2.3857
2026-03-19T19:00:00Z,5.3,39.6,0.0,5.3,7.9,562.5,450.0,290.3,37.22,176.74,25.0,4.4446
2026-03-19T20:00:00Z,6.7,74.0,0.0,5.2,8.2,412.4,162.6,316.2,36.25,195.46,5.0,2.6313
2026-03-19T21:00:00Z,7.4,63.9,0.0,3.4,5.3,416.4,233.2,291.2,32.47,213.07,45.0,3.0146
2026-03-19T22:00:00Z,7.5,56.0,0.0,5.9,9.3,347.4,274.7,225.1,26.43,228.87,40.0,2.5733
2026-03-19T23:00:00Z,6.6,56.0,0.0,4.6,8.1,222.2,236.3,146.0,18.8,242.88,0.0,1.4888
2026-03-20T00:00:00Z,7.7,56.4,0.0,15.9,27.3,90.9,162.2,62.2,10.19,255.59,35.0,0.6889
2026-03-20T01:00:00Z,6.9,45.8,0.0,12.5,17.1,3.4,26.3,2.9,1.08,267.58,10.0,0.0239
2026-03-20T02:00:00Z,7.4,35.1,0.0,12.6,17.2,0.0,0.0,0.0,-8.11,279.47,50.0,0.0
2026-03-20T03:00:00Z,4.4,57.2,0.0,17.8,23.4,0.0,0.0,0.0,-16.97,291.89,80.0,0.0
2026-03-20T04:00:00Z,2.6,38.0,0.0,15.6,22.7,0.0,0.0,0.0,-25.05,305.45,35.0,0.0
2026-03-20T05:00:00Z,1.7,49.5,0.0,16.0,22.7,0.0,0.0,0.0,-31.78,320.72,55.0,0.0
2026-03-20T06:00:00Z,0.9,63.8,0.0,11.6,17.3,0.0,0.0,0.0,-36.48,337.97,25.0,0.0
2026-03-20T07:00:00Z,-1.1,48.5,0.0,15.4,20.1,0.0,0.0,0.0,-38.49,356.73,15.0,0.0
2026-03-20T08:00:00Z,-2.1,31.2,0.0,9.1,15.0,0.0,0.0,0.0,-37.47,15.76,75.0,0.0
2026-03-20T09:00:00Z,-0.9,64.0,0.0,11.5,15.2,0.0,0.0,0.0,-33.59,33.6,60.0,0.0
2026-03-20T10:00:00Z,-3.3,66.1,0.0,14.2,20.9,0.0,0.0,0.0,-27.45,49.52,70.0,0.0
2026-03-20T11:00:00Z,-3.2,67.2,0.0,11.1,16.8,0.0,0.0,0.0,-19.73,63.58,85.0,0.0
2026-03-20T12:00:00Z,-2.7,45.4,0.0,13.4,20.1,0.0,0.0,0.0,-11.06,76.29,5.0,0.0
2026-03-20T13:00:00Z,-0.3,58.4,0.0,17.5,29.6,0.0,0.0,0.0,-1.91,88.27,5.0,0.0
2026-03-20T14:00:00Z,-2.9,72.2,0.0,12.8,19.8,45.4,72.9,36.1,7.3,100.14,70.0,0.2962
2026-03-20T15:00:00Z,-2.3,64.3,0.0,13.6,19.8,167.5,170.4,120.1,16.17,112.52,80.0,1.0541
2026-03-20T16:00:00Z,2.0,35.0,0.0,12.0,20.0,340.0,423.4,166.2,24.23,126.02,70.0,2.7127
2026-03-20T17:00:00Z,5.5,53.5,0.0,16.0,22.1,427.8,310.1,268.4,30.93,141.19,80.0,2.8113
2026-03-20T18:00:00Z,3.4,55.5,0.0,13.0,21.8,497.2,308.2,317.8,35.61,158.27,75.0,3.1033
2026-03-20T19:00:00Z,6.3,38.1,0.0,15.1,23.3,571.4,464.9,287.6,37.62,176.82,65.0,4.0793
2026-03-20T20:00:00Z,5.7,50.6,0.0,19.0,26.5,528.8,352.5,318.5,36.63,195.63,0.0,3.4079
2026-03-20T21:00:00Z,7.3,65.1,0.0,7.6,10.1,416.1,224.5,294.4,32.82,213.31,40.0,2.9685
2026-03-20T22:00:00Z,9.1,42.4,0.0,13.1,19.3,377.7,381.0,206.2,26.74,229.15,20.0,2.7193
2026-03-20T23:00:00Z,6.1,55.6,0.0,18.6,25.3,227.6,241.3,148.7,19.09,243.18,60.0,1.7209
2026-03-21T00:00:00Z,6.5,56.6,0.0,26.9,38.4,94.5,164.5,64.6,10.46,255.89,75.0,0.6133
2026-03-21T01:00:00Z,4.9,61.7,0.0,23.9,34.9,4.1,20.7,3.6,1.35,267.88,60.0,0.0259
2026-03-21T02:00:00Z,5.2,52.8,0.0,26.7,40.5,0.0,0.0,0.0,-7.84,279.78,45.0,0.0
2026-03-21T03:00:00Z,4.3,53.7,0.0,38.0,56.1,0.0,0.0,0.0,-16.69,292.19,90.0,0.0
2026-03-21T04:00:00Z,2.7,67.3,0.0,17.7,24.6,0.0,0.0,0.0,-24.75,305.74,80.0,0.0
2026-03-21T05:00:00Z,1.1,84.3,1.1,24.7,43.1,0.0,0.0,0.0,-31.45,320.98,50.0,0.0
2026-03-21T06:00:00Z,1.6,81.4,0.0,30.6,52.2,0.0,0.0,0.0,-36.11,338.17,50.0,0.0
2026-03-21T07:00:00Z,-0.9,73.0,0.0,29.5,40.6,0.0,0.0,0.0,-38.1,356.85,30.0,0.0
2026-03-21T08:00:00Z,-1.5,57.5,0.0,25.8,35.1,0.0,0.0,0.0,-37.06,15.77,80.0,0.0
2026-03-21T09:00:00Z,-2.4,81.8,0.0,22.9,40.2,0.0,0.0,0.0,-33.19,33.52,60.0,0.0
2026-03-21T10:00:00Z,-2.5,79.7,0.4,29.4,51.9,0.0,0.0,0.0,-27.06,49.38,75.0,0.0
2026-03-21T11:00:00Z,-1.8,59.9,0.0,42.2,68.8,0.0,0.0,0.0,-19.36,63.42,0.0,0.0
2026-03-21T12:00:00Z,-1.2,63.3,0.0,26.7,37.2,0.0,0.0,0.0,-10.69,76.11,55.0,0.0
2026-03-21T13:00:00Z,-2.3,78.2,0.6,24.9,42.0,0.0,0.0,0.0,-1.55,88.09,25.0,0.0
2026-03-21T14:00:00Z,-1.0,59.6,0.0,28.3,38.0,56.7,118.7,40.9,7.66,99.96,10.0,0.4154
2026-03-21T15:00:00Z,-1.7,88.4,0.0,25.7,38.3,105.1,44.6,92.4,16.54,112.35,30.0,0.7396
2026-03-21T16:00:00Z,1.9,60.8,0.0,25.8,35.8,305.4,232.4,208.6,24.61,125.88,0.0,2.001
2026-03-21T17:00:00Z,2.7,72.3,0.0,27.5,38.6,358.2,167.3,271.2,31.32,141.09,65.0,2.3591
2026-03-21T18:00:00Z,3.6,66.7,0.0,28.6,50.9,454.3,218.4,325.9,36.01,158.25,0.0,3.0269
2026-03-21T19:00:00Z,5.8,59.2,0.0,24.7,41.7,519.8,283.0,345.5,38.02,176.9,10.0,3.576
2026-03-21T20:00:00Z,5.2,76.1,0.0,31.5,46.0,406.4,147.8,317.4,37.01,195.81,15.0,2.8103
2026-03-21T21:00:00Z,6.0,72.9,0.0,27.0,36.2,379.4,166.2,288.5,33.16,213.56,50.0,2.7513
2026-03-21T22:00:00Z,6.8,70.1,0.0,29.5,47.0,309.6,174.0,230.5,27.06,229.43,35.0,2.2268
2026-03-21T23:00:00Z,8.3,45.5,0.0,23.4,40.1,245.2,310.2,142.3,19.38,243.48,80.0,1.6631
2026-03-22T00:00:00Z,7.3,65.2,0.0,6.0,7.9,90.9,128.5,67.0,10.74,256.19,60.0,0.6182
2026-03-22T01:00:00Z,4.8,45.1,0.0,5.6,7.9,5.7,37.5,4.6,1.61,268.19,25.0,0.0388
2026-03-22T02:00:00Z,7.2,76.2,0.0,5.7,9.3,0.0,0.0,0.0,-7.57,280.08,85.0,0.0
2026-03-22T03:00:00Z,6.3,47.8,0.0,6.0,8.6,0.0,0.0,0.0,-16.41,292.49,65.0,0.0
2026-03-22T04:00:00Z,3.4,48.2,0.0,5.5,8.7,0.0,0.0,0.0,-24.44,306.03,10.0,0.0
2026-03-22T05:00:00Z,1.1,47.0,0.0,4.9,8.1,0.0,0.0,0.0,-31.11,321.25,60.0,0.0
2026-03-22T06:00:00Z,0.7,76.0,5.3,4.7,8.2,0.0,0.0,0.0,-35.75,338.37,20.0,0.0
2026-03-22T07:00:00Z,-0.9,38.9,0.0,3.5,6.1,0.0,0.0,0.0,-37.71,356.96,60.0,0.0
2026-03-22T08:00:00Z,-1.5,42.3,0.0,8.3,13.3,0.0,0.0,0.0,-36.66,15.78,70.0,0.0
2026-03-22T09:00:00Z,-1.3,42.1,0.0,6.1,9.0,0.0,0.0,0.0,-32.79,33.45,90.0,0.0
2026-03-22T10:00:00Z,-3.2,56.7,0.0,5.0,7.3,0.0,0.0,0.0,-26.68,49.25,75.0,0.0
2026-03-22T11:00:00Z,-2.8,57.2,0.0,4.5,7.2,0.0,0.0,0.0,-18.99,63.25,90.0,0.0
2026-03-22T12:00:00Z,-2.0,51.0,0.0,5.7,8.0,0.0,0.0,0.0,-10.33,75.94,50.0,0.0
2026-03-22T13:00:00Z,-1.7,64.5,0.0,5.7,8.6,0.0,0.0,0.0,-1.19,87.9,75.0,0.0
2026-03-22T14:00:00Z,-1.8,74.8,0.0,5.3,7.9,50.5,69.9,40.7,8.03,99.78,25.0,0.3556
2026-03-22T15:00:00Z,0.5,41.1,0.0,5.1,8.9,206.4,318.4,113.8,16.9,112.18,20.0,1.6095
2026-03-22T16:00:00Z,1.5,42.1,0.0,6.1,8.5,347.0,373.2,189.3,24.99,125.73,50.0,2.687
2026-03-22T17:00:00Z,4.6,44.6,0.0,6.6,8.8,460.7,386.0,257.8,31.72,141.0,15.0,3.2608
2026-03-22T18:00:00Z,3.7,52.4,0.0,5.1,7.1,519.9,336.2,320.3,36.41,158.23,5.0,3.2928
2026-03-22T19:00:00Z,6.3,61.6,0.0,7.3,12.7,515.0,264.3,350.8,38.41,176.98,90.0,2.7012
2026-03-22T20:00:00Z,7.1,42.6,0.0,8.2,14.2,559.9,424.0,302.5,37.38,195.99,45.0,4.4209
2026-03-22T21:00:00Z,7.6,44.8,0.0,5.0,7.9,490.8,391.1,274.9,33.51,213.81,70.0,3.6053
2026-03-22T22:00:00Z,7.4,43.5,0.0,5.4,8.5,387.2,375.9,214.4,27.37,229.72,55.0,3.0184
2026-03-22T23:00:00Z,7.6,64.2,0.0,5.0,8.8,220.0,188.9,156.4,19.67,243.78,55.0,1.5207
2026-03-23T00:00:00Z,7.4,42.1,0.0,18.6,27.9,109.9,240.6,64.0,11.01,256.5,5.0,0.7981
2026-03-23T01:00:00Z,5.2,42.9,0.0,20.0,31.8,7.1,45.4,5.6,1.88,268.49,25.0,0.0473
2026-03-23T02:00:00Z,7.8,51.5,0.0,20.9,35.9,0.0,0.0,0.0,-7.3,280.38,55.0,0.0
2026-03-23T03:00:00Z,5.0,37.5,0.0,14.9,23.2,0.0,0.0,0.0,-16.13,292.79,25.0,0.0
2026-03-23T04:00:00Z,5.0,24.8,0.0,18.6,25.3,0.0,0.0,0.0,-24.14,306.32,25.0,0.0
2026-03-23T05:00:00Z,1.3,30.4,0.0,24.3,38.4,0.0,0.0,0.0,-30.78,321.51,50.0,0.0
2026-03-23T06:00:00Z,-0.5,31.6,0.0,17.4,25.4,0.0,0.0,0.0,-35.38,338.58,75.0,0.0
2026-03-23T07:00:00Z,0.4,42.7,0.0,19.6,29.0,0.0,0.0,0.0,-37.31,357.08,80.0,0.0
2026-03-23T08:00:00Z,-1.3,45.4,0.0,17.0,30.5,0.0,0.0,0.0,-36.26,15.79,80.0,0.0
2026-03-23T09:00:00Z,-1.7,32.2,0.0,18.8,26.1,0.0,0.0,0.0,-32.4,33.38,25.0,0.0
2026-03-23T10:00:00Z,-3.3,42.8,0.0,17.3,23.6,0.0,0.0,0.0,-26.29,49.13,85.0,0.0
2026-03-23T11:00:00Z,-2.5,37.4,0.0,11.8,15.4,0.0,0.0,0.0,-18.62,63.09,10.0,0.0
2026-03-23T12:00:00Z,-3.1,45.1,0.0,13.9,22.0,0.0,0.0,0.0,-9.97,75.76,90.0,0.0
2026-03-23T13:00:00Z,-0.9,37.2,0.0,14.0,24.4,0.0,0.0,0.0,-0.83,87.72,45.0,0.0
2026-03-23T14:00:00Z,-0.7,35.5,0.0,22.5,29.4,73.5,224.1,40.8,8.39,99.6,85.0,0.4779
2026-03-23T15:00:00Z,0.4,38.3,0.0,9.5,14.6,214.4,340.5,113.3,17.27,112.01,75.0,1.4846
2026-03-23T16:00:00Z,1.7,49.6,0.0,16.7,23.5,342.9,318.1,206.6,25.37,125.59,30.0,2.643
2026-03-23T17:00:00Z,5.2,21.9,0.0,17.3,23.7,489.1,585.7,177.8,32.11,140.9,35.0,4.167
2026-03-23T18:00:00Z,3.5,31.7,0.0,19.2,31.2,565.4,519.9,253.9,36.81,158.21,15.0,4.1982
2026-03-23T19:00:00Z,6.9,24.3,0.0,20.5,30.5,604.6,597.9,229.9,38.81,177.07,35.0,4.8847
2026-03-23T20:00:00Z,8.5,52.8,0.0,17.0,29.2,539.9,336.2,334.0,37.76,196.17,45.0,3.7708
2026-03-23T21:00:00Z,6.9,43.2,0.0,14.3,18.9,499.7,406.4,273.3,33.85,214.06,55.0,3.7924
2026-03-23T22:00:00Z,9.0,37.6,0.0,13.4,22.4,399.7,424.9,202.3,27.68,230.0,55.0,3.1382
2026-03-23T23:00:00Z,9.2,46.0,0.0,18.4,30.4,254.6,311.2,148.4,19.95,244.08,50.0,1.9454
2026-03-24T00:00:00Z,8.2,44.0,0.0,32.3,48.6,113.2,235.0,67.3,11.27,256.8,70.0,0.7679
2026-03-24T01:00:00Z,7.9,34.5,0.0,34.0,57.0,8.7,60.9,6.4,2.14,268.8,20.0,0.0574
2026-03-24T02:00:00Z,8.1,33.9,0.0,33.4,48.8,0.0,0.0,0.0,-7.04,280.69,65.0,0.0
2026-03-24T03:00:00Z,6.6,37.6,0.0,35.5,49.5,0.0,0.0,0.0,-15.85,293.09,80.0,0.0
2026-03-24T04:00:00Z,4.6,42.9,0.0,36.9,51.1,0.0,0.0,0.0,-23.84,306.61,70.0,0.0
2026-03-24T05:00:00Z,2.4,38.4,0.0,27.9,47.0,0.0,0.0,0.0,-30.44,321.76,70.0,0.0
2026-03-24T06:00:00Z,1.1,21.9,0.0,22.8,38.8,0.0,0.0,0.0,-35.01,338.78,20.0,0.0
2026-03-24T07:00:00Z,0.1,46.4,0.0,22.8,31.7,0.0,0.0,0.0,-36.92,357.19,70.0,0.0
2026-03-24T08:00:00Z,-0.6,49.0,0.0,25.4,42.1,0.0,0.0,0.0,-35.86,15.81,5.0,0.0
2026-03-24T09:00:00Z,-2.7,62.6,0.0,20.3,36.2,0.0,0.0,0.0,-32.0,33.31,20.0,0.0
2026-03-24T10:00:00Z,-0.9,35.1,0.0,24.3,39.3,0.0,0.0,0.0,-25.9,49.0,20.0,0.0
2026-03-24T11:00:00Z,-3.1,56.1,0.0,27.5,39.2,0.0,0.0,0.0,-18.24,62.94,30.0,0.0
2026-03-24T12:00:00Z,-1.8,43.9,0.0,22.0,39.3,0.0,0.0,0.0,-9.6,75.58,50.0,0.0
2026-03-24T13:00:00Z,1.6,36.0,0.0,27.9,37.3,0.0,0.0,0.0,-0.47,87.54,55.0,0.0
2026-03-24T14:00:00Z,1.2,22.0,0.0,27.9,46.7,79.9,290.9,35.7,8.75,99.42,15.0,0.6261
2026-03-24T15:00:00Z,1.5,54.7,0.0,18.4,27.8,205.4,237.6,133.4,17.64,111.84,15.0,1.5748
2026-03-24T16:00:00Z,-0.1,35.1,0.0,25.6,37.3,367.3,433.1,179.1,25.75,125.45,65.0,2.7897
2026-03-24T17:00:00Z,4.4,48.2,0.0,27.5,46.0,467.0,359.2,274.0,32.51,140.81,30.0,3.4546
2026-03-24T18:00:00Z,4.6,34.2,0.0,29.0,46.9,569.7,498.6,268.1,37.21,158.2,30.0,4.4691
2026-03-24T19:00:00Z,6.5,37.0,0.0,33.0,56.0,599.4,481.1,295.3,39.21,177.15,25.0,4.2514
2026-03-24T20:00:00Z,8.5,54.3,0.0,25.5,42.5,540.7,324.6,340.3,38.13,196.35,30.0,3.9448
2026-03-24T21:00:00Z,7.5,41.1,0.0,22.0,39.3,509.0,425.8,269.7,34.19,214.31,30.0,3.737
2026-03-24T22:00:00Z,8.4,49.8,0.0,25.9,39.7,387.2,328.6,233.0,27.99,230.29,75.0,2.4605
2026-03-24T23:00:00Z,9.4,33.8,0.0,27.7,37.5,269.0,399.8,130.7,20.24,244.38,15.0,2.1198
2026-03-25T00:00:00Z,9.2,38.2,0.0,14.8,20.2,119.5,268.8,65.7,11.54,257.11,35.0,0.9273
2026-03-25T01:00:00Z,5.8,57.3,0.0,21.6,36.7,9.3,40.9,7.6,2.4,269.1,35.0,0.0622
2026-03-25T02:00:00Z,7.2,58.4,0.0,13.1,17.9,0.0,0.0,0.0,-6.77,280.99,35.0,0.0
2026-03-25T03:00:00Z,6.3,20.7,0.0,15.3,25.0,0.0,0.0,0.0,-15.57,293.39,50.0,0.0
2026-03-25T04:00:00Z,3.9,58.5,0.0,12.6,19.0,0.0,0.0,0.0,-23.53,306.89,50.0,0.0
2026-03-25T05:00:00Z,2.7,70.4,0.0,17.3,28.1,0.0,0.0,0.0,-30.11,322.02,50.0,0.0
2026-03-25T06:00:00Z,0.6,29.5,0.0,13.7,21.1,0.0,0.0,0.0,-34.65,338.98,55.0,0.0
2026-03-25T07:00:00Z,0.4,30.2,0.0,13.5,22.8,0.0,0.0,0.0,-36.53,357.3,40.0,0.0
2026-03-25T08:00:00Z,-0.3,39.8,0.0,20.3,35.1,0.0,0.0,0.0,-35.46,15.82,85.0,0.0
2026-03-25T09:00:00Z,-3.4,21.3,0.0,14.6,23.8,0.0,0.0,0.0,-31.6,33.24,30.0,0.0
2026-03-25T10:00:00Z,-2.3,46.9,0.0,16.5,21.7,0.0,0.0,0.0,-25.52,48.87,15.0,0.0
2026-03-25T11:00:00Z,-2.0,46.8,0.0,17.8,24.7,0.0,0.0,0.0,-17.87,62.78,65.0,0.0
2026-03-25T12:00:00Z,-1.9,12.7,0.0,14.8,25.5,0.0,0.0,0.0,-9.24,75.41,35.0,0.0
2026-03-25T13:00:00Z,-1.5,56.1,0.0,12.0,21.4,0.0,0.0,0.0,-0.11,87.36,70.0,0.0
2026-03-25T14:00:00Z,-0.2,37.0,0.0,16.4,26.3,83.4,232.3,46.6,9.11,99.24,20.0,0.6291
2026-03-25T15:00:00Z,0.9,38.3,0.0,17.1,30.4,227.1,347.8,119.6,18.01,111.68,90.0,1.2595
2026-03-25T16:00:00Z,2.6,45.5,0.0,14.6,22.7,362.5,353.1,207.0,26.13,125.3,70.0,2.5914
2026-03-25T17:00:00Z,4.8,44.9,0.0,21.1,33.4,480.4,388.5,269.4,32.9,140.71,15.0,3.4346
2026-03-25T18:00:00Z,4.7,53.8,0.0,15.0,22.2,534.2,327.1,334.6,37.62,158.18,45.0,4.0749
2026-03-25T19:00:00Z,6.6,50.4,0.0,16.4,27.0,576.5,362.2,345.6,39.6,177.24,10.0,3.9893
2026-03-25T20:00:00Z,7.2,59.5,0.0,12.6,20.5,525.7,281.3,350.6,38.51,196.54,55.0,3.5326
2026-03-25T21:00:00Z,8.9,48.5,0.0,12.8,20.7,500.0,363.4,294.0,34.53,214.57,35.0,3.6477
2026-03-25T22:00:00Z,9.0,60.1,0.0,8.0,13.0,366.1,250.6,247.3,28.3,230.58,20.0,2.6554
2026-03-25T23:00:00Z,10.0,59.2,0.0,16.3,28.3,244.1,225.3,165.1,20.52,244.68,35.0,1.7249
2026-03-26T00:00:00Z,6.1,44.1,0.0,10.9,18.1,121.4,241.9,71.9,11.81,257.41,40.0,0.9586
2026-03-26T01:00:00Z,7.3,34.4,0.0,14.5,24.8,11.9,76.3,8.4,2.66,269.41,45.0,0.0707
2026-03-26T02:00:00Z,5.9,45.1,0.0,8.7,15.6,0.0,0.0,0.0,-6.51,281.29,25.0,0.0
2026-03-26T03:00:00Z,5.5,26.2,0.0,9.4,15.5,0.0,0.0,0.0,-15.29,293.69,75.0,0.0
2026-03-26T04:00:00Z,4.4,30.7,0.0,9.3,14.4,0.0,0.0,0.0,-23.23,307.18,35.0,0.0
2026-03-26T05:00:00Z,4.3,33.9,0.0,11.7,19.4,0.0,0.0,0.0,-29.78,322.28,0.0,0.0
2026-03-26T06:00:00Z,-0.1,54.0,0.0,9.1,12.8,0.0,0.0,0.0,-34.28,339.18,10.0,0.0
2026-03-26T07:00:00Z,0.0,34.5,0.0,13.5,23.1,0.0,0.0,0.0,-36.14,357.42,50.0,0.0
2026-03-26T08:00:00Z,-0.0,32.7,0.0,14.5,21.1,0.0,0.0,0.0,-35.06,15.84,0.0,0.0
2026-03-26T09:00:00Z,-0.9,49.8,0.0,12.3,19.1,0.0,0.0,0.0,-31.2,33.17,80.0,0.0
2026-03-26T10:00:00Z,-2.5,41.8,0.0,16.3,27.0,0.0,0.0,0.0,-25.13,48.75,55.0,0.0
2026-03-26T11:00:00Z,-0.9,38.9,0.0,11.5,15.3,0.0,0.0,0.0,-17.5,62.62,30.0,0.0
2026-03-26T12:00:00Z,-1.2,62.3,0.0,11.8,17.8,0.0,0.0,0.0,-8.88,75.24,75.0,0.0
2026-03-26T13:00:00Z,-1.7,35.0,0.0,10.2,13.7,0.7,15.9,0.6,0.25,87.18,70.0,0.0031
2026-03-26T14:00:00Z,-0.3,35.0,0.0,11.4,17.3,88.9,248.2,48.1,9.47,99.06,75.0,0.5741
2026-03-26T15:00:00Z,2.4,44.5,0.0,8.2,13.8,228.9,309.0,131.5,18.38,111.51,90.0,1.3298
2026-03-26T16:00:00Z,3.2,47.1,0.0,8.4,12.0,366.7,342.5,213.8,26.51,125.16,65.0,2.5502
2026-03-26T17:00:00Z,3.5,51.4,0.0,7.9,11.7,472.4,335.6,288.2,33.29,140.61,30.0,3.6228
2026-03-26T18:00:00Z,5.7,51.6,0.0,8.5,14.0,547.8,347.5,333.8,38.02,158.16,70.0,3.6702
2026-03-26T19:00:00Z,6.0,39.9,0.0,11.6,17.3,607.5,456.5,314.1,40.0,177.33,10.0,4.2006
2026-03-26T20:00:00Z,7.6,24.6,0.0,11.9,20.9,605.7,595.4,232.0,38.88,196.73,0.0,3.8614
2026-03-26T21:00:00Z,6.7,50.6,0.0,9.6,14.9,500.4,347.3,301.8,34.87,214.83,25.0,3.5618
2026-03-26T22:00:00Z,10.0,42.2,0.0,9.2,12.6,410.6,391.8,223.0,28.61,230.87,50.0,3.1254
2026-03-26T23:00:00Z,8.5,56.0,0.0,10.8,18.6,254.7,248.0,166.6,20.8,244.99,15.0,1.7582
2026-03-27T00:00:00Z,6.5,61.4,0.0,12.0,16.9,112.8,157.3,79.9,12.07,257.72,80.0,0.6264
2026-03-27T01:00:00Z,3.9,56.6,0.0,19.5,33.6,12.5,51.2,9.9,2.92,269.71,55.0,0.0673
2026-03-27T02:00:00Z,8.3,45.1,0.0,18.6,27.2,0.0,0.0,0.0,-6.24,281.6,30.0,0.0
2026-03-27T03:00:00Z,6.6,47.2,0.0,14.9,21.8,0.0,0.0,0.0,-15.01,293.98,25.0,0.0
2026-03-27T04:00:00Z,3.9,65.4,0.0,19.3,26.6,0.0,0.0,0.0,-22.93,307.46,30.0,0.0
2026-03-27T05:00:00Z,1.7,49.7,0.0,23.6,41.9,0.0,0.0,0.0,-29.44,322.53,75.0,0.0
2026-03-27T06:00:00Z,0.2,48.7,0.0,18.5,30.6,0.0,0.0,0.0,-33.91,339.37,5.0,0.0
2026-03-27T07:00:00Z,2.3,67.3,0.0,18.0,32.0,0.0,0.0,0.0,-35.75,357.53,20.0,0.0
2026-03-27T08:00:00Z,-3.0,63.3,0.0,23.9,38.6,0.0,0.0,0.0,-34.66,15.85,45.0,0.0
2026-03-27T09:00:00Z,-3.0,62.8,0.0,22.3,30.8,0.0,0.0,0.0,-30.81,33.1,90.0,0.0
2026-03-27T10:00:00Z,-1.9,56.5,0.0,20.8,29.9,0.0,0.0,0.0,-24.75,48.63,25.0,0.0
2026-03-27T11:00:00Z,-2.9,67.3,0.0,18.3,26.2,0.0,0.0,0.0,-17.13,62.47,25.0,0.0
2026-03-27T12:00:00Z,-0.1,53.0,0.0,18.8,25.5,0.0,0.0,0.0,-8.52,75.07,80.0,0.0
2026-03-27T13:00:00Z,-1.2,52.1,0.0,21.9,29.7,1.7,15.5,1.5,0.61,87.01,15.0,0.0105
2026-03-27T14:00:00Z,-1.9,65.9,0.0,18.4,29.9,78.8,117.5,58.7,9.83,98.89,85.0,0.3934
2026-03-27T15:00:00Z,0.3,51.9,0.0,25.1,40.0,227.2,262.9,142.7,18.74,111.34,70.0,1.5775
2026-03-27T16:00:00Z,0.8,57.5,0.0,21.4,36.7,351.0,265.1,231.1,26.89,125.01,40.0,2.6605
2026-03-27T17:00:00Z,4.9,43.1,0.0,15.9,25.5,497.0,406.8,271.4,33.68,140.52,70.0,3.2377
2026-03-27T18:00:00Z,4.8,62.0,0.0,14.0,24.6,512.8,260.5,350.9,38.42,158.15,85.0,2.8939
2026-03-27T19:00:00Z,5.6,69.3,0.0,13.5,18.8,498.0,204.5,365.5,40.39,177.42,60.0,3.1864
2026-03-27T20:00:00Z,7.5,45.4,0.0,26.5,34.6,584.3,405.3,327.9,39.25,196.92,20.0,4.1106
2026-03-27T21:00:00Z,7.7,45.5,0.0,17.5,29.4,518.2,391.9,292.2,35.21,215.09,40.0,4.0376
2026-03-27T22:00:00Z,8.7,62.8,0.0,13.6,22.9,366.6,232.2,254.3,28.91,231.17,45.0,2.509
2026-03-27T23:00:00Z,5.8,79.1,0.0,26.6,39.3,191.5,101.9,154.8,21.08,245.29,90.0,0.875
2026-03-28T00:00:00Z,9.7,6.3,0.0,9.2,15.1,135.8,462.0,37.1,12.34,258.03,60.0,1.1249
2026-03-28T01:00:00Z,6.2,42.7,0.0,7.7,11.6,15.3,78.1,11.0,3.18,270.02,40.0,0.0922
2026-03-28T02:00:00Z,8.0,38.2,0.0,7.6,11.9,0.0,0.0,0.0,-5.98,281.9,35.0,0.0
2026-03-28T03:00:00Z,6.0,33.0,0.0,10.3,13.6,0.0,0.0,0.0,-14.73,294.28,35.0,0.0
2026-03-28T04:00:00Z,5.8,27.5,0.0,7.4,12.8,0.0,0.0,0.0,-22.62,307.75,55.0,0.0
2026-03-28T05:00:00Z,4.7,64.0,0.0,13.4,21.2,0.0,0.0,0.0,-29.11,322.79,15.0,0.0
2026-03-28T06:00:00Z,0.9,28.8,0.0,9.5,13.6,0.0,0.0,0.0,-33.55,339.57,45.0,0.0
2026-03-28T07:00:00Z,1.3,55.6,0.0,9.4,13.9,0.0,0.0,0.0,-35.36,357.64,40.0,0.0
2026-03-28T08:00:00Z,-0.5,42.3,0.0,9.7,16.4,0.0,0.0,0.0,-34.26,15.87,0.0,0.0
2026-03-28T09:00:00Z,-2.2,49.7,0.0,8.2,13.2,0.0,0.0,0.0,-30.41,33.04,90.0,0.0
2026-03-28T10:00:00Z,-1.5,46.9,0.0,8.4,11.8,0.0,0.0,0.0,-24.37,48.51,55.0,0.0
2026-03-28T11:00:00Z,-0.2,31.6,0.0,8.4,13.6,0.0,0.0,0.0,-16.76,62.31,80.0,0.0
2026-03-28T12:00:00Z,0.2,48.2,0.0,10.2,16.5,0.0,0.0,0.0,-8.15,74.9,75.0,0.0
2026-03-28T13:00:00Z,-1.0,49.0,0.0,13.8,23.1,2.9,22.3,2.5,0.96,86.83,10.0,0.0195
2026-03-28T14:00:00Z,-0.5,58.4,0.0,9.4,15.5,89.4,153.2,62.3,10.19,98.71,50.0,0.6089
2026-03-28T15:00:00Z,0.7,69.0,0.0,9.8,15.3,199.7,156.4,148.5,19.11,111.17,70.0,1.2454
2026-03-28T16:00:00Z,4.0,47.8,0.0,4.6,7.2,378.7,341.4,222.3,27.27,124.87,45.0,2.8656
2026-03-28T17:00:00Z,4.9,45.0,0.0,9.0,12.2,499.9,391.5,280.6,34.07,140.42,20.0,3.4073
2026-03-28T18:00:00Z,6.0,30.0,0.0,9.0,14.4,600.8,544.2,259.7,38.81,158.13,30.0,4.3925
2026-03-28T19:00:00Z,7.0,41.3,0.0,8.5,14.1,617.7,446.2,326.2,40.78,177.51,90.0,3.668
2026-03-28T20:00:00Z,7.7,43.4,0.0,7.8,12.5,594.7,423.9,324.4,39.62,197.11,60.0,4.1656
2026-03-28T21:00:00Z,8.8,45.6,0.0,7.6,12.5,523.4,391.7,295.7,35.55,215.35,30.0,3.8104
2026-03-28T22:00:00Z,9.2,56.8,0.0,7.1,10.4,390.5,278.3,254.7,29.22,231.46,0.0,2.5429
2026-03-28T23:00:00Z,9.2,24.1,0.0,9.0,13.4,292.9,483.0,117.0,21.36,245.6,75.0,2.0089
2026-03-29T00:00:00Z,9.5,37.2,0.0,13.6,19.2,136.6,290.1,73.3,12.6,258.33,90.0,0.6855
2026-03-29T01:00:00Z,7.4,32.4,0.0,14.6,19.5,17.8,103.2,11.6,3.44,270.32,30.0,0.1038
2026-03-29T02:00:00Z,8.0,14.3,0.0,14.2,22.7,0.0,0.0,0.0,-5.71,282.2,5.0,0.0
2026-03-29T03:00:00Z,4.3,27.1,0.0,16.7,23.4,0.0,0.0,0.0,-14.45,294.57,55.0,0.0
2026-03-29T04:00:00Z,4.3,28.2,0.0,10.4,13.7,0.0,0.0,0.0,-22.32,308.03,45.0,0.0
2026-03-29T05:00:00Z,1.3,39.8,0.0,10.0,17.4,0.0,0.0,0.0,-28.78,323.04,20.0,0.0
2026-03-29T06:00:00Z,0.8,26.5,0.0,13.3,17.8,0.0,0.0,0.0,-33.18,339.76,25.0,0.0
2026-03-29T07:00:00Z,0.4,43.4,0.0,11.1,17.1,0.0,0.0,0.0,-34.97,357.75,85.0,0.0
2026-03-29T08:00:00Z,-1.8,35.8,0.0,14.2,21.0,0.0,0.0,0.0,-33.86,15.88,5.0,0.0
2026-03-29T09:00:00Z,0.2,22.0,0.0,13.8,23.2,0.0,0.0,0.0,-30.02,32.97,20.0,0.0
2026-03-29T10:00:00Z,-1.9,48.4,0.0,12.2,21.1,0.0,0.0,0.0,-23.98,48.39,80.0,0.0
2026-03-29T11:00:00Z,-1.1,23.6,0.0,10.5,14.1,0.0,0.0,0.0,-16.38,62.16,55.0,0.0
2026-03-29T12:00:00Z,-1.7,30.6,0.0,7.7,10.9,0.0,0.0,0.0,-7.79,74.73,20.0,0.0
2026-03-29T13:00:00Z,-1.6,42.7,0.0,13.2,18.0,4.5,33.0,3.7,1.32,86.65,20.0,0.0246
2026-03-29T14:00:00Z,-0.3,48.6,0.0,13.6,23.5,100.3,202.5,63.2,10.54,98.53,40.0,0.7272
2026-03-29T15:00:00Z,3.6,27.7,0.0,13.2,21.7,257.8,436.6,112.2,19.47,111.0,10.0,1.9419
2026-03-29T16:00:00Z,4.3,5.9,0.0,12.4,20.0,410.1,695.3,87.5,27.64,124.72,15.0,3.171
2026-03-29T17:00:00Z,5.8,6.6,0.0,9.5,12.8,533.1,742.9,112.7,34.46,140.32,40.0,4.5763
2026-03-29T18:00:00Z,9.0,4.9,0.0,8.4,11.7,615.2,788.3,116.8,39.21,158.12,45.0,5.3015
2026-03-29T19:00:00Z,8.6,28.3,0.0,11.0,16.8,641.3,568.8,266.8,41.18,177.6,20.0,4.6488
2026-03-29T20:00:00Z,10.4,31.5,0.0,10.6,14.9,618.9,534.1,275.7,39.99,197.31,30.0,4.6887
2026-03-29T21:00:00Z,6.9,35.1,0.0,8.0,10.7,546.1,485.5,261.5,35.88,215.61,15.0,3.8258
2026-03-29T22:00:00Z,9.2,31.9,0.0,11.8,19.5,437.5,483.2,199.4,29.52,231.76,0.0,2.784
2026-03-29T23:00:00Z,8.9,51.1,0.0,9.3,15.5,276.8,286.9,171.0,21.64,245.91,45.0,1.9759
2026-03-30T00:00:00Z,7.1,48.7,0.0,35.6,61.2,135.1,230.1,83.9,12.87,258.64,50.0,0.9389
2026-03-30T01:00:00Z,6.2,68.4,0.0,54.8,82.3,16.1,44.5,13.2,3.7,270.62,75.0,0.0659
2026-03-30T02:00:00Z,8.0,32.6,0.0,38.4,62.3,0.0,0.0,0.0,-5.45,282.5,55.0,0.0
2026-03-30T03:00:00Z,7.1,39.7,0.0,58.7,99.4,0.0,0.0,0.0,-14.17,294.87,55.0,0.0
2026-03-30T04:00:00Z,3.9,32.1,0.0,41.7,64.5,0.0,0.0,0.0,-22.02,308.31,10.0,0.0
2026-03-30T05:00:00Z,2.8,23.3,0.0,62.8,95.2,0.0,0.0,0.0,-28.44,323.28,75.0,0.0
2026-03-30T06:00:00Z,0.4,22.8,0.0,46.9,66.7,0.0,0.0,0.0,-32.82,339.95,40.0,0.0
2026-03-30T07:00:00Z,-0.2,50.6,0.0,57.1,100.6,0.0,0.0,0.0,-34.59,357.86,50.0,0.0
2026-03-30T08:00:00Z,-0.1,35.4,0.0,31.9,47.5,0.0,0.0,0.0,-33.46,15.9,40.0,0.0
2026-03-30T09:00:00Z,-1.0,35.0,0.0,37.6,56.4,0.0,0.0,0.0,-29.63,32.91,70.0,0.0
2026-03-30T10:00:00Z,-0.9,39.0,0.0,27.9,40.9,0.0,0.0,0.0,-23.6,48.27,30.0,0.0
2026-03-30T11:00:00Z,0.3,31.7,0.0,53.0,88.5,0.0,0.0,0.0,-16.01,62.01,35.0,0.0
2026-03-30T12:00:00Z,-2.0,39.1,0.0,40.3,53.8,0.0,0.0,0.0,-7.43,74.56,25.0,0.0
2026-03-30T13:00:00Z,-0.2,44.0,0.0,51.1,69.5,6.1,39.8,4.9,1.68,86.47,0.0,0.044
2026-03-30T14:00:00Z,-0.8,33.3,0.0,50.0,69.9,110.7,283.1,57.2,10.9,98.35,85.0,0.5767
2026-03-30T15:00:00Z,2.9,51.7,0.0,49.9,77.0,245.7,271.8,153.5,19.84,110.83,80.0,1.4283
2026-03-30T16:00:00Z,4.5,29.5,0.0,51.5,88.3,412.1,494.4,179.8,28.02,124.58,40.0,3.2152
2026-03-30T17:00:00Z,5.9,45.4,0.0,63.5,84.9,512.3,391.1,288.8,34.85,140.23,50.0,3.945
2026-03-30T18:00:00Z,6.6,41.1,0.0,30.8,41.7,599.2,444.9,315.6,39.61,158.1,90.0,3.4425
2026-03-30T19:00:00Z,9.7,33.3,0.0,32.8,48.5,642.7,523.0,295.7,41.57,177.69,30.0,4.7883
2026-03-30T20:00:00Z,8.7,35.0,0.0,48.7,87.1,621.0,503.3,295.1,40.36,197.5,35.0,4.6501
2026-03-30T21:00:00Z,9.4,49.4,0.0,45.4,71.7,525.5,361.6,311.8,36.22,215.88,15.0,3.8978
2026-03-30T22:00:00Z,9.1,26.4,0.0,42.0,73.1,446.2,531.6,181.8,29.82,232.06,55.0,3.4438
2026-03-30T23:00:00Z,8.5,40.1,0.0,36.9,52.1,294.6,368.2,157.2,21.91,246.21,10.0,2.0926
2026-03-31T00:00:00Z,10.5,21.6,0.0,8.7,12.8,148.3,387.9,60.2,13.13,258.95,15.0,1.0678
2026-03-31T01:00:00Z,8.8,21.8,0.0,5.7,7.4,22.5,141.6,12.7,3.96,270.93,30.0,0.128
2026-03-31T02:00:00Z,5.9,41.2,0.0,8.4,13.6,0.0,0.0,0.0,-5.19,282.8,45.0,0.0
2026-03-31T03:00:00Z,7.2,52.0,0.0,8.4,11.7,0.0,0.0,0.0,-13.89,295.16,30.0,0.0
2026-03-31T04:00:00Z,4.4,17.6,0.0,8.3,13.5,0.0,0.0,0.0,-21.72,308.58,10.0,0.0
2026-03-31T05:00:00Z,3.1,17.9,0.0,9.1,13.6,0.0,0.0,0.0,-28.11,323.53,75.0,0.0
2026-03-31T06:00:00Z,2.2,28.4,0.0,10.3,14.2,0.0,0.0,0.0,-32.46,340.14,70.0,0.0
2026-03-31T07:00:00Z,2.0,25.7,0.0,12.0,18.6,0.0,0.0,0.0,-34.2,357.96,35.0,0.0
2026-03-31T08:00:00Z,-1.2,19.0,0.0,9.3,14.4,0.0,0.0,0.0,-33.07,15.91,70.0,0.0
2026-03-31T09:00:00Z,-1.5,31.1,0.0,8.9,13.0,0.0,0.0,0.0,-29.23,32.85,70.0,0.0
2026-03-31T10:00:00Z,-1.0,27.4,0.0,11.7,16.4,0.0,0.0,0.0,-23.22,48.15,0.0,0.0
2026-03-31T11:00:00Z,-0.4,31.0,0.0,9.3,13.6,0.0,0.0,0.0,-15.65,61.86,15.0,0.0
2026-03-31T12:00:00Z,-1.8,29.4,0.0,12.0,19.0,0.0,0.0,0.0,-7.07,74.39,60.0,0.0
2026-03-31T13:00:00Z,-1.9,38.9,0.0,8.5,15.1,8.0,53.2,6.1,2.03,86.3,15.0,0.047
2026-03-31T14:00:00Z,0.7,22.6,0.0,13.9,21.1,117.9,346.1,50.3,11.26,98.18,75.0,0.6998
2026-03-31T15:00:00Z,0.9,42.7,0.0,7.1,10.0,262.2,336.4,146.0,20.2,110.66,55.0,1.8744
2026-03-31T16:00:00Z,4.3,16.9,0.0,11.1,16.5,423.0,604.4,135.6,28.39,124.43,90.0,2.593
2026-03-31T17:00:00Z,5.0,40.8,0.0,8.6,15.0,527.2,432.3,277.8,35.24,140.13,35.0,3.8928
2026-03-31T18:00:00Z,7.4,19.6,0.0,5.0,6.9,626.6,647.4,210.4,40.01,158.09,50.0,4.9903
2026-03-31T19:00:00Z,6.7,36.8,0.0,7.9,10.6,644.1,491.4,315.6,41.96,177.79,40.0,4.8318
2026-03-31T20:00:00Z,11.7,11.9,0.0,9.0,15.6,640.1,726.8,165.9,40.72,197.7,5.0,4.003
2026-03-31T21:00:00Z,9.5,11.1,0.0,4.9,7.4,569.3,712.0,145.3,36.55,216.14,65.0,4.3212
2026-03-31T22:00:00Z,8.8,49.5,0.0,9.4,12.3,424.1,339.9,253.5,30.12,232.35,65.0,2.673
2026-03-31T23:00:00Z,7.9,27.0,0.0,9.0,12.9,307.1,468.9,130.0,22.19,246.52,45.0,2.3161
2026-04-01T00:00:00Z,8.4,38.3,0.0,11.9,16.8,148.9,294.6,80.7,13.39,259.25,85.0,0.7486
2026-04-01T01:00:00Z,8.7,52.9,0.0,8.8,13.6,22.7,82.2,16.7,4.21,271.23,60.0,0.0995
2026-04-01T02:00:00Z,9.6,38.8,0.0,8.4,12.5,0.0,0.0,0.0,-4.92,283.09,10.0,0.0
2026-04-01T03:00:00Z,6.5,43.1,0.0,14.3,18.9,0.0,0.0,0.0,-13.62,295.45,15.0,0.0
2026-04-01T04:00:00Z,4.5,58.4,0.0,11.2,16.8,0.0,0.0,0.0,-21.42,308.86,90.0,0.0
2026-04-01T05:00:00Z,2.7,44.9,0.0,8.1,13.4,0.0,0.0,0.0,-27.78,323.77,55.0,0.0
2026-04-01T06:00:00Z,2.2,44.5,0.0,13.1,22.0,0.0,0.0,0.0,-32.1,340.33,40.0,0.0
2026-04-01T07:00:00Z,1.6,32.7,0.0,16.4,22.5,0.0,0.0,0.0,-33.81,358.07,50.0,0.0
2026-04-01T08:00:00Z,0.4,45.2,0.0,9.8,16.0,0.0,0.0,0.0,-32.67,15.93,55.0,0.0
2026-04-01T09:00:00Z,-0.1,33.4,0.0,12.6,19.2,0.0,0.0,0.0,-28.84,32.78,80.0,0.0
2026-04-01T10:00:00Z,-1.7,50.8,0.0,11.4,16.3,0.0,0.0,0.0,-22.84,48.03,5.0,0.0
2026-04-01T11:00:00Z,1.3,45.1,0.0,13.7,21.1,0.0,0.0,0.0,-15.28,61.71,40.0,0.0
2026-04-01T12:00:00Z,0.9,37.4,0.0,10.8,18.4,0.0,0.0,0.0,-6.72,74.22,25.0,0.0
2026-04-01T13:00:00Z,-1.1,32.8,0.0,10.6,18.1,10.2,70.1,7.3,2.38,86.12,60.0,0.0411
2026-04-01T14:00:00Z,1.9,44.9,0.0,11.7,19.6,118.0,234.8,70.7,11.61,98.0,80.0,0.5931
2026-04-01T15:00:00Z,3.0,54.5,0.0,11.5,17.2,253.5,257.3,163.1,20.56,110.49,45.0,1.8039
2026-04-01T16:00:00Z,3.7,47.5,0.0,11.4,16.2,404.9,350.1,236.4,28.77,124.28,5.0,2.6846
2026-04-01T17:00:00Z,6.2,41.8,0.0,12.2,18.6,532.1,425.1,284.5,35.63,140.03,85.0,3.154
2026-04-01T18:00:00Z,6.0,41.5,0.0,10.4,14.1,611.1,443.1,323.9,40.4,158.07,90.0,3.3782
2026-04-01T19:00:00Z,6.7,49.5,0.0,7.7,10.2,621.2,376.4,367.7,42.35,177.88,55.0,4.5204
2026-04-01T20:00:00Z,7.4,33.6,0.0,7.5,11.6,634.6,518.9,293.6,41.09,197.9,55.0,4.6427
2026-04-01T21:00:00Z,9.9,33.6,0.0,10.2,14.8,564.8,503.3,262.7,36.88,216.41,55.0,4.2025
2026-04-01T22:00:00Z,7.7,77.5,0.2,11.8,16.1,315.4,129.2,250.0,30.42,232.65,0.0,2.1255
2026-04-01T23:00:00Z,9.9,58.5,0.0,16.0,25.0,276.6,239.2,185.2,22.46,246.83,15.0,1.9659
2026-04-02T00:00:00Z,9.3,42.2,0.0,19.5,28.1,151.3,275.6,86.3,13.65,259.56,65.0,0.9185
2026-04-02T01:00:00Z,9.3,48.4,0.0,16.9,25.3,25.6,97.3,18.0,4.47,271.53,70.0,0.0947
2026-04-02T02:00:00Z,9.1,35.9,0.0,13.5,24.3,0.0,0.0,0.0,-4.66,283.39,10.0,0.0
2026-04-02T03:00:00Z,6.6,54.6,0.0,14.0,24.7,0.0,0.0,0.0,-13.34,295.74,75.0,0.0
2026-04-02T04:00:00Z,4.4,50.9,0.0,13.9,21.7,0.0,0.0,0.0,-21.11,309.13,45.0,0.0
2026-04-02T05:00:00Z,4.3,54.4,0.0,17.4,28.3,0.0,0.0,0.0,-27.45,324.02,55.0,0.0
2026-04-02T06:00:00Z,0.7,38.0,0.0,17.0,26.7,0.0,0.0,0.0,-31.73,340.52,15.0,0.0
2026-04-02T07:00:00Z,-0.1,33.9,0.0,21.3,38.0,0.0,0.0,0.0,-33.43,358.17,35.0,0.0
2026-04-02T08:00:00Z,0.9,40.9,0.0,14.9,26.4,0.0,0.0,0.0,-32.28,15.94,90.0,0.0
2026-04-02T09:00:00Z,0.2,70.3,0.0,15.2,26.8,0.0,0.0,0.0,-28.45,32.72,15.0,0.0
2026-04-02T10:00:00Z,-2.3,56.2,0.0,12.5,17.5,0.0,0.0,0.0,-22.46,47.92,30.0,0.0
2026-04-02T11:00:00Z,-1.5,59.5,0.0,15.1,26.2,0.0,0.0,0.0,-14.91,61.56,0.0,0.0
2026-04-02T12:00:00Z,-1.3,56.5,0.0,13.9,19.2,0.0,0.0,0.0,-6.36,74.06,15.0,0.0
2026-04-02T13:00:00Z,-1.2,60.8,0.0,15.4,25.4,10.9,42.3,8.9,2.74,85.94,70.0,0.0461
2026-04-02T14:00:00Z,-0.4,56.2,0.0,18.0,27.0,116.1,181.7,78.4,11.96,97.82,90.0,0.5202
2026-04-02T15:00:00Z,1.4,76.3,0.0,10.8,15.5,201.1,118.6,158.7,20.92,110.32,0.0,1.3698
2026-04-02T16:00:00Z,2.5,61.0,0.0,14.0,21.1,376.2,246.0,256.4,29.14,124.14,60.0,2.4195
2026-04-02T17:00:00Z,7.1,46.0,0.0,16.8,22.9,530.4,390.3,300.9,36.01,139.93,60.0,3.6353
2026-04-02T18:00:00Z,6.5,54.9,0.0,19.7,28.2,578.9,325.3,366.4,40.79,158.05,20.0,4.0172
2026-04-02T19:00:00Z,6.7,62.1,0.0,17.8,26.1,573.6,267.6,392.0,42.73,177.98,45.0,3.6907
2026-04-02T20:00:00Z,7.6,55.7,0.0,17.1,23.5,585.7,320.1,373.8,41.45,198.1,5.0,3.7092
2026-04-02T21:00:00Z,8.9,65.2,0.0,15.5,22.6,479.3,232.5,338.7,37.21,216.68,80.0,2.6751
2026-04-02T22:00:00Z,11.4,41.9,0.0,20.4,28.9,447.9,404.8,241.1,30.72,232.95,85.0,2.4484
2026-04-02T23:00:00Z,10.9,54.0,0.0,14.9,20.3,290.3,272.3,185.1,22.73,247.13,90.0,1.409
2026-04-03T00:00:00Z,8.3,63.0,0.0,41.4,67.6,136.8,163.4,97.5,13.9,259.86,25.0,0.9394
2026-04-03T01:00:00Z,10.4,26.7,0.0,55.3,87.7,29.7,156.6,16.8,4.72,271.83,15.0,0.18
2026-04-03T02:00:00Z,9.1,71.4,0.0,44.5,72.6,0.0,0.0,0.0,-4.4,283.68,15.0,0.0
2026-04-03T03:00:00Z,6.3,63.2,0.0,56.0,74.3,0.0,0.0,0.0,-13.06,296.02,75.0,0.0
2026-04-03T04:00:00Z,5.3,68.0,0.0,46.4,70.2,0.0,0.0,0.0,-20.81,309.4,0.0,0.0
2026-04-03T05:00:00Z,3.0,47.1,0.0,38.8,51.2,0.0,0.0,0.0,-27.12,324.25,55.0,0.0
2026-04-03T06:00:00Z,3.0,67.1,0.0,39.9,60.1,0.0,0.0,0.0,-31.37,340.7,75.0,0.0
2026-04-03T07:00:00Z,0.7,46.1,0.0,54.2,81.2,0.0,0.0,0.0,-33.05,358.27,0.0,0.0
2026-04-03T08:00:00Z,0.2,69.5,0.0,31.0,54.7,0.0,0.0,0.0,-31.88,15.96,50.0,0.0
2026-04-03T09:00:00Z,0.1,46.0,0.0,35.7,57.1,0.0,0.0,0.0,-28.06,32.66,60.0,0.0
2026-04-03T10:00:00Z,-0.2,59.6,0.0,53.8,77.5,0.0,0.0,0.0,-22.08,47.8,60.0,0.0
2026-04-03T11:00:00Z,-0.7,59.3,0.0,33.9,46.2,0.0,0.0,0.0,-14.55,61.41,90.0,0.0
2026-04-03T12:00:00Z,0.8,52.0,0.0,40.0,65.6,0.0,0.0,0.0,-6.0,73.89,5.0,0.0
2026-04-03T13:00:00Z,-0.4,66.9,0.0,54.0,91.6,12.3,39.1,10.2,3.09,85.77,90.0,0.0436
2026-04-03T14:00:00Z,0.7,46.0,0.0,37.1,64.0,128.2,238.2,77.4,12.32,97.64,10.0,0.8979
2026-04-03T15:00:00Z,3.1,45.7,0.0,48.1,74.0,277.8,322.7,160.7,21.28,110.15,45.0,1.9419
2026-04-03T16:00:00Z,1.8,86.7,0.0,46.7,78.9,238.8,67.9,205.4,29.51,123.99,0.0,1.6299
2026-04-03T17:00:00Z,6.2,49.8,0.0,31.3,49.0,527.3,358.4,314.6,36.4,139.83,35.0,3.6884
2026-04-03T18:00:00Z,6.8,38.6,0.0,39.8,51.9,628.9,472.3,317.9,41.18,158.04,55.0,4.6743
2026-04-03T19:00:00Z,7.7,37.2,0.0,48.3,70.1,661.9,490.8,326.4,43.12,178.07,30.0,4.8104
2026-04-03T20:00:00Z,10.1,64.3,0.0,49.5,83.4,548.2,247.2,383.4,41.81,198.3,40.0,3.6851
2026-04-03T21:00:00Z,9.5,50.9,0.0,59.5,98.6,542.4,352.0,327.9,37.54,216.95,85.0,3.0279
2026-04-03T22:00:00Z,10.2,64.0,0.0,64.2,97.4,393.7,228.2,276.1,31.01,233.25,35.0,2.6547
2026-04-03T23:00:00Z,10.6,43.8,0.0,46.2,72.2,310.2,348.4,174.0,23.0,247.44,20.0,2.2026
2026-04-04T00:00:00Z,8.9,66.9,0.0,30.7,48.5,134.6,144.4,99.3,14.16,260.17,80.0,0.6233
2026-04-04T01:00:00Z,8.0,49.1,0.0,22.2,32.6,30.3,106.4,21.1,4.97,272.13,60.0,0.127
2026-04-04T02:00:00Z,6.9,31.5,0.0,28.9,47.8,0.0,0.0,0.0,-4.14,283.98,90.0,0.0
2026-04-04T03:00:00Z,9.0,42.5,0.0,25.6,35.0,0.0,0.0,0.0,-12.79,296.31,40.0,0.0
2026-04-04T04:00:00Z,5.3,40.0,0.0,26.1,41.7,0.0,0.0,0.0,-20.51,309.67,65.0,0.0
2026-04-04T05:00:00Z,3.4,18.3,0.0,29.3,38.6,0.0,0.0,0.0,-26.79,324.49,10.0,0.0
2026-04-04T06:00:00Z,1.4,28.5,0.0,25.8,34.9,0.0,0.0,0.0,-31.01,340.88,35.0,0.0
2026-04-04T07:00:00Z,-0.9,44.0,0.0,22.0,31.7,0.0,0.0,0.0,-32.66,358.38,85.0,0.0
2026-04-04T08:00:00Z,1.1,32.8,0.0,32.9,47.0,0.0,0.0,0.0,-31.49,15.97,5.0,0.0
2026-04-04T09:00:00Z,-1.0,42.0,0.0,19.1,26.4,0.0,0.0,0.0,-27.68,32.6,25.0,0.0
2026-04-04T10:00:00Z,1.0,28.8,0.0,28.4,50.3,0.0,0.0,0.0,-21.71,47.69,75.0,0.0
2026-04-04T11:00:00Z,-0.3,50.0,0.0,16.7,23.6,0.0,0.0,0.0,-14.18,61.27,70.0,0.0
2026-04-04T12:00:00Z,0.7,29.0,0.0,25.5,34.3,0.0,0.0,0.0,-5.65,73.72,75.0,0.0
2026-04-04T13:00:00Z,1.7,34.4,0.0,26.6,43.4,17.7,99.4,11.7,3.44,85.59,10.0,0.1157
2026-04-04T14:00:00Z,1.7,28.5,0.0,38.3,61.2,139.8,339.7,65.3,12.67,97.47,20.0,1.0278
2026-04-04T15:00:00Z,2.8,38.0,0.0,40.0,55.8,291.3,381.0,150.8,21.64,109.98,10.0,1.9109
2026-04-04T16:00:00Z,3.7,59.9,0.0,29.4,46.3,391.5,256.6,263.7,29.88,123.84,0.0,2.5843
2026-04-04T17:00:00Z,5.8,36.9,0.0,23.3,37.6,559.1,473.3,275.7,36.78,139.73,80.0,3.3761
2026-04-04T18:00:00Z,6.9,35.1,0.0,29.2,48.2,640.5,506.5,304.4,41.57,158.02,25.0,4.8233
2026-04-04T19:00:00Z,6.8,36.8,0.0,23.4,38.2,668.5,496.1,327.0,43.5,178.17,70.0,4.6234
2026-04-04T20:00:00Z,8.9,28.2,0.0,28.2,48.5,657.6,573.4,272.6,42.17,198.5,45.0,4.8186
2026-04-04T21:00:00Z,9.7,26.5,0.0,32.5,52.3,587.4,573.0,235.7,37.86,217.22,5.0,3.7584
2026-04-04T22:00:00Z,8.8,30.3,0.0,22.9,35.7,470.5,506.5,207.3,31.3,233.55,40.0,3.2564
2026-04-04T23:00:00Z,8.7,31.5,0.0,16.6,22.3,324.9,443.9,149.5,23.27,247.75,0.0,2.0946
2026-04-05T00:00:00Z,9.7,46.7,0.0,9.1,16.0,161.2,258.6,96.8,14.42,260.47,60.0,1.0035
2026-04-05T01:00:00Z,8.4,41.2,0.0,7.3,11.3,34.0,132.6,21.9,5.23,272.43,55.0,0.1421
2026-04-05T02:00:00Z,8.8,59.6,0.0,10.0,16.6,0.0,0.0,0.0,-3.88,284.27,80.0,0.0
2026-04-05T03:00:00Z,8.3,61.1,0.0,4.8,8.0,0.0,0.0,0.0,-12.51,296.59,50.0,0.0
2026-04-05T04:00:00Z,5.8,50.0,0.0,7.0,10.7,0.0,0.0,0.0,-20.22,309.94,45.0,0.0
2026-04-05T05:00:00Z,3.8,73.9,0.0,5.4,9.6,0.0,0.0,0.0,-26.46,324.72,15.0,0.0
2026-04-05T06:00:00Z,2.9,53.9,0.0,9.9,14.7,0.0,0.0,0.0,-30.66,341.06,0.0,0.0
2026-04-05T07:00:00Z,2.9,61.3,0.0,7.4,10.1,0.0,0.0,0.0,-32.28,358.47,5.0,0.0
2026-04-05T08:00:00Z,0.5,63.1,0.0,10.3,17.6,0.0,0.0,0.0,-31.1,15.98,35.0,0.0
2026-04-05T09:00:00Z,-0.9,47.4,0.0,8.1,14.3,0.0,0.0,0.0,-27.29,32.54,55.0,0.0
2026-04-05T10:00:00Z,-0.0,64.0,0.0,9.0,14.5,0.0,0.0,0.0,-21.33,47.57,75.0,0.0
2026-04-05T11:00:00Z,0.3,71.3,0.0,8.3,13.4,0.0,0.0,0.0,-13.82,61.12,0.0,0.0
2026-04-05T12:00:00Z,0.2,71.3,0.0,8.1,10.9,0.0,0.0,0.0,-5.3,73.56,10.0,0.0
2026-04-05T13:00:00Z,-0.9,70.9,0.0,7.6,13.2,16.1,41.4,13.4,3.78,85.42,50.0,0.0821
2026-04-05T14:00:00Z,0.2,82.4,0.3,8.3,10.8,89.9,64.2,75.4,13.01,97.29,75.0,0.4595
2026-04-05T15:00:00Z,1.0,81.2,0.0,9.4,16.4,192.9,91.5,158.6,21.99,109.81,30.0,1.2773
2026-04-05T16:00:00Z,4.3,41.3,0.0,7.3,11.3,440.5,407.5,235.3,30.24,123.69,80.0,2.6885
2026-04-05T17:00:00Z,7.5,41.2,0.0,4.3,7.1,558.7,435.8,295.5,37.16,139.63,85.0,3.2545
2026-04-05T18:00:00Z,5.8,60.4,0.0,8.1,13.1,571.7,280.7,384.0,41.96,158.0,25.0,3.9866
2026-04-05T19:00:00Z,8.7,42.7,0.0,10.6,17.4,662.9,441.5,356.9,43.88,178.26,80.0,4.1147
2026-04-05T20:00:00Z,8.2,60.3,0.0,7.9,13.1,580.3,282.5,389.3,42.53,198.71,5.0,3.6642
2026-04-05T21:00:00Z,9.4,46.9,0.0,9.4,13.6,563.6,388.3,323.5,38.19,217.49,80.0,3.2703
2026-04-05T22:00:00Z,8.1,92.4,0.4,7.6,9.9,205.4,35.5,186.8,31.59,233.85,80.0,0.9089
2026-04-05T23:00:00Z,11.0,47.5,0.0,7.8,12.6,314.8,324.2,185.3,23.54,248.05,90.0,1.5487
2026-04-06T00:00:00Z,7.9,87.5,0.0,13.5,17.9,91.5,45.6,80.0,14.67,260.77,80.0,0.41
2026-04-06T01:00:00Z,8.5,46.4,0.0,13.2,20.4,35.9,124.0,24.1,5.48,272.72,10.0,0.2301
2026-04-06T02:00:00Z,8.4,51.2,0.0,15.4,22.1,0.0,0.0,0.0,-3.63,284.56,70.0,0.0
2026-04-06T03:00:00Z,7.1,62.1,0.0,17.5,22.9,0.0,0.0,0.0,-12.24,296.87,30.0,0.0
2026-04-06T04:00:00Z,7.3,64.5,0.0,16.1,26.2,0.0,0.0,0.0,-19.92,310.2,65.0,0.0
2026-04-06T05:00:00Z,3.9,60.2,0.0,14.1,20.4,0.0,0.0,0.0,-26.13,324.96,0.0,0.0
2026-04-06T06:00:00Z,2.8,82.1,0.0,14.7,21.6,0.0,0.0,0.0,-30.3,341.23,55.0,0.0
2026-04-06T07:00:00Z,2.5,70.5,0.0,19.6,34.6,0.0,0.0,0.0,-31.91,358.57,15.0,0.0
2026-04-06T08:00:00Z,-0.6,50.5,0.0,20.4,27.6,0.0,0.0,0.0,-30.72,16.0,80.0,0.0
2026-04-06T09:00:00Z,1.0,48.8,0.0,14.8,25.4,0.0,0.0,0.0,-26.91,32.48,5.0,0.0
2026-04-06T10:00:00Z,-0.8,66.2,0.0,16.9,24.1,0.0,0.0,0.0,-20.96,47.46,10.0,0.0
2026-04-06T11:00:00Z,-0.2,49.6,0.0,21.0,33.8,0.0,0.0,0.0,-13.46,60.97,50.0,0.0
2026-04-06T12:00:00Z,-0.1,50.1,0.0,19.3,34.4,0.0,0.0,0.0,-4.94,73.39,45.0,0.0
2026-04-06T13:00:00Z,0.1,68.3,0.0,15.6,27.9,19.2,50.1,15.6,4.13,85.24,90.0,0.0688
2026-04-06T14:00:00Z,1.9,44.8,0.0,17.1,25.8,145.3,257.6,85.8,13.36,97.11,85.0,0.6523
2026-04-06T15:00:00Z,2.7,66.4,0.0,21.3,34.8,254.5,185.7,183.9,22.34,109.64,30.0,1.755
2026-04-06T16:00:00Z,4.1,39.7,0.0,20.7,32.9,449.0,422.3,234.0,30.61,123.54,70.0,2.988
2026-04-06T17:00:00Z,5.7,70.3,0.0,20.4,28.8,453.9,192.7,336.5,37.54,139.52,65.0,2.5872
2026-04-06T18:00:00Z,6.0,61.5,0.0,16.7,25.1,571.2,271.6,388.2,42.35,157.98,75.0,3.3969
2026-04-06T19:00:00Z,9.8,74.2,0.0,16.4,28.1,507.7,169.7,389.3,44.26,178.36,20.0,3.2667
2026-04-06T20:00:00Z,9.4,59.2,0.0,18.6,25.7,590.8,292.7,391.6,42.89,198.91,30.0,4.2495
2026-04-06T21:00:00Z,11.3,46.2,0.0,23.6,39.5,570.6,396.2,323.9,38.51,217.77,70.0,3.654
2026-04-06T22:00:00Z,11.4,58.2,0.0,15.7,23.9,429.0,275.7,283.4,31.88,234.15,20.0,2.8051
2026-04-06T23:00:00Z,9.3,70.8,0.0,19.0,30.1,260.9,161.0,195.9,23.81,248.36,80.0,1.3158
2026-04-07T00:00:00Z,10.8,31.3,0.0,9.7,13.4,176.9,357.2,84.9,14.92,261.07,5.0,1.1797
2026-04-07T01:00:00Z,7.7,28.7,0.0,6.5,9.2,40.4,182.1,22.2,5.73,273.02,90.0,0.1006
2026-04-07T02:00:00Z,6.8,41.3,0.0,10.1,15.8,0.0,0.0,0.0,-3.37,284.85,90.0,0.0
2026-04-07T03:00:00Z,9.3,38.7,0.0,9.0,15.9,0.0,0.0,0.0,-11.97,297.15,50.0,0.0
2026-04-07T04:00:00Z,6.7,33.9,0.0,7.3,10.7,0.0,0.0,0.0,-19.62,310.46,15.0,0.0
2026-04-07T05:00:00Z,2.2,38.7,0.0,9.9,17.3,0.0,0.0,0.0,-25.81,325.18,50.0,0.0
2026-04-07T06:00:00Z,4.6,40.2,0.0,7.8,11.9,0.0,0.0,0.0,-29.94,341.4,55.0,0.0
2026-04-07T07:00:00Z,3.1,30.8,0.0,9.0,12.7,0.0,0.0,0.0,-31.53,358.67,65.0,0.0
2026-04-07T08:00:00Z,1.8,29.2,0.0,8.0,14.2,0.0,0.0,0.0,-30.33,16.01,55.0,0.0
2026-04-07T09:00:00Z,0.1,38.3,0.0,5.3,7.6,0.0,0.0,0.0,-26.53,32.42,55.0,0.0
2026-04-07T10:00:00Z,-0.5,28.2,0.0,11.1,18.8,0.0,0.0,0.0,-20.59,47.35,30.0,0.0
2026-04-07T11:00:00Z,0.5,42.2,0.0,7.8,12.7,0.0,0.0,0.0,-13.1,60.83,5.0,0.0
2026-04-07T12:00:00Z,1.2,53.2,0.0,10.7,17.4,0.0,0.0,0.0,-4.6,73.23,40.0,0.0
2026-04-07T13:00:00Z,0.5,34.1,0.0,5.9,10.2,26.9,130.6,16.7,4.47,85.07,35.0,0.1257
2026-04-07T14:00:00Z,0.8,43.5,0.0,8.4,14.8,151.6,268.9,87.9,13.7,96.94,20.0,1.0969
2026-04-07T15:00:00Z,2.9,38.8,0.0,9.6,14.0,309.6,383.3,161.7,22.69,109.47,30.0,2.1077
2026-04-07T16:00:00Z,4.6,44.9,0.0,13.2,23.2,447.5,380.9,251.5,30.97,123.39,90.0,2.2531
2026-04-07T17:00:00Z,5.6,36.7,0.0,9.3,14.8,578.4,479.4,283.8,37.91,139.42,65.0,3.7905
2026-04-07T18:00:00Z,8.1,57.6,0.0,9.7,14.5,595.7,305.4,388.5,42.73,157.96,25.0,4.0222
2026-04-07T19:00:00Z,10.5,14.4,0.0,10.4,17.0,703.0,717.7,198.7,44.64,178.46,20.0,4.7979
2026-04-07T20:00:00Z,8.4,34.0,0.0,10.4,15.8,668.4,521.3,311.3,43.24,199.12,60.0,4.6247
2026-04-07T21:00:00Z,9.7,46.3,0.0,12.5,17.5,575.3,395.4,327.4,38.83,218.04,0.0,3.606
2026-04-07T22:00:00Z,9.9,46.5,0.0,5.5,9.3,464.9,371.9,266.9,32.17,234.45,70.0,2.5925
2026-04-07T23:00:00Z,10.2,44.6,0.0,12.3,17.3,327.9,348.9,185.6,24.07,248.66,5.0,2.1835
2026-04-08T00:00:00Z,10.3,36.2,0.0,20.9,31.6,179.4,330.2,93.0,15.18,261.37,70.0,0.983
2026-04-08T01:00:00Z,9.8,34.5,0.0,17.8,29.0,42.9,171.2,25.1,5.98,273.31,80.0,0.1182
2026-04-08T02:00:00Z,8.4,45.2,0.0,25.2,33.3,0.0,0.0,0.0,-3.11,285.13,20.0,0.0
2026-04-08T03:00:00Z,8.7,18.3,0.0,19.8,34.4,0.0,0.0,0.0,-11.69,297.43,80.0,0.0
2026-04-08T04:00:00Z,6.2,24.3,0.0,10.1,16.8,0.0,0.0,0.0,-19.32,310.72,60.0,0.0
2026-04-08T05:00:00Z,4.1,34.9,0.0,26.5,35.6,0.0,0.0,0.0,-25.48,325.41,15.0,0.0
2026-04-08T06:00:00Z,3.0,25.2,0.0,19.3,30.0,0.0,0.0,0.0,-29.59,341.57,30.0,0.0
2026-04-08T07:00:00Z,2.5,17.9,0.0,16.6,28.8,0.0,0.0,0.0,-31.15,358.76,90.0,0.0
2026-04-08T08:00:00Z,1.4,34.8,0.0,13.1,21.6,0.0,0.0,0.0,-29.95,16.02,85.0,0.0
2026-04-08T09:00:00Z,-0.4,42.1,0.0,18.0,31.2,0.0,0.0,0.0,-26.15,32.35,75.0,0.0
2026-04-08T10:00:00Z,-1.0,23.9,0.0,20.4,32.2,0.0,0.0,0.0,-20.22,47.24,5.0,0.0
2026-04-08T11:00:00Z,1.5,28.4,0.0,16.3,27.9,0.0,0.0,0.0,-12.74,60.69,20.0,0.0
2026-04-08T12:00:00Z,2.1,21.6,0.0,17.5,23.1,0.0,0.0,0.0,-4.25,73.07,20.0,0.0
2026-04-08T13:00:00Z,0.7,24.6,0.0,25.1,34.8,30.7,165.1,16.8,4.81,84.9,0.0,0.218
2026-04-08T14:00:00Z,3.3,21.6,0.0,20.8,29.5,163.8,404.5,65.6,14.05,96.76,55.0,0.9827
2026-04-08T15:00:00Z,1.9,49.6,0.0,16.3,28.2,302.9,305.4,183.4,23.04,109.29,35.0,2.1521
2026-04-08T16:00:00Z,7.2,11.5,0.0,20.9,35.4,476.9,675.0,125.9,31.33,123.23,40.0,3.7332
2026-04-08T17:00:00Z,7.1,28.3,0.0,18.5,32.2,593.2,557.4,247.9,38.28,139.31,30.0,4.6119
2026-04-08T18:00:00Z,7.3,22.8,0.0,25.1,44.4,676.2,629.3,246.1,43.12,157.94,0.0,4.1897
2026-04-08T19:00:00Z,8.7,28.0,0.0,19.6,25.4,702.6,584.3,289.3,45.02,178.55,55.0,5.069
2026-04-08T20:00:00Z,10.1,13.3,0.0,19.4,26.4,686.6,724.5,187.0,43.59,199.32,0.0,4.2616
2026-04-08T21:00:00Z,9.2,48.8,0.0,21.4,31.6,574.1,375.0,337.3,39.15,218.31,20.0,4.0102
2026-04-08T22:00:00Z,10.6,37.2,0.0,18.0,28.5,484.5,452.6,241.6,32.46,234.75,85.0,2.4927
2026-04-08T23:00:00Z,11.4,30.3,0.0,16.7,25.4,344.8,461.3,154.7,24.34,248.97,65.0,2.2512
2026-04-09T00:00:00Z,12.6,0,0.0,11.9,20.0,188.2,571.3,36.2,15.43,261.67,25.0,1.2615
2026-04-09T01:00:00Z,7.9,21.8,0.0,10.5,17.1,46.5,219.4,22.7,6.23,273.6,35.0,0.2293
2026-04-09T02:00:00Z,8.2,35.7,0.0,9.4,15.2,0.0,0.0,0.0,-2.86,285.42,70.0,0.0
2026-04-09T03:00:00Z,7.9,19.2,0.0,8.7,11.5,0.0,0.0,0.0,-11.42,297.7,15.0,0.0
2026-04-09T04:00:00Z,6.5,23.2,0.0,10.8,17.5,0.0,0.0,0.0,-19.03,310.97,60.0,0.0
2026-04-09T05:00:00Z,5.7,6.7,0.0,10.5,17.3,0.0,0.0,0.0,-25.15,325.63,85.0,0.0
2026-04-09T06:00:00Z,3.4,11.6,0.0,11.9,16.2,0.0,0.0,0.0,-29.24,341.74,40.0,0.0
2026-04-09T07:00:00Z,1.3,30.5,0.0,7.8,12.8,0.0,0.0,0.0,-30.78,358.85,70.0,0.0
2026-04-09T08:00:00Z,1.5,30.9,0.0,5.4,7.9,0.0,0.0,0.0,-29.57,16.03,10.0,0.0
2026-04-09T09:00:00Z,-0.5,14.6,0.0,8.0,13.9,0.0,0.0,0.0,-25.77,32.29,50.0,0.0
2026-04-09T10:00:00Z,1.5,37.4,0.0,7.0,12.3,0.0,0.0,0.0,-19.85,47.13,70.0,0.0
2026-04-09T11:00:00Z,-0.1,9.0,0.0,7.6,10.3,0.0,0.0,0.0,-12.39,60.54,10.0,0.0
2026-04-09T12:00:00Z,1.6,34.1,0.0,8.4,12.1,0.0,0.0,0.0,-3.9,72.9,45.0,0.0
2026-04-09T13:00:00Z,1.8,12.3,0.0,7.4,10.8,34.4,211.4,15.4,5.15,84.72,90.0,0.0802
2026-04-09T14:00:00Z,3.1,47.1,0.0,8.6,12.0,160.4,255.9,96.8,14.39,96.58,5.0,1.0664
2026-04-09T15:00:00Z,4.9,3.1,0.0,11.1,17.8,331.9,673.8,64.4,23.39,109.12,65.0,2.4561
2026-04-09T16:00:00Z,6.9,24.8,0.0,7.6,13.3,480.4,557.5,187.6,31.69,123.08,5.0,3.1712
2026-04-09T17:00:00Z,8.2,7.3,0.0,8.4,13.7,605.7,761.5,130.0,38.66,139.2,20.0,4.5071
2026-04-09T18:00:00Z,9.7,21.9,0.0,6.4,11.5,682.6,639.1,242.7,43.5,157.92,35.0,4.9366
2026-04-09T19:00:00Z,10.3,0,0.0,12.2,19.8,715.5,868.9,96.9,45.39,178.65,75.0,5.0412
2026-04-09T20:00:00Z,9.8,38.0,0.0,9.1,15.3,673.4,485.7,336.3,43.94,199.53,45.0,4.6293
2026-04-09T21:00:00Z,12.1,7.8,0.0,9.6,15.7,619.3,760.4,136.0,39.46,218.58,5.0,4.0205
2026-04-09T22:00:00Z,10.0,22.6,0.0,7.5,10.0,500.1,583.5,184.5,32.74,235.05,0.0,3.1455
2026-04-09T23:00:00Z,11.8,6.3,0.0,6.8,11.0,354.1,661.3,78.8,24.6,249.27,60.0,2.542
2026-04-10T00:00:00Z,11.9,16.7,0.0,17.0,26.7,192.2,463.1,67.1,15.68,261.97,85.0,0.8008
2026-04-10T01:00:00Z,11.9,11.9,0.0,13.9,19.7,49.8,262.1,20.2,6.47,273.89,85.0,0.1048
2026-04-10T02:00:00Z,9.1,0.2,0.0,16.5,27.6,0.0,0.0,0.0,-2.6,285.7,15.0,0.0
2026-04-10T03:00:00Z,8.6,36.0,0.0,15.9,23.4,0.0,0.0,0.0,-11.15,297.97,15.0,0.0
2026-04-10T04:00:00Z,7.9,0,0.0,10.9,15.5,0.0,0.0,0.0,-18.73,311.23,15.0,0.0
2026-04-10T05:00:00Z,5.3,24.9,0.0,13.5,22.8,0.0,0.0,0.0,-24.83,325.85,50.0,0.0
2026-04-10T06:00:00Z,3.5,32.1,0.0,15.1,25.7,0.0,0.0,0.0,-28.89,341.9,60.0,0.0
2026-04-10T07:00:00Z,2.6,15.5,0.0,10.9,17.4,0.0,0.0,0.0,-30.41,358.94,35.0,0.0
2026-04-10T08:00:00Z,2.3,16.5,0.0,12.1,21.6,0.0,0.0,0.0,-29.19,16.04,75.0,0.0
2026-04-10T09:00:00Z,2.6,22.2,0.0,12.8,22.9,0.0,0.0,0.0,-25.39,32.23,85.0,0.0
2026-04-10T10:00:00Z,0.7,13.7,0.0,10.7,17.7,0.0,0.0,0.0,-19.49,47.01,90.0,0.0
2026-04-10T11:00:00Z,0.0,15.2,0.0,12.7,21.3,0.0,0.0,0.0,-12.04,60.4,65.0,0.0
2026-04-10T12:00:00Z,1.3,20.6,0.0,15.9,23.0,0.0,0.0,0.0,-3.56,72.74,60.0,0.0
2026-04-10T13:00:00Z,1.0,0,0.0,11.2,16.3,38.1,262.6,13.0,5.49,84.55,60.0,0.0836
2026-04-10T14:00:00Z,2.5,6.5,0.0,13.2,21.2,176.0,513.3,45.5,14.72,96.4,85.0,0.7905
2026-04-10T15:00:00Z,4.8,0,0.0,13.9,22.7,338.2,704.2,54.8,23.73,108.95,90.0,1.7783
2026-04-10T16:00:00Z,6.2,16.0,0.0,6.7,10.8,489.2,638.6,150.4,32.04,122.92,15.0,3.5227
2026-04-10T17:00:00Z,8.7,22.6,0.0,16.6,26.3,609.1,614.8,222.0,39.02,139.09,75.0,3.8491
2026-04-10T18:00:00Z,9.6,11.8,0.0,15.1,20.2,691.3,740.9,177.8,43.87,157.9,0.0,4.2008
2026-04-10T19:00:00Z,11.4,10.3,0.0,15.6,21.1,721.1,763.8,173.8,45.77,178.74,50.0,5.7385
2026-04-10T20:00:00Z,10.8,7.0,0.0,15.5,20.4,698.2,791.5,145.5,44.29,199.73,65.0,5.271
2026-04-10T21:00:00Z,12.5,15.5,0.0,8.9,14.0,623.8,686.0,184.9,39.78,218.86,30.0,4.5728
2026-04-10T22:00:00Z,13.0,31.4,0.0,11.0,14.8,500.1,505.9,224.4,33.03,235.35,60.0,3.4438
2026-04-10T23:00:00Z,14.2,4.0,0.0,12.2,20.4,358.8,683.1,71.7,24.86,249.57,25.0,2.752
2026-04-11T00:00:00Z,11.7,29.6,0.0,38.9,55.1,194.6,381.8,89.8,15.92,262.27,0.0,1.2535
2026-04-11T01:00:00Z,9.9,12.1,0.0,35.5,50.0,52.8,270.0,21.2,6.72,274.18,15.0,0.3087
2026-04-11T02:00:00Z,8.7,18.5,0.0,53.8,86.9,0.0,0.0,0.0,-2.35,285.98,45.0,0.0
2026-04-11T03:00:00Z,7.9,0.5,0.0,27.8,47.3,0.0,0.0,0.0,-10.88,298.24,10.0,0.0
2026-04-11T04:00:00Z,7.5,33.2,0.0,44.9,72.1,0.0,0.0,0.0,-18.44,311.48,30.0,0.0
2026-04-11T05:00:00Z,7.0,29.4,0.0,39.6,68.1,0.0,0.0,0.0,-24.51,326.06,10.0,0.0
2026-04-11T06:00:00Z,2.5,10.0,0.0,29.2,49.5,0.0,0.0,0.0,-28.54,342.07,90.0,0.0
2026-04-11T07:00:00Z,3.1,41.2,0.0,47.9,77.0,0.0,0.0,0.0,-30.04,359.03,80.0,0.0
2026-04-11T08:00:00Z,1.5,54.7,0.0,41.6,56.7,0.0,0.0,0.0,-28.81,16.05,80.0,0.0
2026-04-11T09:00:00Z,3.2,30.9,0.0,50.4,71.2,0.0,0.0,0.0,-25.02,32.17,15.0,0.0
2026-04-11T10:00:00Z,-1.3,14.9,0.0,49.6,78.7,0.0,0.0,0.0,-19.13,46.9,25.0,0.0
2026-04-11T11:00:00Z,-0.8,32.2,0.0,41.6,59.2,0.0,0.0,0.0,-11.69,60.26,40.0,0.0
2026-04-11T12:00:00Z,2.2,24.7,0.0,34.8,60.4,0.0,0.0,0.0,-3.22,72.58,35.0,0.0
2026-04-11T13:00:00Z,1.5,3.7,0.0,48.3,83.4,41.9,265.3,15.0,5.83,84.38,85.0,0.082
2026-04-11T14:00:00Z,2.9,28.5,0.0,48.0,84.1,179.8,376.6,82.0,15.06,96.22,5.0,1.1554
2026-04-11T15:00:00Z,2.1,26.3,0.0,45.3,75.7,341.7,491.2,141.3,24.07,108.77,25.0,2.5533
2026-04-11T16:00:00Z,5.6,37.5,0.0,27.1,40.6,483.0,449.6,242.1,32.39,122.77,45.0,3.5685
2026-04-11T17:00:00Z,6.2,3.3,0.0,40.3,57.4,618.2,805.2,107.2,39.39,138.98,10.0,4.2375
2026-04-11T18:00:00Z,8.1,34.0,0.0,46.9,73.3,684.2,524.4,318.3,44.25,157.87,20.0,4.8591
2026-04-11T19:00:00Z,10.9,26.6,0.0,39.9,70.7,720.9,601.4,287.3,46.14,178.84,20.0,4.947
2026-04-11T20:00:00Z,10.1,39.8,0.0,48.3,72.6,680.8,470.9,349.9,44.64,199.94,15.0,4.4564
2026-04-11T21:00:00Z,11.7,23.6,0.0,22.0,35.8,626.4,609.7,233.8,40.09,219.13,15.0,4.4078
2026-04-11T22:00:00Z,11.3,15.1,0.0,32.1,45.6,511.9,654.9,152.3,33.31,235.65,80.0,3.2215
2026-04-11T23:00:00Z,11.9,10.5,0.0,50.9,71.5,363.5,630.5,95.9,25.12,249.87,0.0,2.4718
2026-04-12T00:00:00Z,10.2,55.9,0.0,7.2,11.8,180.3,219.5,119.2,16.17,262.56,0.0,1.1944
2026-04-12T01:00:00Z,8.1,55.2,0.0,9.2,13.2,50.4,124.1,35.3,6.97,274.47,55.0,0.2081
2026-04-12T02:00:00Z,9.2,56.1,0.0,12.6,20.5,0.0,0.0,0.0,-2.09,286.26,20.0,0.0
2026-04-12T03:00:00Z,10.0,53.4,0.0,12.3,17.4,0.0,0.0,0.0,-10.61,298.5,5.0,0.0
2026-04-12T04:00:00Z,5.9,59.6,0.0,10.6,16.6,0.0,0.0,0.0,-18.14,311.72,15.0,0.0
2026-04-12T05:00:00Z,5.6,58.1,0.0,9.0,15.0,0.0,0.0,0.0,-24.19,326.28,50.0,0.0
2026-04-12T06:00:00Z,2.8,83.7,1.2,10.5,17.0,0.0,0.0,0.0,-28.19,342.22,50.0,0.0
2026-04-12T07:00:00Z,3.3,64.4,0.0,7.1,11.4,0.0,0.0,0.0,-29.67,359.11,55.0,0.0
2026-04-12T08:00:00Z,3.1,71.2,0.0,9.3,12.8,0.0,0.0,0.0,-28.44,16.05,0.0,0.0
2026-04-12T09:00:00Z,0.3,37.2,0.0,11.1,15.5,0.0,0.0,0.0,-24.65,32.11,75.0,0.0
2026-04-12T10:00:00Z,1.6,54.8,0.0,9.8,16.3,0.0,0.0,0.0,-18.77,46.79,70.0,0.0
2026-04-12T11:00:00Z,0.6,42.5,0.0,10.7,14.3,0.0,0.0,0.0,-11.34,60.11,15.0,0.0
2026-04-12T12:00:00Z,2.3,67.4,0.0,7.9,13.7,0.0,0.0,0.0,-2.89,72.42,0.0,0.0
2026-04-12T13:00:00Z,1.7,46.0,0.0,6.8,9.5,43.4,139.3,28.5,6.16,84.2,0.0,0.3089
2026-04-12T14:00:00Z,1.7,56.8,0.0,13.0,17.9,166.9,208.1,111.7,15.39,96.04,90.0,0.6378
2026-04-12T15:00:00Z,2.7,70.5,0.0,11.5,19.8,270.4,164.3,202.5,24.41,108.6,10.0,1.9622
2026-04-12T16:00:00Z,5.2,68.8,0.0,9.3,16.3,397.1,196.3,290.9,32.74,122.61,65.0,2.3259
2026-04-12T17:00:00Z,5.4,47.4,0.0,10.5,15.7,587.2,388.3,338.9,39.75,138.87,85.0,3.1192
2026-04-12T18:00:00Z,9.6,67.1,0.0,11.1,17.5,567.5,227.8,407.5,44.62,157.85,5.0,3.6109
2026-04-12T19:00:00Z,8.1,52.6,0.0,15.0,20.4,670.9,357.2,411.8,46.5,178.93,45.0,4.6479
2026-04-12T20:00:00Z,10.1,55.9,0.0,13.9,18.1,635.3,324.2,406.1,44.98,200.15,75.0,3.5917
2026-04-12T21:00:00Z,10.6,55.8,0.0,11.2,18.8,569.5,316.6,364.3,40.4,219.4,5.0,3.805
2026-04-12T22:00:00Z,11.5,51.5,0.0,12.6,17.9,476.9,335.7,291.2,33.58,235.95,20.0,3.3067
2026-04-12T23:00:00Z,9.6,87.2,4.1,7.3,11.0,194.7,61.1,168.5,25.37,250.17,80.0,0.9207
2026-04-13T00:00:00Z,9.3,35.2,0.0,10.5,17.6,201.1,351.3,101.8,16.42,262.85,65.0,1.042
2026-04-13T01:00:00Z,10.2,63.1,0.0,15.0,23.3,49.9,101.2,37.2,7.21,274.75,25.0,0.3064
2026-04-13T02:00:00Z,8.4,58.4,0.0,19.0,34.1,0.0,0.0,0.0,-1.84,286.53,85.0,0.0
2026-04-13T03:00:00Z,8.8,47.1,0.0,21.4,29.9,0.0,0.0,0.0,-10.34,298.77,90.0,0.0
2026-04-13T04:00:00Z,6.8,59.5,0.0,16.0,22.3,0.0,0.0,0.0,-17.85,311.96,90.0,0.0
2026-04-13T05:00:00Z,4.7,44.9,0.0,19.9,30.4,0.0,0.0,0.0,-23.87,326.49,5.0,0.0
2026-04-13T06:00:00Z,2.9,59.9,0.0,15.7,27.9,0.0,0.0,0.0,-27.84,342.38,30.0,0.0
2026-04-13T07:00:00Z,2.4,46.6,0.0,17.7,26.9,0.0,0.0,0.0,-29.31,359.2,85.0,0.0
2026-04-13T08:00:00Z,2.6,51.4,0.0,15.3,26.4,0.0,0.0,0.0,-28.06,16.06,10.0,0.0
2026-04-13T09:00:00Z,-0.2,60.2,0.0,11.8,17.4,0.0,0.0,0.0,-24.28,32.05,15.0,0.0
2026-04-13T10:00:00Z,0.7,67.4,0.0,15.2,22.3,0.0,0.0,0.0,-18.41,46.68,85.0,0.0
2026-04-13T11:00:00Z,0.5,35.8,0.0,24.9,34.9,0.0,0.0,0.0,-11.0,59.97,35.0,0.0
2026-04-13T12:00:00Z,1.6,71.9,0.0,12.4,21.3,0.0,0.0,0.0,-2.55,72.26,70.0,0.0
2026-04-13T13:00:00Z,3.1,37.2,0.0,12.8,22.9,48.7,174.9,28.9,6.49,84.03,80.0,0.1422
2026-04-13T14:00:00Z,3.9,41.9,0.0,12.5,17.5,185.8,300.7,104.3,15.72,95.87,35.0,1.2052
2026-04-13T15:00:00Z,4.7,33.0,0.0,15.7,21.7,350.6,443.0,165.2,24.75,108.42,45.0,2.404
2026-04-13T16:00:00Z,4.7,82.4,0.0,15.0,25.1,311.2,99.0,257.2,33.09,122.45,60.0,1.8465
2026-04-13T17:00:00Z,8.2,29.9,0.0,19.4,29.8,622.5,549.8,268.3,40.11,138.76,25.0,4.4992
2026-04-13T18:00:00Z,6.9,64.2,0.0,11.5,17.3,591.4,252.8,412.7,44.99,157.82,10.0,3.8427
2026-04-13T19:00:00Z,9.0,49.4,0.0,17.7,24.2,687.7,386.3,405.8,46.87,179.03,75.0,3.9567
2026-04-13T20:00:00Z,9.9,59.4,0.0,10.9,18.4,623.1,294.2,413.9,45.32,200.35,5.0,4.0765
2026-04-13T21:00:00Z,10.8,53.9,0.0,17.0,25.3,581.3,333.5,363.8,40.71,219.68,10.0,3.6524
2026-04-13T22:00:00Z,11.7,47.9,0.0,17.4,24.6,490.4,366.6,286.1,33.86,236.25,55.0,3.134
2026-04-13T23:00:00Z,9.8,61.1,0.0,17.3,30.9,320.7,234.1,219.4,25.63,250.47,85.0,1.4696
2026-04-14T00:00:00Z,12.1,54.7,0.0,55.6,99.5,189.6,230.2,123.6,16.66,263.14,25.0,1.2419
2026-04-14T01:00:00Z,10.3,52.0,0.0,37.1,60.9,57.3,142.8,38.8,7.45,275.03,85.0,0.1681
2026-04-14T02:00:00Z,10.4,29.8,0.0,45.6,69.1,0.0,0.0,0.0,-1.59,286.8,10.0,0.0
2026-04-14T03:00:00Z,6.8,46.6,0.0,44.2,71.6,0.0,0.0,0.0,-10.07,299.02,45.0,0.0
2026-04-14T04:00:00Z,8.3,59.2,0.0,51.8,80.7,0.0,0.0,0.0,-17.56,312.2,55.0,0.0
2026-04-14T05:00:00Z,8.1,27.8,0.0,45.9,81.8,0.0,0.0,0.0,-23.55,326.69,25.0,0.0
2026-04-14T06:00:00Z,2.6,57.6,0.0,45.2,78.5,0.0,0.0,0.0,-27.5,342.53,50.0,0.0
2026-04-14T07:00:00Z,1.9,32.2,0.0,44.9,58.8,0.0,0.0,0.0,-28.94,359.28,0.0,0.0
2026-04-14T08:00:00Z,1.5,60.6,0.0,64.7,98.1,0.0,0.0,0.0,-27.7,16.06,40.0,0.0
2026-04-14T09:00:00Z,1.4,45.5,0.0,47.0,76.7,0.0,0.0,0.0,-23.92,31.99,35.0,0.0
2026-04-14T10:00:00Z,0.5,34.3,0.0,40.0,55.1,0.0,0.0,0.0,-18.06,46.57,65.0,0.0
2026-04-14T11:00:00Z,1.2,51.2,0.0,36.9,50.4,0.0,0.0,0.0,-10.65,59.83,45.0,0.0
2026-04-14T12:00:00Z,0.9,20.4,0.0,54.4,94.3,0.0,0.0,0.0,-2.22,72.09,50.0,0.0
2026-04-14T13:00:00Z,0.8,42.5,0.0,48.4,76.6,51.8,164.1,32.3,6.81,83.86,60.0,0.1856
2026-04-14T14:00:00Z,3.7,45.3,0.0,38.5,60.7,188.8,283.1,110.6,16.04,95.69,90.0,0.6789
2026-04-14T15:00:00Z,6.5,29.9,0.0,47.2,69.3,358.4,470.3,159.1,25.08,108.24,45.0,2.5039
2026-04-14T16:00:00Z,5.5,42.8,0.0,46.0,66.0,493.3,408.7,268.1,33.43,122.29,5.0,3.2599
2026-04-14T17:00:00Z,7.6,55.8,0.0,62.0,101.4,570.5,316.6,365.0,40.47,138.64,5.0,3.6725
2026-04-14T18:00:00Z,9.0,52.8,0.0,57.2,83.3,653.9,353.1,402.7,45.36,157.79,80.0,3.5006
2026-04-14T19:00:00Z,9.2,30.0,0.0,55.7,89.5,734.4,572.0,314.5,47.23,179.12,80.0,4.3235
2026-04-14T20:00:00Z,10.7,9.4,0.0,57.1,91.3,719.5,773.4,166.3,45.66,200.56,80.0,4.4695
2026-04-14T21:00:00Z,12.5,39.5,0.0,56.5,81.8,624.6,463.2,320.6,41.01,219.95,25.0,4.2472
2026-04-14T22:00:00Z,12.5,50.7,0.0,50.5,78.1,488.0,343.8,295.1,34.14,236.54,90.0,2.0969
2026-04-14T23:00:00Z,12.3,24.8,0.0,56.1,94.7,375.2,518.3,149.0,25.88,250.77,20.0,2.5163
2026-04-15T00:00:00Z,11.2,23.8,0.0,10.8,17.4,212.9,433.4,86.9,16.9,263.43,25.0,1.4186
2026-04-15T01:00:00Z,11.1,42.5,0.0,15.0,20.6,62.9,182.0,38.5,7.7,275.31,85.0,0.1845
2026-04-15T02:00:00Z,12.1,12.3,0.0,15.2,25.8,0.0,0.0,0.0,-1.34,287.07,80.0,0.0
2026-04-15T03:00:00Z,8.5,43.2,0.0,10.6,14.1,0.0,0.0,0.0,-9.8,299.28,40.0,0.0
2026-04-15T04:00:00Z,7.0,28.4,0.0,11.2,16.9,0.0,0.0,0.0,-17.27,312.44,30.0,0.0
2026-04-15T05:00:00Z,5.7,33.3,0.0,7.1,11.9,0.0,0.0,0.0,-23.23,326.89,85.0,0.0
2026-04-15T06:00:00Z,4.3,32.6,0.0,13.0,22.8,0.0,0.0,0.0,-27.16,342.68,20.0,0.0
2026-04-15T07:00:00Z,3.4,15.5,0.0,14.5,25.1,0.0,0.0,0.0,-28.58,359.36,50.0,0.0
2026-04-15T08:00:00Z,3.3,15.0,0.0,11.3,17.1,0.0,0.0,0.0,-27.33,16.06,15.0,0.0
2026-04-15T09:00:00Z,1.0,21.9,0.0,11.8,19.2,0.0,0.0,0.0,-23.56,31.93,55.0,0.0
2026-04-15T10:00:00Z,0.8,24.4,0.0,15.4,25.7,0.0,0.0,0.0,-17.71,46.46,55.0,0.0
2026-04-15T11:00:00Z,1.0,29.2,0.0,12.2,20.4,0.0,0.0,0.0,-10.32,59.69,35.0,0.0
2026-04-15T12:00:00Z,2.0,42.0,0.0,8.2,13.0,0.0,0.0,0.0,-1.89,71.93,5.0,0.0
2026-04-15T13:00:00Z,1.7,19.8,0.0,15.7,26.4,57.9,254.8,26.3,7.14,83.68,85.0,0.1358
2026-04-15T14:00:00Z,4.6,11.1,0.0,10.3,17.2,204.6,512.7,60.1,16.37,95.51,10.0,1.4057
2026-04-15T15:00:00Z,5.4,34.9,0.0,15.2,25.4,361.3,432.6,175.7,25.41,108.07,5.0,2.3892
2026-04-15T16:00:00Z,7.5,13.8,0.0,12.1,16.1,520.4,670.4,147.7,33.77,122.13,40.0,3.8022
2026-04-15T17:00:00Z,7.7,20.4,0.0,9.5,15.8,640.0,643.5,219.3,40.83,138.52,40.0,4.9138
2026-04-15T18:00:00Z,7.8,15.4,0.0,9.3,12.2,719.7,712.6,209.5,45.72,157.76,30.0,5.5447
2026-04-15T19:00:00Z,10.7,16.4,0.0,10.8,14.5,747.9,708.2,225.0,47.59,179.21,65.0,5.0234
2026-04-15T20:00:00Z,12.6,33.2,0.0,13.2,23.4,712.0,536.8,325.9,46.0,200.76,55.0,4.7611
2026-04-15T21:00:00Z,12.8,14.7,0.0,16.0,20.9,649.5,701.4,186.4,41.32,220.22,50.0,4.975
2026-04-15T22:00:00Z,11.8,14.6,0.0,12.7,18.8,531.5,667.0,154.6,34.41,236.83,0.0,3.2906
2026-04-15T23:00:00Z,12.2,37.1,0.0,12.7,20.0,372.4,419.4,187.7,26.13,251.06,85.0,1.7812
2026-04-16T00:00:00Z,11.6,22.2,0.0,10.2,13.5,217.4,447.4,85.5,17.14,263.72,20.0,1.4661
2026-04-16T01:00:00Z,10.9,38.3,0.0,11.2,17.9,66.9,203.3,38.8,7.94,275.59,35.0,0.3193
2026-04-16T02:00:00Z,11.5,59.2,0.0,14.2,20.7,0.0,0.0,0.0,-1.09,287.34,20.0,0.0
2026-04-16T03:00:00Z,7.7,44.4,0.0,11.4,16.7,0.0,0.0,0.0,-9.54,299.53,50.0,0.0
2026-04-16T04:00:00Z,7.0,25.6,0.0,12.6,19.4,0.0,0.0,0.0,-16.98,312.67,75.0,0.0
2026-04-16T05:00:00Z,6.6,39.5,0.0,12.9,19.7,0.0,0.0,0.0,-22.92,327.09,30.0,0.0
2026-04-16T06:00:00Z,3.7,17.2,0.0,10.0,15.4,0.0,0.0,0.0,-26.82,342.82,60.0,0.0
2026-04-16T07:00:00Z,5.0,38.5,0.0,8.1,12.3,0.0,0.0,0.0,-28.23,359.43,25.0,0.0
2026-04-16T08:00:00Z,2.3,30.8,0.0,8.0,12.0,0.0,0.0,0.0,-26.97,16.07,80.0,0.0
2026-04-16T09:00:00Z,2.0,36.1,0.0,11.7,15.6,0.0,0.0,0.0,-23.2,31.86,15.0,0.0
2026-04-16T10:00:00Z,0.4,25.8,0.0,13.0,19.0,0.0,0.0,0.0,-17.36,46.35,45.0,0.0
2026-04-16T11:00:00Z,1.2,19.1,0.0,10.7,16.6,0.0,0.0,0.0,-9.98,59.55,35.0,0.0
2026-04-16T12:00:00Z,4.4,45.7,0.0,14.4,25.8,0.0,0.0,0.0,-1.56,71.77,35.0,0.0
2026-04-16T13:00:00Z,0.2,58.8,0.0,13.6,20.6,54.7,118.9,39.3,7.46,83.51,25.0,0.337
2026-04-16T14:00:00Z,4.4,32.5,0.0,13.4,19.4,206.8,372.0,100.0,16.69,95.33,50.0,1.2387
2026-04-16T15:00:00Z,4.8,23.2,0.0,14.6,25.6,373.0,529.9,142.9,25.73,107.89,80.0,1.9364
2026-04-16T16:00:00Z,6.8,45.2,0.0,11.8,19.5,500.3,390.7,281.2,34.11,121.97,30.0,3.4768
2026-04-16T17:00:00Z,7.0,66.6,0.0,11.1,17.7,526.1,227.7,376.2,41.18,138.41,55.0,3.2883
2026-04-16T18:00:00Z,11.7,23.6,0.0,13.8,19.3,722.2,631.8,267.1,46.09,157.73,5.0,4.484
2026-04-16T19:00:00Z,10.2,32.4,0.0,14.1,22.9,742.2,550.0,333.8,47.95,179.3,30.0,5.1264
2026-04-16T20:00:00Z,11.8,42.3,0.0,13.1,23.5,700.7,451.5,374.1,46.33,200.97,90.0,3.2746
2026-04-16T21:00:00Z,13.6,38.8,0.0,14.4,21.8,635.5,472.1,322.0,41.62,220.49,15.0,4.0466
2026-04-16T22:00:00Z,10.7,21.0,0.0,18.0,25.2,534.8,608.2,188.8,34.68,237.13,20.0,3.8586
2026-04-16T23:00:00Z,12.7,19.6,0.0,11.4,17.8,385.8,565.1,134.7,26.38,251.35,40.0,2.6584
2026-04-17T00:00:00Z,10.3,36.2,0.0,45.9,66.3,217.5,355.3,111.3,17.38,264.0,10.0,1.4749
2026-04-17T01:00:00Z,9.4,42.0,0.0,43.0,59.5,69.4,193.4,41.9,8.18,275.86,20.0,0.4024
2026-04-17T02:00:00Z,10.0,49.6,0.0,47.3,62.1,0.0,0.0,0.0,-0.84,287.6,35.0,0.0
2026-04-17T03:00:00Z,9.3,37.9,0.0,36.8,61.7,0.0,0.0,0.0,-9.27,299.78,50.0,0.0
2026-04-17T04:00:00Z,9.5,26.4,0.0,24.8,34.9,0.0,0.0,0.0,-16.69,312.9,50.0,0.0
2026-04-17T05:00:00Z,5.5,35.9,0.0,38.3,56.5,0.0,0.0,0.0,-22.6,327.29,75.0,0.0
2026-04-17T06:00:00Z,6.0,42.1,0.0,39.0,57.9,0.0,0.0,0.0,-26.48,342.97,30.0,0.0
2026-04-17T07:00:00Z,3.7,29.7,0.0,35.4,49.8,0.0,0.0,0.0,-27.87,359.51,55.0,0.0
2026-04-17T08:00:00Z,0.3,41.7,0.0,40.0,71.0,0.0,0.0,0.0,-26.6,16.07,30.0,0.0
2026-04-17T09:00:00Z,0.7,28.3,0.0,51.8,78.0,0.0,0.0,0.0,-22.84,31.8,70.0,0.0
2026-04-17T10:00:00Z,1.9,51.9,0.0,42.8,69.3,0.0,0.0,0.0,-17.01,46.24,10.0,0.0
2026-04-17T11:00:00Z,2.5,34.4,0.0,40.7,63.4,0.0,0.0,0.0,-9.65,59.41,50.0,0.0
2026-04-17T12:00:00Z,3.1,37.6,0.0,23.0,36.5,0.0,0.0,0.0,-1.24,71.61,20.0,0.0
2026-04-17T13:00:00Z,3.9,38.5,0.0,40.3,56.1,64.7,199.2,37.8,7.77,83.34,70.0,0.2078
2026-04-17T14:00:00Z,1.8,58.3,0.0,45.6,79.0,190.1,211.0,128.4,17.0,95.15,75.0,0.8819
2026-04-17T15:00:00Z,6.0,23.6,0.0,31.2,54.3,378.8,528.9,146.5,26.05,107.71,30.0,2.6276
2026-04-17T16:00:00Z,6.2,29.1,0.0,50.6,70.0,526.7,533.2,225.1,34.44,121.8,80.0,2.9615
2026-04-17T17:00:00Z,8.5,38.7,0.0,37.3,65.8,634.2,472.1,321.2,41.53,138.28,20.0,4.419
2026-04-17T18:00:00Z,8.9,29.5,0.0,49.6,68.9,723.1,574.4,306.8,46.45,157.69,85.0,3.7819
2026-04-17T19:00:00Z,10.7,35.3,0.0,46.5,70.7,743.2,522.6,353.0,48.3,179.39,40.0,5.0952
2026-04-17T20:00:00Z,9.7,43.5,0.0,46.5,71.5,702.5,441.0,381.8,46.66,201.17,15.0,4.5465
2026-04-17T21:00:00Z,11.7,54.4,0.0,41.7,69.8,597.5,332.1,375.7,41.91,220.76,35.0,3.8853
2026-04-17T22:00:00Z,13.3,36.4,0.0,44.1,77.2,528.6,470.6,259.0,34.95,237.42,60.0,3.2802
2026-04-17T23:00:00Z,12.1,15.5,0.0,37.4,55.7,391.0,602.3,121.0,26.63,251.64,25.0,2.7292
2026-04-18T00:00:00Z,11.7,53.7,0.0,10.8,14.1,206.4,243.7,132.6,17.62,264.28,20.0,1.3344
2026-04-18T01:00:00Z,11.0,51.4,0.0,4.4,6.4,69.6,160.0,46.2,8.41,276.13,55.0,0.2619
2026-04-18T02:00:00Z,12.4,32.1,0.0,13.0,20.5,0.0,0.0,0.0,-0.59,287.86,70.0,0.0
2026-04-18T03:00:00Z,9.5,60.5,0.0,13.1,21.7,0.0,0.0,0.0,-9.01,300.03,75.0,0.0
2026-04-18T04:00:00Z,7.8,26.8,0.0,14.1,20.9,0.0,0.0,0.0,-16.41,313.13,65.0,0.0
2026-04-18T05:00:00Z,5.5,28.4,0.0,11.5,19.8,0.0,0.0,0.0,-22.29,327.48,75.0,0.0
2026-04-18T06:00:00Z,6.1,48.7,0.0,11.3,20.2,0.0,0.0,0.0,-26.14,343.11,65.0,0.0
2026-04-18T07:00:00Z,3.8,35.3,0.0,10.5,17.0,0.0,0.0,0.0,-27.52,359.58,80.0,0.0
2026-04-18T08:00:00Z,3.2,35.8,0.0,7.8,10.6,0.0,0.0,0.0,-26.25,16.07,15.0,0.0
2026-04-18T09:00:00Z,2.7,47.9,0.0,9.3,15.2,0.0,0.0,0.0,-22.49,31.74,85.0,0.0
2026-04-18T10:00:00Z,3.4,58.4,0.0,14.4,18.9,0.0,0.0,0.0,-16.67,46.13,65.0,0.0
2026-04-18T11:00:00Z,2.6,44.1,0.0,10.3,17.1,0.0,0.0,0.0,-9.32,59.27,75.0,0.0
2026-04-18T12:00:00Z,5.5,69.9,0.0,9.0,16.3,0.0,0.0,0.0,-0.92,71.45,35.0,0.0
2026-04-18T13:00:00Z,0.1,41.8,0.0,10.2,15.8,68.1,192.3,41.1,8.09,83.16,90.0,0.1937
2026-04-18T14:00:00Z,3.6,32.9,0.0,9.4,13.0,217.7,377.0,105.5,17.32,94.97,10.0,1.496
2026-04-18T15:00:00Z,4.5,45.3,0.0,9.3,14.0,367.0,355.8,209.0,26.37,107.53,35.0,2.5588
2026-04-18T16:00:00Z,7.3,35.9,0.0,11.9,17.7,526.1,474.1,255.7,34.77,121.64,30.0,3.5369
2026-04-18T17:00:00Z,7.6,33.2,0.0,13.2,20.0,647.7,525.2,297.2,41.87,138.16,5.0,4.2113
2026-04-18T18:00:00Z,9.0,31.8,0.0,8.1,13.1,726.0,553.1,322.8,46.8,157.66,60.0,4.8206
2026-04-18T19:00:00Z,12.3,33.7,0.0,13.4,22.1,750.7,539.4,345.8,48.65,179.48,40.0,5.0904
2026-04-18T20:00:00Z,11.7,47.1,0.0,9.1,14.9,697.2,408.2,398.7,46.99,201.37,65.0,4.2166
2026-04-18T21:00:00Z,12.3,28.1,0.0,9.8,15.4,658.2,574.5,272.2,42.21,221.03,10.0,4.3107
2026-04-18T22:00:00Z,12.8,44.3,0.0,10.3,15.1,520.5,401.8,288.8,35.21,237.71,15.0,3.4535
2026-04-18T23:00:00Z,11.2,47.0,0.0,14.7,22.4,373.2,345.2,217.1,26.88,251.93,20.0,2.4428
2026-04-19T00:00:00Z,14.1,11.5,0.0,12.6,19.0,231.1,533.6,67.4,17.86,264.56,15.0,1.4599
2026-04-19T01:00:00Z,10.7,24.8,0.0,18.7,27.1,78.4,275.9,36.9,8.65,276.4,90.0,0.1817
2026-04-19T02:00:00Z,11.5,26.8,0.0,13.4,20.6,0.0,0.0,0.0,-0.35,288.12,90.0,0.0
2026-04-19T03:00:00Z,10.3,31.8,0.0,15.7,24.6,0.0,0.0,0.0,-8.75,300.27,30.0,0.0
2026-04-19T04:00:00Z,8.8,17.4,0.0,20.7,30.0,0.0,0.0,0.0,-16.12,313.35,15.0,0.0
2026-04-19T05:00:00Z,8.1,13.5,0.0,15.2,23.9,0.0,0.0,0.0,-21.98,327.67,85.0,0.0
2026-04-19T06:00:00Z,5.4,30.3,0.0,14.1,21.8,0.0,0.0,0.0,-25.81,343.24,10.0,0.0
2026-04-19T07:00:00Z,2.8,24.7,0.0,17.9,30.0,0.0,0.0,0.0,-27.17,359.65,35.0,0.0
2026-04-19T08:00:00Z,1.8,38.3,0.0,18.2,28.2,0.0,0.0,0.0,-25.89,16.06,50.0,0.0
2026-04-19T09:00:00Z,3.9,30.3,0.0,17.7,27.3,0.0,0.0,0.0,-22.14,31.67,85.0,0.0
2026-04-19T10:00:00Z,2.2,32.8,0.0,14.1,21.7,0.0,0.0,0.0,-16.33,46.02,45.0,0.0
2026-04-19T11:00:00Z,2.7,44.9,0.0,18.8,27.1,0.0,0.0,0.0,-8.99,59.13,45.0,0.0
2026-04-19T12:00:00Z,3.4,26.4,0.0,20.4,32.0,0.0,0.0,0.0,-0.61,71.29,80.0,0.0
2026-04-19T13:00:00Z,4.2,0,0.0,17.3,24.5,75.3,379.5,19.9,8.4,82.99,85.0,0.1217
2026-04-19T14:00:00Z,6.0,4.2,0.0,11.6,16.1,227.0,582.8,50.5,17.62,94.79,20.0,1.5455
2026-04-19T15:00:00Z,7.1,31.1,0.0,18.8,28.8,386.9,471.5,175.2,26.69,107.35,85.0,1.7596
2026-04-19T16:00:00Z,8.1,12.9,0.0,11.2,16.5,543.8,686.7,149.0,35.1,121.47,85.0,2.8586
2026-04-19T17:00:00Z,9.0,36.6,0.0,19.2,30.1,648.5,494.0,316.6,42.21,138.04,35.0,4.5129
2026-04-19T18:00:00Z,10.0,10.8,0.0,14.1,21.3,742.2,764.0,182.1,47.15,157.62,15.0,4.9113
2026-04-19T19:00:00Z,11.3,19.3,0.0,12.0,17.0,767.8,683.6,251.9,49.0,179.56,35.0,5.4157
2026-04-19T20:00:00Z,12.8,22.4,0.0,13.8,21.9,741.5,647.2,265.7,47.32,201.57,75.0,4.4243
2026-04-19T21:00:00Z,11.7,19.7,0.0,12.3,17.7,667.7,657.4,223.5,42.5,221.29,80.0,3.7194
2026-04-19T22:00:00Z,12.7,16.7,0.0,15.8,22.7,550.0,653.0,171.0,35.48,237.99,10.0,3.7525
2026-04-19T23:00:00Z,13.7,21.9,0.0,20.8,31.2,398.8,552.3,147.0,27.12,252.22,55.0,2.522
2026-04-20T00:00:00Z,11.6,2.5,0.0,10.0,16.4,235.4,602.8,48.2,18.1,264.84,70.0,1.058
2026-04-20T01:00:00Z,11.7,11.5,0.0,10.8,19.2,82.3,342.5,29.4,8.89,276.67,90.0,0.1575
2026-04-20T02:00:00Z,11.8,13.5,0.0,8.1,12.9,0.0,0.0,0.0,-0.1,288.37,20.0,0.0
2026-04-20T03:00:00Z,10.9,10.4,0.0,11.0,18.3,0.0,0.0,0.0,-8.49,300.51,15.0,0.0
2026-04-20T04:00:00Z,8.3,21.7,0.0,11.5,15.2,0.0,0.0,0.0,-15.84,313.57,60.0,0.0
2026-04-20T05:00:00Z,6.0,23.1,0.0,13.6,22.2,0.0,0.0,0.0,-21.68,327.85,5.0,0.0
2026-04-20T06:00:00Z,5.9,0,0.0,7.5,12.0,0.0,0.0,0.0,-25.48,343.37,60.0,0.0
2026-04-20T07:00:00Z,4.3,31.1,0.0,9.0,12.7,0.0,0.0,0.0,-26.82,359.71,55.0,0.0
2026-04-20T08:00:00Z,2.3,12.7,0.0,8.0,11.2,0.0,0.0,0.0,-25.54,16.06,80.0,0.0
2026-04-20T09:00:00Z,2.1,1.3,0.0,10.4,15.9,0.0,0.0,0.0,-21.79,31.61,60.0,0.0
2026-04-20T10:00:00Z,3.0,28.3,0.0,13.9,24.3,0.0,0.0,0.0,-16.0,45.92,60.0,0.0
2026-04-20T11:00:00Z,2.7,31.1,0.0,10.1,13.8,0.0,0.0,0.0,-8.67,58.99,60.0,0.0
2026-04-20T12:00:00Z,2.8,8.5,0.0,11.7,16.4,0.0,0.0,0.0,-0.29,71.13,0.0,0.0
2026-04-20T13:00:00Z,3.4,14.4,0.0,8.8,14.9,79.5,323.9,30.5,8.7,82.82,75.0,0.1771
2026-04-20T14:00:00Z,5.2,14.6,0.0,16.0,24.2,232.2,512.2,74.5,17.93,94.61,75.0,0.9127
2026-04-20T15:00:00Z,6.5,26.0,0.0,11.2,15.2,395.2,516.3,160.8,27.0,107.17,45.0,2.479
2026-04-20T16:00:00Z,6.6,10.3,0.0,10.2,16.5,549.7,713.8,136.0,35.42,121.3,20.0,4.0491
2026-04-20T17:00:00Z,7.1,36.6,0.0,8.1,12.9,653.9,495.1,319.1,42.55,137.91,0.0,4.2279
2026-04-20T18:00:00Z,10.7,26.7,0.0,12.3,20.2,741.4,604.5,295.7,47.5,157.58,60.0,4.7271
2026-04-20T19:00:00Z,12.6,18.6,0.0,13.4,23.1,773.2,691.7,248.4,49.35,179.65,25.0,5.7026
2026-04-20T20:00:00Z,13.2,17.7,0.0,11.0,19.8,748.2,695.1,234.6,47.64,201.77,45.0,5.1505
2026-04-20T21:00:00Z,14.1,13.1,0.0,9.9,13.9,673.8,723.4,182.4,42.79,221.56,45.0,4.8695
2026-04-20T22:00:00Z,12.5,28.9,0.0,10.8,16.5,549.4,540.8,233.5,35.74,238.28,20.0,3.784
2026-04-20T23:00:00Z,13.0,28.4,0.0,11.5,18.6,400.7,498.6,171.5,27.36,252.5,70.0,2.2778
2026-04-21T00:00:00Z,14.0,17.8,0.0,14.1,21.9,239.1,494.9,83.5,18.33,265.11,90.0,0.6716
2026-04-21T01:00:00Z,12.8,27.0,0.0,12.3,20.7,84.9,277.2,41.0,9.12,276.93,20.0,0.4759
2026-04-21T02:00:00Z,10.4,23.0,0.0,12.5,17.8,0.3,17.5,0.3,0.14,288.62,65.0,0.0016
2026-04-21T03:00:00Z,10.9,9.6,0.0,11.6,20.0,0.0,0.0,0.0,-8.23,300.75,55.0,0.0
2026-04-21T04:00:00Z,8.5,33.8,0.0,11.9,20.9,0.0,0.0,0.0,-15.56,313.78,70.0,0.0
2026-04-21T05:00:00Z,7.6,11.7,0.0,12.2,20.9,0.0,0.0,0.0,-21.37,328.03,0.0,0.0
2026-04-21T06:00:00Z,4.6,19.4,0.0,14.7,21.0,0.0,0.0,0.0,-25.15,343.5,80.0,0.0
2026-04-21T07:00:00Z,6.0,22.8,0.0,13.8,21.1,0.0,0.0,0.0,-26.48,359.77,35.0,0.0
2026-04-21T08:00:00Z,2.8,22.8,0.0,10.7,14.5,0.0,0.0,0.0,-25.19,16.05,65.0,0.0
2026-04-21T09:00:00Z,3.2,15.6,0.0,11.3,18.3,0.0,0.0,0.0,-21.45,31.54,60.0,0.0
2026-04-21T10:00:00Z,1.3,13.5,0.0,12.2,17.5,0.0,0.0,0.0,-15.67,45.81,35.0,0.0
2026-04-21T11:00:00Z,1.1,41.5,0.0,13.8,24.4,0.0,0.0,0.0,-8.35,58.85,80.0,0.0
2026-04-21T12:00:00Z,1.6,27.0,0.0,9.3,13.4,0.0,14.3,0.0,0.02,70.97,25.0,0.0
2026-04-21T13:00:00Z,4.3,14.6,0.0,10.9,18.3,83.9,331.6,32.0,9.0,82.64,0.0,0.5557
2026-04-21T14:00:00Z,6.2,13.5,0.0,9.5,15.3,237.7,524.4,73.6,18.23,94.43,0.0,1.4803
2026-04-21T15:00:00Z,6.0,46.1,0.0,14.3,20.3,382.0,354.1,219.6,27.3,106.98,70.0,2.1308
2026-04-21T16:00:00Z,8.6,31.3,0.0,9.3,16.5,547.5,519.6,244.0,35.74,121.13,45.0,3.7028
2026-04-21T17:00:00Z,11.0,21.9,0.0,12.3,16.4,672.8,637.1,239.3,42.88,137.78,65.0,4.3267
2026-04-21T18:00:00Z,11.6,1.7,0.0,12.9,17.2,752.9,861.3,114.4,47.85,157.53,75.0,4.8686
2026-04-21T19:00:00Z,12.7,14.4,0.0,7.0,11.0,779.2,735.5,218.3,49.69,179.73,70.0,5.0214
2026-04-21T20:00:00Z,11.8,32.5,0.0,10.8,19.0,742.2,548.7,334.7,47.96,201.97,30.0,5.1073
2026-04-21T21:00:00Z,13.1,27.8,0.0,13.5,17.9,672.4,579.9,276.3,43.08,221.82,60.0,4.5185
2026-04-21T22:00:00Z,14.5,41.9,0.0,12.8,21.5,538.1,425.4,288.1,36.0,238.56,25.0,3.5151
2026-04-21T23:00:00Z,13.5,31.7,0.0,14.4,25.8,403.2,472.8,184.1,27.6,252.78,90.0,1.5861
2026-04-22T00:00:00Z,11.6,44.4,0.0,11.5,19.3,232.3,311.6,133.1,18.56,265.38,75.0,1.0027
2026-04-22T01:00:00Z,11.5,72.7,0.0,16.1,23.5,66.5,86.8,52.4,9.36,277.19,70.0,0.2612
2026-04-22T02:00:00Z,10.9,26.1,0.0,11.7,16.7,1.1,21.2,1.0,0.38,288.87,80.0,0.0046
2026-04-22T03:00:00Z,10.1,43.2,0.0,16.5,29.4,0.0,0.0,0.0,-7.97,300.98,30.0,0.0
2026-04-22T04:00:00Z,8.3,44.0,0.0,16.8,22.2,0.0,0.0,0.0,-15.28,313.99,65.0,0.0
2026-04-22T05:00:00Z,9.0,48.7,0.0,11.9,17.6,0.0,0.0,0.0,-21.07,328.2,65.0,0.0
2026-04-22T06:00:00Z,6.8,42.9,0.0,15.6,21.5,0.0,0.0,0.0,-24.82,343.63,85.0,0.0
2026-04-22T07:00:00Z,3.7,28.0,0.0,13.4,23.6,0.0,0.0,0.0,-26.14,359.83,75.0,0.0
2026-04-22T08:00:00Z,5.7,61.9,0.0,12.7,17.9,0.0,0.0,0.0,-24.85,16.05,50.0,0.0
2026-04-22T09:00:00Z,1.9,32.0,0.0,13.9,21.0,0.0,0.0,0.0,-21.11,31.48,5.0,0.0
2026-04-22T10:00:00Z,4.0,51.3,0.0,12.3,18.6,0.0,0.0,0.0,-15.34,45.7,85.0,0.0
2026-04-22T11:00:00Z,3.4,70.7,0.0,17.3,31.0,0.0,0.0,0.0,-8.03,58.71,45.0,0.0
2026-04-22T12:00:00Z,1.0,41.4,0.0,9.3,14.6,0.9,15.1,0.8,0.32,70.81,55.0,0.0043
2026-04-22T13:00:00Z,2.4,35.3,0.0,16.4,28.6,86.5,243.6,47.1,9.3,82.47,10.0,0.5423
2026-04-22T14:00:00Z,4.1,40.1,0.0,15.6,24.5,235.0,340.2,126.9,18.53,94.24,50.0,1.4085
2026-04-22T15:00:00Z,6.7,25.9,0.0,16.1,23.2,406.3,521.5,164.6,27.61,106.8,65.0,2.3335
2026-04-22T16:00:00Z,7.3,48.7,0.0,12.1,18.9,524.7,367.1,308.6,36.05,120.96,85.0,2.5452
2026-04-22T17:00:00Z,9.7,30.8,0.0,9.9,17.6,671.8,552.3,293.6,43.21,137.65,20.0,4.5619
2026-04-22T18:00:00Z,9.6,50.4,0.0,17.0,27.8,702.6,379.4,419.8,48.19,157.49,80.0,3.4326
2026-04-22T19:00:00Z,11.8,40.0,0.0,14.5,22.6,758.7,480.7,390.3,50.03,179.81,85.0,3.6362
2026-04-22T20:00:00Z,12.7,46.0,0.0,11.9,20.0,718.6,420.3,404.9,48.28,202.17,10.0,4.642
2026-04-22T21:00:00Z,12.4,35.4,0.0,13.4,21.5,668.5,508.5,319.3,43.37,222.08,10.0,4.1165
2026-04-22T22:00:00Z,16.0,24.1,0.0,14.9,25.0,561.2,587.9,213.5,36.26,238.84,80.0,2.8114
2026-04-22T23:00:00Z,13.7,28.5,0.0,14.8,25.4,409.4,501.2,175.3,27.84,253.06,65.0,2.2046
2026-04-23T00:00:00Z,13.4,44.2,0.0,18.2,27.0,236.4,314.7,135.0,18.79,265.65,15.0,1.5501
2026-04-23T01:00:00Z,12.8,55.8,0.0,14.2,25.0,83.0,157.6,56.8,9.59,277.44,80.0,0.264
2026-04-23T02:00:00Z,11.6,57.1,0.0,16.6,21.7,1.7,13.8,1.5,0.62,289.11,50.0,0.0084
2026-04-23T03:00:00Z,10.8,53.6,0.0,10.2,15.3,0.0,0.0,0.0,-7.71,301.21,50.0,0.0
2026-04-23T04:00:00Z,8.4,60.4,0.0,18.5,31.6,0.0,0.0,0.0,-15.0,314.2,25.0,0.0
2026-04-23T05:00:00Z,6.6,59.1,0.0,19.2,32.3,0.0,0.0,0.0,-20.76,328.38,50.0,0.0
2026-04-23T06:00:00Z,5.1,52.5,0.0,18.0,23.5,0.0,0.0,0.0,-24.5,343.75,60.0,0.0
2026-04-23T07:00:00Z,5.4,48.6,0.0,15.6,27.1,0.0,0.0,0.0,-25.8,359.89,55.0,0.0
2026-04-23T08:00:00Z,4.6,43.6,0.0,21.8,30.2,0.0,0.0,0.0,-24.51,16.04,5.0,0.0
2026-04-23T09:00:00Z,3.6,56.2,0.0,16.8,24.3,0.0,0.0,0.0,-20.77,31.41,65.0,0.0
2026-04-23T10:00:00Z,2.5,41.6,0.0,12.6,17.7,0.0,0.0,0.0,-15.01,45.59,70.0,0.0
2026-04-23T11:00:00Z,1.8,36.1,0.0,12.4,16.2,0.0,0.0,0.0,-7.72,58.57,75.0,0.0
2026-04-23T12:00:00Z,2.5,41.7,0.0,16.6,23.6,1.8,19.9,1.6,0.62,70.65,60.0,0.0086
2026-04-23T13:00:00Z,4.0,50.9,0.0,14.3,20.1,85.7,179.0,55.9,9.6,82.3,55.0,0.3298
2026-04-23T14:00:00Z,4.6,59.0,0.0,12.4,16.1,217.5,217.7,147.3,18.82,94.06,55.0,1.2291
2026-04-23T15:00:00Z,4.1,52.9,0.0,20.1,29.0,379.0,303.7,236.9,27.91,106.62,90.0,1.5471
2026-04-23T16:00:00Z,7.6,67.2,0.0,14.9,19.7,456.6,215.2,329.0,36.36,120.79,65.0,2.5694
2026-04-23T17:00:00Z,9.1,62.1,0.0,14.0,20.1,584.4,268.6,399.4,43.54,137.52,0.0,3.8286
2026-04-23T18:00:00Z,10.7,54.1,0.0,17.2,22.7,692.3,346.8,432.4,48.53,157.44,35.0,4.6784
2026-04-23T19:00:00Z,12.8,55.0,0.0,13.1,19.8,712.1,341.1,449.4,50.37,179.89,15.0,4.6534
2026-04-23T20:00:00Z,12.3,50.5,0.0,20.8,35.5,707.7,379.4,423.2,48.59,202.36,25.0,4.7061
2026-04-23T21:00:00Z,15.1,53.1,0.0,15.4,20.2,627.9,346.6,388.7,43.65,222.34,65.0,3.4296
2026-04-23T22:00:00Z,13.1,42.2,0.0,18.0,29.5,546.2,424.6,293.6,36.51,239.12,25.0,3.6229
2026-04-23T23:00:00Z,13.2,37.9,0.0,10.7,17.2,406.5,424.2,206.8,28.08,253.33,0.0,2.5442
2026-04-24T00:00:00Z,12.6,79.8,1.5,21.8,28.5,164.2,93.3,133.8,19.02,265.91,35.0,0.9828
2026-04-24T01:00:00Z,11.6,90.1,0.0,19.7,28.1,45.5,26.6,41.0,9.82,277.69,80.0,0.1869
2026-04-24T02:00:00Z,9.1,78.0,0.0,7.0,9.4,1.8,7.5,1.7,0.86,289.35,30.0,0.0103
2026-04-24T03:00:00Z,11.3,100,0.0,22.3,32.3,0.0,0.0,0.0,-7.46,301.43,40.0,0.0
2026-04-24T04:00:00Z,9.0,73.8,0.0,18.8,32.7,0.0,0.0,0.0,-14.73,314.4,20.0,0.0
2026-04-24T05:00:00Z,6.5,88.0,0.4,24.1,38.8,0.0,0.0,0.0,-20.46,328.54,55.0,0.0
2026-04-24T06:00:00Z,5.0,57.2,0.0,25.0,36.2,0.0,0.0,0.0,-24.18,343.87,10.0,0.0
2026-04-24T07:00:00Z,3.4,92.8,0.0,31.2,54.6,0.0,0.0,0.0,-25.47,359.95,85.0,0.0
2026-04-24T08:00:00Z,4.4,58.3,0.0,19.4,29.5,0.0,0.0,0.0,-24.17,16.03,20.0,0.0
2026-04-24T09:00:00Z,3.0,77.6,0.0,13.2,19.2,0.0,0.0,0.0,-20.44,31.34,5.0,0.0
2026-04-24T10:00:00Z,3.2,79.8,3.0,23.5,33.8,0.0,0.0,0.0,-14.69,45.48,15.0,0.0
2026-04-24T11:00:00Z,2.4,79.3,0.0,24.3,36.8,0.0,0.0,0.0,-7.41,58.43,80.0,0.0
2026-04-24T12:00:00Z,2.1,68.3,0.0,23.8,33.6,2.4,12.2,2.2,0.92,70.49,55.0,0.0125
2026-04-24T13:00:00Z,1.5,72.7,0.0,16.7,29.4,72.5,90.3,57.0,9.89,82.13,40.0,0.37
2026-04-24T14:00:00Z,2.6,92.1,0.0,22.3,32.5,110.1,30.6,100.1,19.11,93.88,55.0,0.6248
2026-04-24T15:00:00Z,3.4,76.6,0.0,20.5,35.9,292.7,131.6,230.5,28.2,106.43,35.0,1.9562
2026-04-24T16:00:00Z,6.8,72.3,0.0,15.5,27.8,429.4,176.0,324.3,36.67,120.62,10.0,2.7894
2026-04-24T17:00:00Z,8.0,77.6,0.0,23.5,38.3,472.0,142.8,373.1,43.86,137.38,25.0,3.0731
2026-04-24T18:00:00Z,11.5,69.0,0.0,29.7,46.4,605.1,216.9,441.7,48.86,157.39,90.0,2.6136
2026-04-24T19:00:00Z,10.7,80.7,0.0,11.5,16.8,506.8,123.6,411.2,50.7,179.96,55.0,3.0663
2026-04-24T20:00:00Z,10.4,88.8,0.0,16.9,22.3,384.3,64.2,335.9,48.9,202.55,20.0,2.45
2026-04-24T21:00:00Z,13.9,68.1,0.0,19.7,32.4,552.2,219.2,400.1,43.93,222.59,75.0,2.706
2026-04-24T22:00:00Z,14.3,56.2,0.0,23.6,31.4,512.5,304.8,330.1,36.76,239.39,60.0,2.9135
2026-04-24T23:00:00Z,12.7,73.3,0.0,23.0,33.4,312.4,154.9,238.9,28.32,253.6,20.0,1.9431
2026-04-25T00:00:00Z,13.6,23.9,0.0,14.9,21.0,254.8,461.9,102.5,19.25,266.17,65.0,1.1638
2026-04-25T01:00:00Z,11.8,44.9,0.0,16.5,24.1,94.6,212.8,57.5,10.05,277.94,85.0,0.2706
2026-04-25T02:00:00Z,13.9,27.6,0.0,16.2,28.8,3.6,37.6,2.9,1.1,289.58,10.0,0.0187
2026-04-25T03:00:00Z,11.4,29.6,0.0,23.2,30.4,0.0,0.0,0.0,-7.2,301.65,0.0,0.0
2026-04-25T04:00:00Z,8.8,57.0,0.0,17.9,27.8,0.0,0.0,0.0,-14.45,314.6,75.0,0.0
2026-04-25T05:00:00Z,8.4,48.9,0.0,12.6,18.8,0.0,0.0,0.0,-20.17,328.71,0.0,0.0
2026-04-25T06:00:00Z,5.6,52.1,0.0,16.4,27.9,0.0,0.0,0.0,-23.86,343.98,75.0,0.0
2026-04-25T07:00:00Z,5.4,31.3,0.0,9.2,14.9,0.0,0.0,0.0,-25.14,0.0,25.0,0.0
2026-04-25T08:00:00Z,1.8,30.8,0.0,19.1,31.6,0.0,0.0,0.0,-23.83,16.01,65.0,0.0
2026-04-25T09:00:00Z,3.5,49.8,0.0,17.2,28.6,0.0,0.0,0.0,-20.12,31.27,50.0,0.0
2026-04-25T10:00:00Z,4.3,49.4,0.0,20.9,27.2,0.0,0.0,0.0,-14.38,45.37,85.0,0.0
2026-04-25T11:00:00Z,5.0,38.9,0.0,15.2,21.2,0.0,0.0,0.0,-7.11,58.29,50.0,0.0
2026-04-25T12:00:00Z,3.0,43.1,0.0,18.9,29.3,3.9,30.5,3.3,1.21,70.34,25.0,0.0214
2026-04-25T13:00:00Z,4.5,31.4,0.0,17.4,23.5,100.1,278.9,50.8,10.18,81.95,55.0,0.2978
2026-04-25T14:00:00Z,4.4,52.5,0.0,21.1,32.5,237.2,263.2,149.8,19.4,93.7,45.0,1.3327
2026-04-25T15:00:00Z,6.4,32.2,0.0,16.9,28.9,418.8,473.9,192.7,28.49,106.25,55.0,2.6761
2026-04-25T16:00:00Z,8.1,42.9,0.0,21.4,35.4,552.5,420.2,299.8,36.97,120.44,5.0,3.4129
2026-04-25T17:00:00Z,10.3,38.8,0.0,11.1,18.2,675.5,478.6,342.0,44.18,137.24,50.0,4.4264
2026-04-25T18:00:00Z,9.2,48.2,0.0,11.0,16.9,724.5,402.3,420.0,49.19,157.34,5.0,4.692
2026-04-25T19:00:00Z,12.4,47.7,0.0,12.5,18.2,750.9,410.0,432.1,51.03,180.04,60.0,4.4898
2026-04-25T20:00:00Z,12.0,58.9,0.0,14.6,22.5,677.3,304.7,446.6,49.21,202.74,35.0,4.4434
2026-04-25T21:00:00Z,13.4,52.0,0.0,16.6,22.9,640.4,358.0,390.8,44.21,222.85,5.0,3.886
2026-04-25T22:00:00Z,12.5,41.5,0.0,17.7,27.1,555.9,432.9,295.3,37.02,239.66,60.0,3.2689
2026-04-25T23:00:00Z,14.9,33.7,0.0,18.4,26.3,418.7,461.8,198.0,28.55,253.87,10.0,2.8824
2026-04-26T00:00:00Z,11.2,56.1,0.0,2.2,3.1,232.9,239.8,152.9,19.48,266.43,20.0,1.503
2026-04-26T01:00:00Z,12.2,41.3,0.0,2.3,3.8,99.2,233.1,57.6,10.27,278.19,45.0,0.3688
2026-04-26T02:00:00Z,13.4,27.6,0.0,1.7,2.9,4.6,44.1,3.6,1.34,289.82,10.0,0.0237
2026-04-26T03:00:00Z,12.1,36.5,0.0,2.7,4.7,0.0,0.0,0.0,-6.95,301.87,75.0,0.0
2026-04-26T04:00:00Z,10.1,41.7,0.0,2.1,3.3,0.0,0.0,0.0,-14.18,314.79,70.0,0.0
2026-04-26T05:00:00Z,7.8,28.9,0.0,2.3,3.4,0.0,0.0,0.0,-19.87,328.87,10.0,0.0
2026-04-26T06:00:00Z,7.0,39.4,0.0,2.4,3.6,0.0,0.0,0.0,-23.55,344.09,60.0,0.0
2026-04-26T07:00:00Z,5.5,40.1,0.0,1.8,2.5,0.0,0.0,0.0,-24.81,0.05,65.0,0.0
2026-04-26T08:00:00Z,5.4,46.8,0.0,2.0,2.7,0.0,0.0,0.0,-23.5,16.0,40.0,0.0
2026-04-26T09:00:00Z,4.4,46.1,0.0,1.6,2.2,0.0,0.0,0.0,-19.79,31.21,85.0,0.0
2026-04-26T10:00:00Z,1.8,46.5,0.0,1.6,2.2,0.0,0.0,0.0,-14.07,45.26,55.0,0.0
2026-04-26T11:00:00Z,2.3,40.3,0.0,1.6,2.6,0.0,0.0,0.0,-6.81,58.15,65.0,0.0
2026-04-26T12:00:00Z,3.2,45.4,0.0,2.0,3.1,5.2,34.9,4.3,1.5,70.18,35.0,0.0279
2026-04-26T13:00:00Z,3.6,29.7,0.0,2.3,3.0,104.6,293.2,51.4,10.46,81.78,80.0,0.2654
2026-04-26T14:00:00Z,6.1,34.2,0.0,1.7,3.0,258.9,391.9,126.9,19.68,93.52,70.0,1.1111
2026-04-26T15:00:00Z,5.5,42.2,0.0,2.4,3.5,413.6,393.3,224.3,28.78,106.06,90.0,1.6253
2026-04-26T16:00:00Z,8.4,26.6,0.0,2.2,3.5,577.2,569.4,232.4,37.27,120.26,65.0,3.3839
2026-04-26T17:00:00Z,11.4,35.8,0.0,2.3,3.6,685.4,507.8,329.5,44.49,137.1,60.0,3.9599
2026-04-26T18:00:00Z,10.9,32.2,0.0,2.3,3.8,765.2,555.7,342.5,49.52,157.28,70.0,4.5819
2026-04-26T19:00:00Z,13.5,17.8,0.0,2.2,3.9,801.9,705.8,250.7,51.35,180.11,0.0,4.9497
2026-04-26T20:00:00Z,14.2,37.3,0.0,2.5,3.9,757.1,506.4,372.0,49.51,202.93,35.0,5.1215
2026-04-26T21:00:00Z,15.0,20.1,0.0,2.3,3.4,699.0,660.8,236.0,44.48,223.1,15.0,4.5748
2026-04-26T22:00:00Z,13.8,38.0,0.0,1.8,2.8,565.7,465.1,284.1,37.26,239.93,55.0,3.5471
2026-04-26T23:00:00Z,12.8,40.0,0.0,1.6,2.5,416.6,411.5,218.5,28.78,254.13,20.0,2.7514
2026-04-27T00:00:00Z,11.5,66.7,0.0,15.0,25.4,214.2,173.0,155.9,19.7,266.68,65.0,0.9953
2026-04-27T01:00:00Z,13.9,55.9,0.0,21.7,37.9,95.5,167.9,64.9,10.5,278.43,30.0,0.507
2026-04-27T02:00:00Z,10.3,63.6,0.0,13.4,20.3,4.9,22.3,4.3,1.57,290.04,30.0,0.0271
2026-04-27T03:00:00Z,8.6,66.6,0.0,15.6,21.6,0.0,0.0,0.0,-6.7,302.08,75.0,0.0
2026-04-27T04:00:00Z,9.3,27.9,0.0,14.3,22.5,0.0,0.0,0.0,-13.91,314.98,70.0,0.0
2026-04-27T05:00:00Z,8.3,20.3,0.0,20.1,32.4,0.0,0.0,0.0,-19.58,329.02,70.0,0.0
2026-04-27T06:00:00Z,6.6,58.5,0.0,16.9,28.7,0.0,0.0,0.0,-23.24,344.2,80.0,0.0
2026-04-27T07:00:00Z,4.3,58.3,0.0,15.4,27.4,0.0,0.0,0.0,-24.49,0.1,50.0,0.0
2026-04-27T08:00:00Z,3.2,62.9,0.0,24.1,38.8,0.0,0.0,0.0,-23.18,15.99,40.0,0.0
2026-04-27T09:00:00Z,4.2,34.9,0.0,14.4,22.0,0.0,0.0,0.0,-19.47,31.14,80.0,0.0
2026-04-27T10:00:00Z,2.1,64.8,0.0,14.4,24.1,0.0,0.0,0.0,-13.76,45.15,30.0,0.0
2026-04-27T11:00:00Z,3.6,52.8,0.0,8.6,13.4,0.0,0.0,0.0,-6.52,58.01,0.0,0.0
2026-04-27T12:00:00Z,2.4,51.1,0.0,23.1,40.1,6.3,35.9,5.2,1.79,70.02,85.0,0.0223
2026-04-27T13:00:00Z,3.4,66.4,0.0,18.9,29.9,89.6,122.9,66.7,10.74,81.61,15.0,0.5349
2026-04-27T14:00:00Z,6.3,48.8,0.0,11.8,18.0,251.4,292.2,151.7,19.96,93.34,5.0,1.6275
2026-04-27T15:00:00Z,5.8,41.9,0.0,19.3,32.2,418.9,396.8,226.2,29.06,105.88,35.0,2.511
2026-04-27T16:00:00Z,7.3,49.9,0.0,15.0,22.7,545.6,360.7,325.7,37.56,120.09,45.0,3.565
2026-04-27T17:00:00Z,9.4,53.5,0.0,17.2,30.6,642.9,345.3,399.6,44.8,136.96,0.0,3.9902
2026-04-27T18:00:00Z,10.5,55.5,0.0,18.1,30.7,702.9,335.6,446.4,49.84,157.22,20.0,4.3889
2026-04-27T19:00:00Z,11.1,69.3,0.0,15.3,25.8,634.3,217.1,464.0,51.68,180.18,20.0,3.979
2026-04-27T20:00:00Z,13.8,74.6,0.0,12.9,21.2,564.8,171.0,434.2,49.81,203.12,10.0,3.4751
2026-04-27T21:00:00Z,12.0,56.6,0.0,19.3,32.7,629.1,318.0,405.2,44.75,223.35,15.0,3.8869
2026-04-27T22:00:00Z,13.2,52.9,0.0,17.5,30.7,535.8,335.0,331.8,37.51,240.2,40.0,3.3727
2026-04-27T23:00:00Z,14.7,39.1,0.0,19.0,28.5,421.6,419.5,218.2,29.01,254.39,30.0,2.7435
2026-04-28T00:00:00Z,11.1,71.0,0.0,5.8,10.3,205.6,147.5,155.3,19.92,266.93,40.0,1.2172
2026-04-28T01:00:00Z,13.2,34.8,0.0,6.0,10.6,107.8,272.2,57.1,10.72,278.67,50.0,0.3369
2026-04-28T02:00:00Z,11.1,63.1,0.0,5.7,7.8,5.9,25.9,5.1,1.81,290.27,90.0,0.0203
2026-04-28T03:00:00Z,10.5,57.0,0.0,8.2,14.8,0.0,0.0,0.0,-6.45,302.29,10.0,0.0
2026-04-28T04:00:00Z,8.4,74.6,0.0,7.0,12.5,0.0,0.0,0.0,-13.64,315.17,45.0,0.0
2026-04-28T05:00:00Z,7.5,60.4,0.0,5.3,8.9,0.0,0.0,0.0,-19.29,329.18,25.0,0.0
2026-04-28T06:00:00Z,4.3,49.5,0.0,3.7,5.1,0.0,0.0,0.0,-22.93,344.3,55.0,0.0
2026-04-28T07:00:00Z,4.8,60.4,0.0,4.6,6.2,0.0,0.0,0.0,-24.17,0.14,30.0,0.0
2026-04-28T08:00:00Z,4.5,52.4,0.0,3.4,5.8,0.0,0.0,0.0,-22.86,15.97,70.0,0.0
2026-04-28T09:00:00Z,1.8,55.6,0.0,8.2,14.3,0.0,0.0,0.0,-19.16,31.07,5.0,0.0
2026-04-28T10:00:00Z,3.3,79.6,0.0,7.4,12.6,0.0,0.0,0.0,-13.45,45.04,75.0,0.0
2026-04-28T11:00:00Z,2.1,61.2,0.0,7.2,12.3,0.0,0.0,0.0,-6.22,57.87,90.0,0.0
2026-04-28T12:00:00Z,1.9,48.3,0.0,9.3,14.2,7.9,44.3,6.3,2.07,69.86,45.0,0.0383
2026-04-28T13:00:00Z,3.5,66.5,0.0,8.6,13.3,93.0,124.8,69.2,11.01,81.44,15.0,0.5724
2026-04-28T14:00:00Z,5.2,78.8,0.0,4.7,7.3,182.4,101.8,147.2,20.23,93.16,5.0,1.188
2026-04-28T15:00:00Z,6.2,43.1,0.0,6.3,10.7,422.0,388.1,231.9,29.34,105.69,20.0,2.6519
2026-04-28T16:00:00Z,7.8,27.1,0.0,7.3,11.6,586.8,567.5,238.6,37.85,119.91,70.0,3.4834
2026-04-28T17:00:00Z,10.4,50.8,0.0,6.3,9.4,657.7,370.4,395.3,45.1,136.82,85.0,3.1234
2026-04-28T18:00:00Z,10.6,57.3,0.0,8.0,12.0,697.7,319.7,452.2,50.16,157.16,40.0,4.5411
2026-04-28T19:00:00Z,12.8,49.6,0.0,4.1,6.7,756.5,393.5,446.4,51.99,180.24,85.0,3.6265
2026-04-28T20:00:00Z,11.8,66.5,0.0,6.3,8.7,638.8,239.1,455.3,50.11,203.3,90.0,2.7673
2026-04-28T21:00:00Z,14.3,72.3,0.0,7.3,11.7,532.8,185.6,401.5,45.02,223.6,15.0,3.4546
2026-04-28T22:00:00Z,14.2,81.1,0.0,6.0,7.9,372.9,111.9,304.4,37.75,240.46,80.0,1.6645
2026-04-28T23:00:00Z,12.9,54.0,0.0,5.1,7.8,398.7,300.5,251.9,29.24,254.65,65.0,2.0811
2026-04-29T00:00:00Z,13.6,78.0,0.0,16.9,25.1,184.7,106.6,148.0,20.14,267.18,0.0,1.2013
2026-04-29T01:00:00Z,13.3,41.9,0.0,14.6,20.4,109.1,240.5,63.4,10.95,278.9,0.0,0.6886
2026-04-29T02:00:00Z,11.4,75.4,0.4,12.3,19.2,5.9,17.9,5.3,2.04,290.49,40.0,0.0331
2026-04-29T03:00:00Z,11.7,57.1,0.0,12.0,18.0,0.0,0.0,0.0,-6.21,302.49,40.0,0.0
2026-04-29T04:00:00Z,7.9,88.6,3.0,14.2,24.1,0.0,0.0,0.0,-13.37,315.35,15.0,0.0
2026-04-29T05:00:00Z,8.9,63.3,0.0,11.9,17.2,0.0,0.0,0.0,-19.0,329.32,65.0,0.0
2026-04-29T06:00:00Z,5.5,80.5,0.0,13.8,18.4,0.0,0.0,0.0,-22.62,344.4,35.0,0.0
2026-04-29T07:00:00Z,6.0,53.1,0.0,12.9,21.8,0.0,0.0,0.0,-23.85,0.18,35.0,0.0
2026-04-29T08:00:00Z,4.0,62.1,0.0,13.9,24.7,0.0,0.0,0.0,-22.54,15.95,35.0,0.0
2026-04-29T09:00:00Z,4.1,57.4,0.0,13.8,22.1,0.0,0.0,0.0,-18.85,30.99,85.0,0.0
2026-04-29T10:00:00Z,1.8,53.2,0.0,13.0,22.0,0.0,0.0,0.0,-13.15,44.93,75.0,0.0
2026-04-29T11:00:00Z,4.3,68.2,0.0,17.2,24.0,0.0,0.0,0.0,-5.94,57.74,75.0,0.0
2026-04-29T12:00:00Z,2.8,62.5,0.0,6.0,9.3,8.6,34.2,7.2,2.34,69.7,40.0,0.0447
2026-04-29T13:00:00Z,3.8,65.8,0.0,12.3,16.6,97.3,130.1,71.9,11.28,81.27,35.0,0.5288
2026-04-29T14:00:00Z,6.4,43.9,0.0,13.2,20.5,266.1,329.9,150.6,20.5,92.97,50.0,1.448
2026-04-29T15:00:00Z,5.0,48.1,0.0,9.0,16.0,418.3,349.3,245.7,29.61,105.5,55.0,2.4704
2026-04-29T16:00:00Z,6.3,59.1,0.0,12.4,17.5,522.0,284.1,346.6,38.13,119.73,70.0,2.768
2026-04-29T17:00:00Z,7.9,92.5,0.0,16.2,25.5,303.3,38.6,275.8,45.4,136.67,5.0,1.944
2026-04-29T18:00:00Z,9.8,58.1,0.0,11.9,15.5,697.6,313.2,456.0,50.48,157.1,75.0,3.6552
2026-04-29T19:00:00Z,12.9,60.2,0.0,15.5,27.6,708.0,297.0,473.0,52.31,180.3,55.0,4.4304
2026-04-29T20:00:00Z,13.8,53.5,0.0,14.1,18.6,719.7,355.1,446.1,50.41,203.48,55.0,4.3622
2026-04-29T21:00:00Z,14.2,57.8,0.0,8.7,11.8,630.8,308.3,411.7,45.29,223.84,65.0,3.4236
2026-04-29T22:00:00Z,14.3,64.3,0.0,13.8,22.4,494.9,240.7,346.7,37.99,240.72,0.0,3.0403
2026-04-29T23:00:00Z,13.6,62.0,0.0,17.0,27.1,377.8,239.5,260.0,29.46,254.91,85.0,1.5069
2026-04-30T00:00:00Z,13.5,56.6,0.0,7.8,12.1,246.5,241.6,162.4,20.36,267.42,65.0,1.1077
2026-04-30T01:00:00Z,11.9,75.0,0.0,14.0,18.8,84.1,88.8,66.9,11.17,279.13,50.0,0.3791
2026-04-30T02:00:00Z,9.5,86.3,0.5,6.8,10.5,5.3,9.9,4.9,2.27,290.7,45.0,0.0285
2026-04-30T03:00:00Z,11.6,72.4,0.0,11.2,15.4,0.0,0.0,0.0,-5.96,302.69,25.0,0.0
2026-04-30T04:00:00Z,10.1,66.4,0.0,12.4,16.9,0.0,0.0,0.0,-13.11,315.52,30.0,0.0
2026-04-30T05:00:00Z,9.3,75.6,0.6,10.7,18.1,0.0,0.0,0.0,-18.72,329.47,25.0,0.0
2026-04-30T06:00:00Z,6.2,54.2,0.0,14.4,24.8,0.0,0.0,0.0,-22.32,344.5,70.0,0.0
2026-04-30T07:00:00Z,5.3,90.7,0.0,13.2,19.2,0.0,0.0,0.0,-23.54,0.22,80.0,0.0
2026-04-30T08:00:00Z,4.5,80.5,0.0,8.7,11.5,0.0,0.0,0.0,-22.22,15.93,55.0,0.0
2026-04-30T09:00:00Z,5.1,50.4,0.0,14.0,19.5,0.0,0.0,0.0,-18.54,30.92,5.0,0.0
2026-04-30T10:00:00Z,4.0,68.9,0.0,13.4,22.6,0.0,0.0,0.0,-12.86,44.81,10.0,0.0
2026-04-30T11:00:00Z,3.2,73.1,0.0,12.8,18.1,0.0,0.0,0.0,-5.66,57.6,15.0,0.0
2026-04-30T12:00:00Z,3.8,72.0,0.0,10.7,14.4,8.9,26.9,7.7,2.61,69.55,85.0,0.0328
2026-04-30T13:00:00Z,3.7,76.2,0.0,9.7,16.8,86.4,85.6,69.3,11.54,81.1,75.0,0.3453
2026-04-30T14:00:00Z,4.6,72.4,0.0,16.2,26.2,212.7,141.5,162.5,20.76,92.79,65.0,0.9966
2026-04-30T15:00:00Z,8.5,39.1,0.0,11.5,19.9,437.0,423.9,225.8,29.88,105.32,25.0,2.8044
2026-04-30T16:00:00Z,7.1,67.9,0.0,17.1,27.4,480.7,212.9,348.4,38.41,119.55,80.0,2.2151
2026-04-30T17:00:00Z,9.4,75.7,0.1,12.7,19.0,510.2,159.0,396.4,45.7,136.52,60.0,2.7946
2026-04-30T18:00:00Z,10.4,68.1,0.0,8.8,13.8,634.2,226.3,458.9,50.78,157.03,85.0,2.7819
2026-04-30T19:00:00Z,14.2,81.4,0.0,17.4,25.8,515.2,119.2,420.5,52.62,180.36,25.0,3.1085
2026-04-30T20:00:00Z,13.9,62.2,0.0,12.4,19.8,675.9,277.2,461.4,50.7,203.66,25.0,4.3536
2026-04-30T21:00:00Z,13.6,72.5,0.0,10.3,14.6,537.9,185.1,405.8,45.55,224.08,80.0,2.5356
2026-04-30T22:00:00Z,13.6,89.5,0.0,16.8,21.9,291.1,55.8,256.6,38.23,240.98,85.0,1.3524
2026-04-30T23:00:00Z,13.8,59.5,0.0,10.8,15.5,390.0,259.4,261.5,29.69,255.16,15.0,2.598
2026-05-01T00:00:00Z,12.0,90.3,0.1,15.7,27.8,131.5,40.1,117.4,20.58,267.66,35.0,0.7885
2026-05-01T01:00:00Z,11.9,91.3,0.0,13.8,21.8,54.2,25.3,49.2,11.39,279.35,60.0,0.2618
2026-05-01T02:00:00Z,11.9,97.8,0.0,12.5,17.0,3.4,1.2,3.3,2.5,290.92,50.0,0.0202
2026-05-01T03:00:00Z,8.9,64.6,0.0,9.6,13.3,0.0,0.0,0.0,-5.72,302.89,5.0,0.0
2026-05-01T04:00:00Z,10.2,81.0,0.2,9.5,12.8,0.0,0.0,0.0,-12.85,315.7,45.0,0.0
2026-05-01T05:00:00Z,7.7,61.7,0.0,21.2,29.7,0.0,0.0,0.0,-18.44,329.61,90.0,0.0
2026-05-01T06:00:00Z,8.3,100,0.0,17.9,27.1,0.0,0.0,0.0,-22.02,344.59,90.0,0.0
2026-05-01T07:00:00Z,4.9,54.3,0.0,16.7,30.0,0.0,0.0,0.0,-23.23,0.26,80.0,0.0
2026-05-01T08:00:00Z,5.1,90.8,2.1,14.3,19.2,0.0,0.0,0.0,-21.92,15.91,60.0,0.0
2026-05-01T09:00:00Z,4.2,78.8,0.0,23.0,39.0,0.0,0.0,0.0,-18.24,30.85,90.0,0.0
2026-05-01T10:00:00Z,5.7,69.8,0.0,16.1,22.7,0.0,0.0,0.0,-12.57,44.7,10.0,0.0
2026-05-01T11:00:00Z,5.0,82.6,1.1,13.9,22.4,0.0,0.0,0.0,-5.38,57.46,20.0,0.0
2026-05-01T12:00:00Z,0.5,100,0.0,15.2,20.7,3.4,0.0,3.4,2.88,69.39,35.0,0.0226
2026-05-01T13:00:00Z,3.2,94.9,0.0,15.2,25.8,47.4,13.7,44.6,11.8,80.93,0.0,0.3131
2026-05-01T14:00:00Z,4.8,73.6,0.0,12.8,21.1,212.2,135.3,163.7,21.02,92.61,75.0,0.9054
2026-05-01T15:00:00Z,7.3,77.3,4.3,17.1,27.7,313.3,130.2,247.9,30.14,105.13,25.0,2.0736
2026-05-01T16:00:00Z,8.4,99.2,1.7,17.6,23.6,163.7,2.5,162.1,38.69,119.36,20.0,1.0307
2026-05-01T17:00:00Z,8.6,97.3,0.0,17.7,31.7,229.4,11.4,221.2,45.99,136.37,0.0,1.4747
2026-05-01T18:00:00Z,11.7,85.3,0.0,16.1,28.4,450.3,89.2,380.9,51.09,156.96,35.0,2.8607
2026-05-01T19:00:00Z,12.4,100,0.1,12.9,20.9,206.3,0.0,206.3,52.92,180.42,0.0,1.3933
2026-05-01T20:00:00Z,12.7,88.6,0.0,15.4,21.7,401.5,65.8,350.4,50.99,203.83,55.0,2.3017
2026-05-01T21:00:00Z,15.3,64.9,0.0,17.2,30.5,597.5,248.0,419.7,45.81,224.31,30.0,3.6568
2026-05-01T22:00:00Z,14.0,58.4,0.0,15.9,25.2,530.0,290.6,349.2,38.47,241.23,75.0,2.7004
2026-05-01T23:00:00Z,14.6,66.7,0.0,20.0,33.7,366.1,205.7,263.5,29.91,255.4,60.0,1.9411
2026-05-02T00:00:00Z,14.0,20.2,0.0,9.1,12.2,283.4,506.7,103.5,20.79,267.9,70.0,1.0803
2026-05-02T01:00:00Z,14.7,24.6,0.0,6.9,9.2,123.2,342.0,54.4,11.6,279.58,20.0,0.6253
2026-05-02T02:00:00Z,11.4,51.5,0.0,11.5,15.0,11.6,54.3,9.0,2.72,291.12,55.0,0.052
2026-05-02T03:00:00Z,13.3,60.8,0.0,9.8,14.8,0.0,0.0,0.0,-5.48,303.08,10.0,0.0
2026-05-02T04:00:00Z,11.1,44.1,0.0,10.9,17.2,0.0,0.0,0.0,-12.59,315.86,5.0,0.0
2026-05-02T05:00:00Z,8.0,38.3,0.0,13.8,21.0,0.0,0.0,0.0,-18.16,329.74,65.0,0.0
2026-05-02T06:00:00Z,4.4,53.7,0.0,8.7,13.8,0.0,0.0,0.0,-21.73,344.68,85.0,0.0
2026-05-02T07:00:00Z,4.2,56.7,0.0,11.8,20.0,0.0,0.0,0.0,-22.92,0.29,0.0,0.0
2026-05-02T08:00:00Z,5.0,47.1,0.0,11.2,19.9,0.0,0.0,0.0,-21.61,15.88,40.0,0.0
2026-05-02T09:00:00Z,3.3,43.3,0.0,9.5,13.4,0.0,0.0,0.0,-17.94,30.78,35.0,0.0
2026-05-02T10:00:00Z,3.7,44.4,0.0,11.3,15.9,0.0,0.0,0.0,-12.28,44.59,40.0,0.0
2026-05-02T11:00:00Z,5.5,28.2,0.0,12.6,19.9,0.0,0.0,0.0,-5.1,57.32,80.0,0.0
2026-05-02T12:00:00Z,3.5,58.7,0.0,12.1,19.5,13.8,52.1,10.9,3.14,69.23,5.0,0.0817
2026-05-02T13:00:00Z,6.0,48.1,0.0,9.8,14.7,123.2,224.3,76.3,12.06,80.75,5.0,0.8244
2026-05-02T14:00:00Z,4.8,49.9,0.0,12.4,19.4,272.3,293.1,166.0,21.27,92.43,65.0,1.2715
2026-05-02T15:00:00Z,8.9,25.3,0.0,9.7,14.1,457.0,545.1,181.2,30.4,104.94,75.0,2.2094
2026-05-02T16:00:00Z,10.0,30.5,0.0,14.2,24.6,602.7,539.7,263.4,38.96,119.18,55.0,3.7238
2026-05-02T17:00:00Z,9.6,50.8,0.0,13.8,18.6,674.4,372.6,405.1,46.27,136.22,0.0,4.1025
2026-05-02T18:00:00Z,12.0,41.0,0.0,11.9,16.6,775.0,474.2,404.5,51.39,156.88,20.0,4.9027
2026-05-02T19:00:00Z,12.5,52.0,0.0,11.1,17.9,762.0,372.5,463.6,53.23,180.47,75.0,3.7649
2026-05-02T20:00:00Z,12.5,53.6,0.0,9.9,13.0,730.4,355.5,453.1,51.27,204.0,0.0,4.3984
2026-05-02T21:00:00Z,11.9,74.5,0.0,8.8,11.6,525.5,168.9,403.9,46.07,224.55,75.0,2.5297
2026-05-02T22:00:00Z,15.3,52.8,0.0,12.2,18.4,554.5,338.4,342.9,38.7,241.48,75.0,2.7969
2026-05-02T23:00:00Z,13.3,73.3,0.0,14.7,22.5,336.5,158.0,257.2,30.13,255.65,30.0,1.9502
2026-05-03T00:00:00Z,15.8,28.4,0.0,24.7,36.1,285.2,447.5,124.8,21.01,268.13,20.0,1.6022
2026-05-03T01:00:00Z,13.7,29.2,0.0,26.0,38.8,126.0,321.0,60.2,11.82,279.79,15.0,0.7423
2026-05-03T02:00:00Z,13.2,23.4,0.0,16.7,26.8,14.1,102.0,8.9,2.95,291.33,80.0,0.0418
2026-05-03T03:00:00Z,13.8,17.1,0.0,20.5,32.9,0.0,0.0,0.0,-5.24,303.26,70.0,0.0
2026-05-03T04:00:00Z,9.9,31.9,0.0,18.9,33.6,0.0,0.0,0.0,-12.33,316.03,70.0,0.0
2026-05-03T05:00:00Z,8.0,33.3,0.0,19.9,32.4,0.0,0.0,0.0,-17.89,329.87,25.0,0.0
2026-05-03T06:00:00Z,7.3,45.6,0.0,31.9,57.2,0.0,0.0,0.0,-21.44,344.77,55.0,0.0
2026-05-03T07:00:00Z,7.8,20.1,0.0,15.1,20.5,0.0,0.0,0.0,-22.62,0.32,85.0,0.0
2026-05-03T08:00:00Z,6.2,49.1,0.0,21.6,29.2,0.0,0.0,0.0,-21.31,15.86,50.0,0.0
2026-05-03T09:00:00Z,6.8,47.7,0.0,22.0,29.5,0.0,0.0,0.0,-17.65,30.7,15.0,0.0
2026-05-03T10:00:00Z,4.1,31.1,0.0,17.3,26.9,0.0,0.0,0.0,-12.0,44.48,35.0,0.0
2026-05-03T11:00:00Z,3.4,32.9,0.0,18.4,31.0,0.0,0.0,0.0,-4.84,57.19,70.0,0.0
2026-05-03T12:00:00Z,4.8,32.4,0.0,22.1,32.0,17.5,102.0,11.4,3.4,69.08,0.0,0.1216
2026-05-03T13:00:00Z,6.6,11.7,0.0,19.6,26.1,135.4,429.6,43.8,12.31,80.58,85.0,0.2426
2026-05-03T14:00:00Z,5.1,49.0,0.0,25.8,44.2,277.8,300.7,167.5,21.52,92.25,20.0,1.7874
2026-05-03T15:00:00Z,8.3,33.2,0.0,20.8,29.2,456.7,478.0,213.0,30.65,104.75,10.0,2.9586
2026-05-03T16:00:00Z,9.4,26.1,0.0,16.4,24.1,610.5,582.0,242.5,39.22,119.0,20.0,4.0019
2026-05-03T17:00:00Z,12.6,19.8,0.0,26.6,46.0,731.1,670.4,244.4,46.55,136.06,50.0,4.9105
2026-05-03T18:00:00Z,13.4,27.9,0.0,18.8,25.6,800.3,603.4,326.9,51.69,156.81,35.0,5.3269
2026-05-03T19:00:00Z,12.1,34.3,0.0,19.9,31.6,816.9,544.1,379.4,53.52,180.52,15.0,5.5008
2026-05-03T20:00:00Z,13.9,45.2,0.0,21.7,38.0,765.8,434.4,425.6,51.55,204.17,15.0,4.7095
2026-05-03T21:00:00Z,15.1,31.5,0.0,18.0,24.9,719.1,554.4,318.1,46.32,224.78,5.0,4.4064
2026-05-03T22:00:00Z,15.4,20.6,0.0,12.5,16.9,608.3,633.4,210.3,38.93,241.72,10.0,4.0301
2026-05-03T23:00:00Z,15.4,40.1,0.0,25.1,45.1,443.9,418.0,232.7,30.34,255.88,65.0,2.3354
2026-05-04T00:00:00Z,13.8,58.3,0.0,11.0,16.2,257.2,235.1,172.1,21.22,268.35,0.0,1.6534
2026-05-04T01:00:00Z,13.6,59.9,0.0,12.2,15.9,113.7,164.0,79.5,12.03,280.01,30.0,0.6058
2026-05-04T02:00:00Z,12.6,50.6,0.0,10.6,18.7,14.7,65.1,11.1,3.17,291.53,5.0,0.0801
2026-05-04T03:00:00Z,13.5,54.6,0.0,9.7,14.2,0.0,0.0,0.0,-5.0,303.45,40.0,0.0
2026-05-04T04:00:00Z,10.4,57.2,0.0,12.2,16.1,0.0,0.0,0.0,-12.08,316.19,25.0,0.0
2026-05-04T05:00:00Z,9.4,79.8,0.0,9.0,15.3,0.0,0.0,0.0,-17.61,330.0,0.0,0.0
2026-05-04T06:00:00Z,7.2,49.5,0.0,9.3,14.1,0.0,0.0,0.0,-21.15,344.85,90.0,0.0
2026-05-04T07:00:00Z,6.6,52.8,0.0,11.7,18.1,0.0,0.0,0.0,-22.33,0.35,70.0,0.0
2026-05-04T08:00:00Z,4.7,63.7,0.0,10.7,19.2,0.0,0.0,0.0,-21.01,15.83,75.0,0.0
2026-05-04T09:00:00Z,4.5,43.2,0.0,12.2,21.7,0.0,0.0,0.0,-17.36,30.63,90.0,0.0
2026-05-04T10:00:00Z,4.8,92.0,0.0,11.2,18.3,0.0,0.0,0.0,-11.73,44.37,90.0,0.0
2026-05-04T11:00:00Z,5.2,42.6,0.0,10.6,15.5,0.0,0.0,0.0,-4.57,57.05,35.0,0.0
2026-05-04T12:00:00Z,1.5,47.2,0.0,12.3,19.4,18.7,81.6,13.5,3.65,68.92,60.0,0.0792
2026-05-04T13:00:00Z,2.4,57.4,0.0,9.1,12.0,123.6,181.4,84.2,12.56,80.41,70.0,0.476
2026-05-04T14:00:00Z,6.3,59.6,0.0,11.6,20.4,263.0,228.4,178.3,21.77,92.07,30.0,1.6156
2026-05-04T15:00:00Z,5.1,68.0,0.0,12.2,16.7,374.6,198.5,272.7,30.9,104.57,45.0,2.2174
2026-05-04T16:00:00Z,8.4,45.5,0.0,10.1,16.0,587.5,404.3,330.5,39.48,118.81,65.0,3.2146
2026-05-04T17:00:00Z,10.1,58.1,0.0,7.3,11.5,650.2,308.0,425.6,46.83,135.91,65.0,3.5388
2026-05-04T18:00:00Z,11.7,58.4,0.0,11.9,17.1,714.3,312.2,468.4,51.98,156.73,0.0,4.4043
2026-05-04T19:00:00Z,12.6,56.0,0.0,9.3,12.9,749.8,336.5,478.2,53.82,180.57,80.0,3.5557
2026-05-04T20:00:00Z,13.7,65.8,0.0,13.8,22.5,663.7,246.6,469.8,51.83,204.34,85.0,2.7884
2026-05-04T21:00:00Z,13.9,53.9,0.0,12.3,18.5,666.2,344.8,415.8,46.57,225.0,70.0,3.4378
2026-05-04T22:00:00Z,14.1,63.6,0.0,13.0,18.8,515.2,248.4,358.3,39.16,241.96,80.0,2.3683
2026-05-04T23:00:00Z,15.0,44.3,0.0,11.1,17.8,441.4,384.3,246.0,30.56,256.12,85.0,1.8
2026-05-05T00:00:00Z,16.3,40.4,0.0,16.6,27.1,285.7,362.4,153.3,21.43,268.57,25.0,1.7801
2026-05-05T01:00:00Z,13.7,57.8,0.0,11.6,16.2,118.7,176.4,81.3,12.25,280.21,20.0,0.6955
2026-05-05T02:00:00Z,13.0,65.3,0.0,13.7,22.4,14.5,45.7,11.8,3.39,291.72,90.0,0.0489
2026-05-05T03:00:00Z,11.9,54.6,0.0,20.3,35.5,0.0,0.0,0.0,-4.77,303.62,50.0,0.0
2026-05-05T04:00:00Z,12.4,40.2,0.0,15.2,22.8,0.0,0.0,0.0,-11.83,316.34,5.0,0.0
2026-05-05T05:00:00Z,8.9,53.8,0.0,15.7,22.5,0.0,0.0,0.0,-17.34,330.12,45.0,0.0
2026-05-05T06:00:00Z,7.4,44.2,0.0,11.8,20.1,0.0,0.0,0.0,-20.86,344.93,15.0,0.0
2026-05-05T07:00:00Z,5.6,49.0,0.0,19.8,27.6,0.0,0.0,0.0,-22.03,0.38,45.0,0.0
2026-05-05T08:00:00Z,4.9,60.5,0.0,16.3,26.1,0.0,0.0,0.0,-20.72,15.8,85.0,0.0
2026-05-05T09:00:00Z,6.5,79.6,1.4,15.0,20.1,0.0,0.0,0.0,-17.07,30.55,55.0,0.0
2026-05-05T10:00:00Z,4.1,60.7,0.0,16.7,27.9,0.0,0.0,0.0,-11.45,44.26,90.0,0.0
2026-05-05T11:00:00Z,4.7,87.0,0.0,13.1,17.1,0.0,0.0,0.0,-4.31,56.91,40.0,0.0
2026-05-05T12:00:00Z,3.9,68.3,0.0,12.0,21.5,17.5,47.3,14.3,3.9,68.77,50.0,0.0865
2026-05-05T13:00:00Z,4.4,59.1,0.0,20.6,28.4,125.4,174.9,86.7,12.8,80.25,55.0,0.4882
2026-05-05T14:00:00Z,7.1,67.1,0.0,12.5,19.1,247.3,179.5,180.0,22.0,91.89,10.0,1.5633
2026-05-05T15:00:00Z,7.1,48.5,0.0,9.0,14.2,443.3,351.5,261.5,31.14,104.38,30.0,2.9132
2026-05-05T16:00:00Z,9.3,51.2,0.0,15.5,21.0,575.8,354.9,348.9,39.73,118.63,85.0,2.4716
2026-05-05T17:00:00Z,10.8,43.8,0.0,17.7,25.2,708.2,439.3,386.4,47.1,135.75,45.0,4.5402
2026-05-05T18:00:00Z,10.3,68.9,0.0,17.2,30.3,643.8,220.7,469.3,52.26,156.65,35.0,4.0861
2026-05-05T19:00:00Z,13.0,53.2,0.0,15.2,23.2,767.3,362.7,473.5,54.11,180.61,75.0,3.584
2026-05-05T20:00:00Z,15.2,51.4,0.0,15.2,22.7,750.6,376.9,453.2,52.1,204.5,0.0,4.6021
2026-05-05T21:00:00Z,15.2,51.1,0.0,14.7,23.1,681.0,370.8,410.6,46.82,225.22,65.0,3.7018
2026-05-05T22:00:00Z,16.1,43.9,0.0,19.0,28.8,589.9,418.9,324.1,39.38,242.2,20.0,3.8048
2026-05-05T23:00:00Z,13.6,48.8,0.0,12.5,19.8,436.5,348.2,258.4,30.77,256.35,90.0,1.5093
2026-05-06T00:00:00Z,14.0,34.6,0.0,20.4,30.6,293.6,406.8,143.6,21.64,268.79,20.0,1.8422
2026-05-06T01:00:00Z,13.6,37.0,0.0,13.1,20.4,134.3,288.9,72.0,12.45,280.42,35.0,0.6098
2026-05-06T02:00:00Z,11.7,18.4,0.0,9.3,14.0,19.4,135.8,10.9,3.61,291.91,35.0,0.0674
2026-05-06T03:00:00Z,11.8,57.9,0.0,18.3,27.9,0.0,0.0,0.0,-4.54,303.8,55.0,0.0
2026-05-06T04:00:00Z,11.2,57.1,0.0,16.4,25.6,0.0,0.0,0.0,-11.58,316.49,0.0,0.0
2026-05-06T05:00:00Z,9.5,55.0,0.0,14.7,24.5,0.0,0.0,0.0,-17.08,330.24,70.0,0.0
2026-05-06T06:00:00Z,6.3,41.8,0.0,15.0,23.8,0.0,0.0,0.0,-20.58,345.0,10.0,0.0
2026-05-06T07:00:00Z,8.0,25.8,0.0,18.5,32.2,0.0,0.0,0.0,-21.75,0.4,40.0,0.0
2026-05-06T08:00:00Z,6.0,56.4,0.0,16.8,28.3,0.0,0.0,0.0,-20.44,15.77,30.0,0.0
2026-05-06T09:00:00Z,4.2,56.4,0.0,15.6,21.6,0.0,0.0,0.0,-16.8,30.48,45.0,0.0
2026-05-06T10:00:00Z,3.8,57.0,0.0,19.4,32.0,0.0,0.0,0.0,-11.19,44.15,80.0,0.0
2026-05-06T11:00:00Z,5.4,53.6,0.0,16.9,23.5,0.0,0.0,0.0,-4.06,56.78,60.0,0.0
2026-05-06T12:00:00Z,2.1,57.5,0.0,12.9,22.2,21.5,71.4,16.3,4.14,68.62,85.0,0.0739
2026-05-06T13:00:00Z,6.2,40.9,0.0,17.0,29.9,142.1,275.4,80.0,13.03,80.08,60.0,0.4502
2026-05-06T14:00:00Z,8.5,35.2,0.0,17.5,24.3,304.0,406.7,150.1,22.24,91.71,60.0,1.3933
2026-05-06T15:00:00Z,8.2,33.2,0.0,14.5,20.7,469.6,481.4,218.9,31.38,104.19,15.0,3.1607
2026-05-06T16:00:00Z,8.7,57.1,0.0,21.2,30.5,557.9,304.6,362.2,39.98,118.44,85.0,2.443
2026-05-06T17:00:00Z,9.7,70.6,0.0,17.1,23.0,574.3,201.7,425.9,47.37,135.59,70.0,2.8737
2026-05-06T18:00:00Z,14.6,28.6,0.0,12.5,22.1,811.4,598.9,336.0,52.55,156.56,0.0,4.8041
2026-05-06T19:00:00Z,14.0,50.0,0.0,11.4,15.8,784.8,393.0,465.3,54.39,180.65,15.0,4.7569
2026-05-06T20:00:00Z,14.9,33.1,0.0,18.8,27.4,803.5,553.4,365.2,52.37,204.65,65.0,4.6825
2026-05-06T21:00:00Z,15.8,40.6,0.0,22.1,32.9,715.2,469.4,371.6,47.06,225.44,70.0,3.7075
2026-05-06T22:00:00Z,14.7,50.8,0.0,12.8,19.6,575.3,358.7,346.6,39.61,242.43,50.0,3.3122
2026-05-06T23:00:00Z,14.7,51.3,0.0,16.5,27.1,434.3,328.6,265.2,30.98,256.57,80.0,1.7395
2026-05-07T00:00:00Z,14.3,70.8,0.0,15.7,27.8,233.0,154.9,175.4,21.84,269.01,5.0,1.4377
2026-05-07T01:00:00Z,12.9,72.8,0.0,9.8,14.3,105.1,106.3,81.8,12.66,280.62,20.0,0.6145
2026-05-07T02:00:00Z,11.8,73.4,0.0,16.2,27.6,15.7,37.5,13.2,3.82,292.1,5.0,0.0997
2026-05-07T03:00:00Z,13.2,89.0,0.0,12.0,17.3,0.0,0.0,0.0,-4.31,303.97,10.0,0.0
2026-05-07T04:00:00Z,11.6,66.2,0.0,11.4,19.1,0.0,0.0,0.0,-11.33,316.64,55.0,0.0
2026-05-07T05:00:00Z,9.3,50.2,0.0,11.6,19.9,0.0,0.0,0.0,-16.82,330.35,45.0,0.0
2026-05-07T06:00:00Z,8.2,75.1,0.0,14.2,25.5,0.0,0.0,0.0,-20.31,345.07,25.0,0.0
2026-05-07T07:00:00Z,5.9,79.4,0.0,13.1,22.4,0.0,0.0,0.0,-21.46,0.42,50.0,0.0
2026-05-07T08:00:00Z,4.6,91.4,0.0,12.4,18.5,0.0,0.0,0.0,-20.15,15.74,85.0,0.0
2026-05-07T09:00:00Z,5.3,67.0,0.0,15.5,27.7,0.0,0.0,0.0,-16.52,30.4,60.0,0.0
2026-05-07T10:00:00Z,5.3,74.0,0.0,16.0,22.4,0.0,0.0,0.0,-10.93,44.04,50.0,0.0
2026-05-07T11:00:00Z,3.8,52.1,0.0,14.1,21.3,0.0,0.0,0.0,-3.81,56.64,30.0,0.0
2026-05-07T12:00:00Z,3.3,94.5,0.0,12.4,21.3,10.1,6.5,9.6,4.38,68.46,30.0,0.0617
2026-05-07T13:00:00Z,5.3,70.7,0.0,20.1,26.6,116.4,120.1,88.8,13.26,79.91,30.0,0.6622
2026-05-07T14:00:00Z,5.4,85.6,0.0,16.9,23.5,175.6,67.1,150.0,22.47,91.53,20.0,1.1308
2026-05-07T15:00:00Z,7.6,60.7,0.0,11.7,16.4,416.1,255.9,282.0,31.61,104.0,90.0,1.477
2026-05-07T16:00:00Z,8.3,60.1,0.0,12.1,20.2,548.2,280.0,367.4,40.22,118.25,15.0,3.539
2026-05-07T17:00:00Z,10.1,69.4,0.0,10.0,14.1,587.5,212.5,430.5,47.62,135.43,5.0,3.601
2026-05-07T18:00:00Z,11.8,62.8,0.0,15.7,25.8,696.8,274.0,478.5,52.82,156.47,10.0,4.1389
2026-05-07T19:00:00Z,13.0,80.7,1.9,18.2,32.2,542.0,125.8,439.4,54.67,180.69,25.0,3.4288
2026-05-07T20:00:00Z,14.2,62.6,0.0,12.6,17.3,696.1,275.8,476.9,52.63,204.81,70.0,3.7585
2026-05-07T21:00:00Z,14.5,47.6,0.0,21.9,28.7,700.0,403.8,403.2,47.3,225.65,90.0,2.9026
2026-05-07T22:00:00Z,16.3,65.6,0.0,13.8,18.1,513.5,233.4,364.0,39.83,242.66,40.0,3.0133
2026-05-07T23:00:00Z,16.4,46.0,0.0,11.5,17.7,449.1,372.6,256.2,31.18,256.8,0.0,2.7972
2026-05-08T00:00:00Z,15.1,56.3,0.0,11.3,17.9,274.5,252.9,179.6,22.04,269.21,60.0,1.2844
2026-05-08T01:00:00Z,15.9,32.2,0.0,9.9,16.8,142.3,322.1,70.6,12.87,280.81,30.0,0.6758
2026-05-08T02:00:00Z,12.6,65.8,0.0,11.6,19.2,19.1,53.7,15.3,4.04,292.28,60.0,0.0827
2026-05-08T03:00:00Z,12.5,65.3,0.0,13.9,23.9,0.0,0.0,0.0,-4.08,304.13,0.0,0.0
2026-05-08T04:00:00Z,9.1,68.2,0.0,8.4,13.4,0.0,0.0,0.0,-11.09,316.78,40.0,0.0
2026-05-08T05:00:00Z,9.3,54.5,0.0,6.9,9.6,0.0,0.0,0.0,-16.56,330.46,45.0,0.0
2026-05-08T06:00:00Z,9.7,52.9,0.0,11.5,17.7,0.0,0.0,0.0,-20.04,345.14,75.0,0.0
2026-05-08T07:00:00Z,8.4,54.9,0.0,11.3,18.3,0.0,0.0,0.0,-21.19,0.44,80.0,0.0
2026-05-08T08:00:00Z,5.1,38.0,0.0,10.3,16.9,0.0,0.0,0.0,-19.88,15.71,75.0,0.0
2026-05-08T09:00:00Z,4.4,62.8,0.0,9.4,16.5,0.0,0.0,0.0,-16.25,30.32,30.0,0.0
2026-05-08T10:00:00Z,7.2,42.1,0.0,7.7,11.3,0.0,0.0,0.0,-10.67,43.93,35.0,0.0
2026-05-08T11:00:00Z,3.2,75.4,3.7,13.9,22.4,0.0,0.0,0.0,-3.57,56.51,90.0,0.0
2026-05-08T12:00:00Z,1.1,58.0,0.0,10.8,18.3,25.4,78.5,19.1,4.62,68.31,65.0,0.1084
2026-05-08T13:00:00Z,5.1,61.4,0.0,7.5,13.2,132.8,168.7,93.5,13.49,79.74,10.0,0.8674
2026-05-08T14:00:00Z,6.5,55.4,0.0,10.4,14.7,286.9,262.3,185.7,22.69,91.35,80.0,1.0392
2026-05-08T15:00:00Z,9.2,38.6,0.0,11.2,17.4,471.9,437.3,241.2,31.84,103.81,5.0,2.8494
2026-05-08T16:00:00Z,8.7,59.6,0.0,10.8,18.3,553.8,284.2,369.4,40.46,118.06,40.0,3.1835
2026-05-08T17:00:00Z,11.3,59.3,0.0,10.2,18.1,657.6,298.8,436.0,47.88,135.26,80.0,3.1067
2026-05-08T18:00:00Z,10.0,92.9,0.0,10.1,14.4,344.9,37.8,314.7,53.09,156.38,75.0,1.6281
2026-05-08T19:00:00Z,12.3,80.2,0.0,9.2,15.7,550.5,129.7,444.3,54.95,180.72,55.0,3.0264
2026-05-08T20:00:00Z,15.2,62.6,0.0,9.8,13.0,699.4,276.3,479.0,52.9,204.96,5.0,4.2543
2026-05-08T21:00:00Z,15.1,59.7,0.0,9.9,16.5,651.3,295.2,433.5,47.54,225.86,35.0,4.0822
2026-05-08T22:00:00Z,15.0,85.6,0.0,11.6,18.0,351.2,82.4,298.2,40.04,242.88,10.0,2.1443
2026-05-08T23:00:00Z,15.7,88.5,0.0,9.9,14.6,241.4,58.3,211.0,31.39,257.01,55.0,1.2867
2026-05-09T00:00:00Z,15.9,55.8,0.0,26.0,34.8,278.8,257.3,181.4,22.24,269.42,5.0,1.8314
2026-05-09T01:00:00Z,15.0,20.0,0.0,24.4,33.7,147.6,396.4,57.9,13.07,281.0,30.0,0.6293
2026-05-09T02:00:00Z,14.2,26.2,0.0,17.7,29.6,25.0,142.1,14.5,4.25,292.45,90.0,0.0617
2026-05-09T03:00:00Z,10.7,38.9,0.0,18.3,25.5,0.0,0.0,0.0,-3.86,304.29,50.0,0.0
2026-05-09T04:00:00Z,12.5,23.4,0.0,11.4,18.4,0.0,0.0,0.0,-10.85,316.92,25.0,0.0
2026-05-09T05:00:00Z,9.3,19.2,0.0,27.9,40.1,0.0,0.0,0.0,-16.3,330.57,65.0,0.0
2026-05-09T06:00:00Z,7.8,34.7,0.0,19.4,27.5,0.0,0.0,0.0,-19.77,345.2,35.0,0.0
2026-05-09T07:00:00Z,6.8,32.7,0.0,30.3,41.7,0.0,0.0,0.0,-20.91,0.45,0.0,0.0
2026-05-09T08:00:00Z,6.4,50.8,0.0,20.3,36.1,0.0,0.0,0.0,-19.6,15.67,20.0,0.0
2026-05-09T09:00:00Z,4.6,13.4,0.0,25.0,39.7,0.0,0.0,0.0,-15.99,30.25,90.0,0.0
2026-05-09T10:00:00Z,6.1,19.3,0.0,24.8,35.5,0.0,0.0,0.0,-10.42,43.82,85.0,0.0
2026-05-09T11:00:00Z,4.1,47.6,0.0,14.6,26.1,0.0,0.0,0.0,-3.33,56.37,45.0,0.0
2026-05-09T12:00:00Z,4.0,53.6,0.0,17.7,28.6,28.3,92.6,20.5,4.84,68.16,30.0,0.1308
2026-05-09T13:00:00Z,5.1,47.0,0.0,14.2,21.0,149.6,248.9,90.6,13.71,79.58,35.0,0.7068
2026-05-09T14:00:00Z,8.4,30.0,0.0,22.1,37.8,319.0,452.1,143.0,22.91,91.17,75.0,1.145
2026-05-09T15:00:00Z,8.6,36.4,0.0,23.1,33.3,478.4,457.2,235.7,32.06,103.63,0.0,3.0082
2026-05-09T16:00:00Z,10.4,23.5,0.0,18.5,26.6,636.4,612.8,236.9,40.69,117.87,65.0,3.712
2026-05-09T17:00:00Z,11.5,52.0,0.0,19.7,26.2,695.5,364.8,423.9,48.13,135.1,35.0,4.296
2026-05-09T18:00:00Z,14.6,48.5,0.0,24.5,35.6,778.0,406.0,452.2,53.36,156.28,45.0,4.5095
2026-05-09T19:00:00Z,14.0,21.6,0.0,26.7,42.5,852.1,676.5,296.5,55.22,180.75,55.0,5.2603
2026-05-09T20:00:00Z,15.1,47.8,0.0,25.5,40.4,777.8,412.0,448.1,53.15,205.1,65.0,4.0375
2026-05-09T21:00:00Z,16.3,43.0,0.0,27.7,40.0,719.9,448.1,388.1,47.77,226.07,55.0,4.152
2026-05-09T22:00:00Z,15.0,40.0,0.0,19.5,33.1,611.6,456.4,316.7,40.26,243.1,60.0,3.23
2026-05-09T23:00:00Z,16.4,21.9,0.0,14.3,22.0,479.8,582.6,174.6,31.59,257.22,15.0,3.0452
2026-05-10T00:00:00Z,14.0,50.7,0.0,39.9,61.6,291.1,294.4,178.7,22.44,269.62,75.0,1.1131
2026-05-10T01:00:00Z,13.5,28.7,0.0,36.5,64.2,149.7,348.5,69.7,13.27,281.19,10.0,0.8931
2026-05-10T02:00:00Z,13.2,41.0,0.0,29.4,52.1,26.3,114.0,17.4,4.46,292.62,0.0,0.1609
2026-05-10T03:00:00Z,12.9,35.4,0.0,26.7,45.3,0.0,0.0,0.0,-3.63,304.45,60.0,0.0
2026-05-10T04:00:00Z,12.3,23.1,0.0,28.0,41.4,0.0,0.0,0.0,-10.62,317.05,0.0,0.0
2026-05-10T05:00:00Z,11.0,39.7,0.0,44.1,61.3,0.0,0.0,0.0,-16.05,330.67,20.0,0.0
2026-05-10T06:00:00Z,9.6,49.4,0.0,16.1,25.5,0.0,0.0,0.0,-19.51,345.26,30.0,0.0
2026-05-10T07:00:00Z,6.8,48.0,0.0,31.1,41.9,0.0,0.0,0.0,-20.64,0.46,10.0,0.0
2026-05-10T08:00:00Z,6.2,49.0,0.0,40.4,57.4,0.0,0.0,0.0,-19.34,15.64,30.0,0.0
2026-05-10T09:00:00Z,9.0,24.9,0.0,22.6,31.8,0.0,0.0,0.0,-15.73,30.17,85.0,0.0
2026-05-10T10:00:00Z,7.7,39.9,0.0,29.1,40.5,0.0,0.0,0.0,-10.17,43.71,40.0,0.0
2026-05-10T11:00:00Z,5.9,53.8,0.0,26.8,44.7,0.0,0.0,0.0,-3.1,56.24,90.0,0.0
2026-05-10T12:00:00Z,3.3,40.0,0.0,37.5,55.9,32.3,131.8,20.7,5.06,68.01,85.0,0.0987
2026-05-10T13:00:00Z,6.1,41.3,0.0,40.3,53.5,156.3,283.9,88.0,13.92,79.41,50.0,0.5569
2026-05-10T14:00:00Z,6.8,45.1,0.0,40.4,56.3,310.6,339.3,177.4,23.12,90.99,80.0,1.0862
2026-05-10T15:00:00Z,10.6,39.6,0.0,37.3,60.2,478.2,431.0,248.1,32.27,103.44,30.0,2.912
2026-05-10T16:00:00Z,8.4,43.2,0.0,35.4,58.4,616.0,429.9,334.4,40.92,117.69,5.0,3.7365
2026-05-10T17:00:00Z,12.6,53.3,0.0,33.8,45.7,693.7,354.0,429.1,48.37,134.93,55.0,3.8412
2026-05-10T18:00:00Z,14.4,38.1,0.0,27.0,39.5,811.0,506.3,403.4,53.62,156.19,60.0,4.6913
2026-05-10T19:00:00Z,13.9,43.4,0.0,39.5,61.5,821.2,457.5,444.2,55.49,180.77,25.0,5.3491
2026-05-10T20:00:00Z,14.5,42.1,0.0,31.9,51.5,798.8,467.1,423.8,53.41,205.24,30.0,4.8249
2026-05-10T21:00:00Z,13.6,32.0,0.0,29.9,39.1,743.6,554.2,331.7,48.01,226.27,90.0,2.9493
2026-05-10T22:00:00Z,14.8,30.4,0.0,25.2,35.4,627.9,546.2,273.4,40.47,243.31,35.0,4.0076
2026-05-10T23:00:00Z,15.8,35.6,0.0,26.6,40.0,474.6,463.4,230.5,31.79,257.43,50.0,2.8148
2026-05-11T00:00:00Z,15.0,62.2,0.0,5.9,8.5,270.5,214.5,187.9,22.64,269.81,45.0,1.5017
2026-05-11T01:00:00Z,15.0,51.4,0.0,8.3,12.5,142.7,222.3,90.9,13.47,281.37,40.0,0.6163
2026-05-11T02:00:00Z,14.7,42.9,0.0,8.9,13.2,28.1,114.7,18.8,4.67,292.79,75.0,0.0921
2026-05-11T03:00:00Z,15.5,55.2,0.0,5.6,9.3,0.0,0.0,0.0,-3.42,304.6,80.0,0.0
2026-05-11T04:00:00Z,11.8,61.2,0.0,6.0,10.0,0.0,0.0,0.0,-10.38,317.18,85.0,0.0
2026-05-11T05:00:00Z,11.0,71.8,0.0,8.9,13.0,0.0,0.0,0.0,-15.8,330.77,20.0,0.0
2026-05-11T06:00:00Z,9.4,46.0,0.0,6.5,9.6,0.0,0.0,0.0,-19.25,345.32,75.0,0.0
2026-05-11T07:00:00Z,7.3,56.6,0.0,6.9,10.0,0.0,0.0,0.0,-20.38,0.47,0.0,0.0
2026-05-11T08:00:00Z,4.2,37.8,0.0,6.0,10.2,0.0,0.0,0.0,-19.08,15.6,85.0,0.0
2026-05-11T09:00:00Z,7.4,68.0,0.0,6.7,9.9,0.0,0.0,0.0,-15.48,30.09,50.0,0.0
2026-05-11T10:00:00Z,5.9,59.8,0.0,6.6,11.4,0.0,0.0,0.0,-9.93,43.6,50.0,0.0
2026-05-11T11:00:00Z,4.7,40.3,0.0,6.5,10.1,0.0,0.0,0.0,-2.87,56.11,20.0,0.0
2026-05-11T12:00:00Z,6.8,44.1,0.0,6.1,8.6,34.2,125.8,22.6,5.28,67.86,80.0,0.1084
2026-05-11T13:00:00Z,8.5,25.6,0.0,6.7,9.9,164.7,380.8,71.7,14.13,79.25,45.0,0.5791
2026-05-11T14:00:00Z,7.9,53.5,0.0,7.6,11.2,301.1,278.7,190.7,23.33,90.81,90.0,0.8703
2026-05-11T15:00:00Z,10.3,52.3,0.0,9.6,14.9,456.5,325.0,282.0,32.48,103.25,25.0,2.9662
2026-05-11T16:00:00Z,10.7,56.5,0.0,6.7,10.7,577.7,312.5,372.1,41.14,117.5,35.0,3.4231
2026-05-11T17:00:00Z,11.7,49.5,0.0,5.6,8.2,711.8,388.8,420.1,48.61,134.76,45.0,4.489
2026-05-11T18:00:00Z,12.4,41.8,0.0,7.0,9.8,805.7,470.9,425.3,53.88,156.09,50.0,4.7944
2026-05-11T19:00:00Z,13.9,38.1,0.0,10.9,17.0,838.1,510.4,416.2,55.75,180.79,65.0,4.7146
2026-05-11T20:00:00Z,14.7,71.3,0.0,3.9,5.5,637.2,201.8,474.7,53.66,205.38,85.0,2.6155
2026-05-11T21:00:00Z,15.3,49.7,0.0,10.3,15.4,705.7,385.9,417.9,48.23,226.46,90.0,2.8699
2026-05-11T22:00:00Z,14.4,65.6,0.0,5.4,8.9,525.3,235.0,372.1,40.68,243.52,90.0,2.0668
2026-05-11T23:00:00Z,15.4,54.3,0.0,7.5,9.8,442.9,307.3,280.1,31.99,257.63,70.0,2.081
2026-05-12T00:00:00Z,16.0,46.8,0.0,21.4,34.8,303.3,324.8,177.3,22.83,270.0,5.0,1.8835
2026-05-12T01:00:00Z,13.8,54.0,0.0,19.2,28.1,143.4,209.9,93.8,13.67,281.55,15.0,0.8749
2026-05-12T02:00:00Z,13.1,79.0,0.0,26.0,40.3,20.9,36.0,17.8,4.87,292.95,75.0,0.0839
2026-05-12T03:00:00Z,12.8,87.7,0.0,18.2,31.7,0.0,0.0,0.0,-3.2,304.74,15.0,0.0
2026-05-12T04:00:00Z,12.4,68.4,0.0,32.3,42.8,0.0,0.0,0.0,-10.15,317.3,40.0,0.0
2026-05-12T05:00:00Z,10.5,36.6,0.0,25.3,37.7,0.0,0.0,0.0,-15.56,330.86,35.0,0.0
2026-05-12T06:00:00Z,8.2,59.2,0.0,26.7,37.3,0.0,0.0,0.0,-18.99,345.37,35.0,0.0
2026-05-12T07:00:00Z,7.0,65.2,0.0,25.1,35.6,0.0,0.0,0.0,-20.12,0.48,5.0,0.0
2026-05-12T08:00:00Z,7.1,68.2,0.0,24.0,37.4,0.0,0.0,0.0,-18.82,15.56,55.0,0.0
2026-05-12T09:00:00Z,5.4,58.1,0.0,26.2,36.8,0.0,0.0,0.0,-15.23,30.01,0.0,0.0
2026-05-12T10:00:00Z,4.5,49.9,0.0,22.9,35.3,0.0,0.0,0.0,-9.7,43.49,80.0,0.0
2026-05-12T11:00:00Z,5.7,73.4,0.0,25.1,33.3,0.0,0.0,0.0,-2.65,55.97,65.0,0.0
2026-05-12T12:00:00Z,7.1,72.5,0.0,29.3,47.2,28.5,55.8,23.2,5.49,67.71,70.0,0.1205
2026-05-12T13:00:00Z,5.4,44.6,0.0,32.8,58.1,161.2,269.8,94.4,14.34,79.08,0.0,1.0754
2026-05-12T14:00:00Z,7.7,64.7,0.0,17.6,28.5,277.4,201.1,197.1,23.53,90.64,55.0,1.3667
2026-05-12T15:00:00Z,7.7,75.8,0.0,30.1,41.0,355.1,144.7,277.0,32.69,103.07,15.0,2.347
2026-05-12T16:00:00Z,10.7,54.9,0.0,24.7,42.9,587.3,326.4,371.6,41.35,117.31,20.0,3.6889
2026-05-12T17:00:00Z,11.6,59.3,0.0,20.2,32.8,670.0,300.1,444.1,48.84,134.59,75.0,3.2068
2026-05-12T18:00:00Z,13.4,67.6,0.0,27.0,42.3,674.6,233.2,485.6,54.13,155.98,50.0,3.9119
2026-05-12T19:00:00Z,13.5,62.8,0.0,22.1,39.6,732.5,277.5,502.4,56.01,180.81,80.0,3.3116
2026-05-12T20:00:00Z,16.5,55.3,0.0,29.8,53.4,754.4,342.9,477.3,53.9,205.51,55.0,4.5909
2026-05-12T21:00:00Z,15.2,58.4,0.0,33.2,59.6,670.4,308.3,439.7,48.46,226.65,90.0,2.5714
2026-05-12T22:00:00Z,16.5,77.0,0.0,18.9,27.9,444.8,145.2,349.8,40.88,243.72,15.0,2.7912
2026-05-12T23:00:00Z,18.5,50.2,0.0,23.5,31.5,457.1,341.9,275.0,32.18,257.83,75.0,1.8893
2026-05-13T00:00:00Z,14.7,58.5,0.0,7.5,12.2,285.7,241.9,191.1,23.02,270.19,65.0,1.2087
2026-05-13T01:00:00Z,15.0,39.1,0.0,7.4,11.5,156.3,296.2,85.3,13.86,281.72,90.0,0.3909
2026-05-13T02:00:00Z,13.5,52.6,0.0,4.9,6.9,30.7,99.3,21.9,5.07,293.11,15.0,0.1397
2026-05-13T03:00:00Z,14.0,58.9,0.0,4.6,6.3,0.0,0.0,0.0,-2.99,304.88,50.0,0.0
2026-05-13T04:00:00Z,11.5,60.4,0.0,3.7,6.5,0.0,0.0,0.0,-9.93,317.42,75.0,0.0
2026-05-13T05:00:00Z,9.4,31.2,0.0,5.4,9.3,0.0,0.0,0.0,-15.32,330.95,50.0,0.0
2026-05-13T06:00:00Z,7.9,67.2,0.0,4.8,7.2,0.0,0.0,0.0,-18.74,345.42,20.0,0.0
2026-05-13T07:00:00Z,9.8,57.5,0.0,7.2,9.6,0.0,0.0,0.0,-19.86,0.48,30.0,0.0
2026-05-13T08:00:00Z,6.4,52.9,0.0,8.0,12.7,0.0,0.0,0.0,-18.57,15.52,10.0,0.0
2026-05-13T09:00:00Z,6.1,49.3,0.0,7.3,10.5,0.0,0.0,0.0,-14.99,29.93,30.0,0.0
2026-05-13T10:00:00Z,5.6,63.7,0.0,5.4,7.5,0.0,0.0,0.0,-9.47,43.38,5.0,0.0
2026-05-13T11:00:00Z,6.8,63.5,0.0,6.6,10.4,0.0,0.0,0.0,-2.43,55.84,45.0,0.0
2026-05-13T12:00:00Z,5.1,65.3,0.0,5.7,7.5,33.4,76.3,25.8,5.7,67.56,5.0,0.213
2026-05-13T13:00:00Z,7.4,39.3,0.0,9.1,12.7,167.4,303.1,91.3,14.54,78.92,80.0,0.4371
2026-05-13T14:00:00Z,5.9,81.3,0.0,6.8,9.9,212.6,94.2,174.7,23.72,90.46,15.0,1.3907
2026-05-13T15:00:00Z,9.5,45.2,0.0,4.9,6.9,479.6,385.6,270.2,32.89,102.88,10.0,3.1538
2026-05-13T16:00:00Z,9.4,54.0,0.0,7.1,12.4,593.9,334.8,371.8,41.56,117.12,15.0,3.7419
2026-05-13T17:00:00Z,9.8,65.7,0.0,4.4,7.7,632.6,245.3,447.3,49.07,134.42,50.0,3.6085
2026-05-13T18:00:00Z,12.4,60.6,0.0,4.6,6.1,729.2,295.4,489.1,54.37,155.87,35.0,4.264
2026-05-13T19:00:00Z,13.6,62.4,0.0,7.6,13.1,737.8,281.1,504.1,56.26,180.82,85.0,3.218
2026-05-13T20:00:00Z,17.2,40.0,0.0,4.9,7.7,813.5,488.7,417.4,54.14,205.64,20.0,5.0698
2026-05-13T21:00:00Z,17.2,59.0,0.0,6.6,9.3,669.8,303.0,442.3,48.68,226.84,10.0,3.9469
2026-05-13T22:00:00Z,18.9,31.5,0.0,5.5,8.8,636.9,538.2,283.2,41.09,243.92,65.0,3.3034
2026-05-13T23:00:00Z,16.0,64.2,0.0,6.4,11.2,413.3,230.0,290.1,32.37,258.02,15.0,2.4701
2026-05-14T00:00:00Z,17.3,46.8,0.0,11.6,17.1,310.0,327.4,181.0,23.21,270.37,85.0,0.8714
2026-05-14T01:00:00Z,15.1,51.5,0.0,13.8,21.6,151.6,227.5,96.4,14.05,281.89,10.0,0.9196
2026-05-14T02:00:00Z,13.8,51.0,0.0,9.5,16.2,33.0,107.3,23.1,5.27,293.26,20.0,0.147
2026-05-14T03:00:00Z,14.0,46.3,0.0,13.8,18.6,0.0,0.0,0.0,-2.78,305.02,35.0,0.0
2026-05-14T04:00:00Z,9.6,37.0,0.0,9.5,14.5,0.0,0.0,0.0,-9.7,317.54,25.0,0.0
2026-05-14T05:00:00Z,10.5,27.3,0.0,7.9,11.1,0.0,0.0,0.0,-15.08,331.03,45.0,0.0
2026-05-14T06:00:00Z,8.6,44.3,0.0,8.9,15.9,0.0,0.0,0.0,-18.5,345.47,10.0,0.0
2026-05-14T07:00:00Z,8.0,64.5,0.0,9.8,16.0,0.0,0.0,0.0,-19.61,0.48,90.0,0.0
2026-05-14T08:00:00Z,5.6,35.3,0.0,8.1,12.4,0.0,0.0,0.0,-18.32,15.47,20.0,0.0
2026-05-14T09:00:00Z,5.9,58.8,0.0,10.9,18.8,0.0,0.0,0.0,-14.75,29.85,5.0,0.0
2026-05-14T10:00:00Z,6.9,44.7,0.0,7.2,9.6,0.0,0.0,0.0,-9.24,43.27,55.0,0.0
2026-05-14T11:00:00Z,5.9,44.0,0.0,10.6,17.8,0.0,0.0,0.0,-2.22,55.71,10.0,0.0
2026-05-14T12:00:00Z,6.4,37.2,0.0,10.7,15.3,41.7,160.8,25.2,5.9,67.41,40.0,0.1498
2026-05-14T13:00:00Z,6.7,48.8,0.0,13.3,20.5,164.6,249.4,101.2,14.73,78.76,40.0,0.7278
2026-05-14T14:00:00Z,6.8,57.3,0.0,11.8,18.0,303.0,254.6,199.8,23.91,90.29,50.0,1.5786
2026-05-14T15:00:00Z,7.2,54.5,0.0,8.7,13.8,460.2,309.6,291.2,33.08,102.7,85.0,1.8535
2026-05-14T16:00:00Z,10.4,39.6,0.0,12.4,21.5,636.4,464.7,326.9,41.77,116.93,80.0,2.8997
2026-05-14T17:00:00Z,13.0,27.0,0.0,13.3,23.6,767.3,606.8,307.4,49.29,134.25,70.0,4.1435
2026-05-14T18:00:00Z,12.7,35.3,0.0,9.1,15.0,829.2,536.1,392.2,54.61,155.76,30.0,5.3912
2026-05-14T19:00:00Z,15.1,53.1,0.0,12.4,17.7,795.8,366.5,490.2,56.5,180.83,75.0,3.9636
2026-05-14T20:00:00Z,15.6,49.2,0.0,10.3,14.0,787.8,400.6,462.2,54.38,205.76,0.0,4.6646
2026-05-14T21:00:00Z,18.9,52.2,0.0,9.1,14.7,705.2,364.5,430.6,48.89,227.02,85.0,3.0172
2026-05-14T22:00:00Z,17.3,30.0,0.0,10.7,15.5,641.5,552.9,276.7,41.28,244.11,65.0,3.4131
2026-05-14T23:00:00Z,17.4,51.1,0.0,9.5,12.6,461.0,335.1,280.6,32.56,258.21,60.0,2.2087
2026-05-15T00:00:00Z,17.9,46.0,0.0,4.5,7.5,314.3,334.1,181.6,23.4,270.54,10.0,2.0799
2026-05-15T01:00:00Z,16.1,57.9,0.0,5.5,9.1,148.2,193.3,100.6,14.24,282.05,25.0,0.7852
2026-05-15T02:00:00Z,12.4,60.0,0.0,7.2,12.7,32.9,87.1,24.6,5.47,293.41,65.0,0.1229
2026-05-15T03:00:00Z,11.9,63.0,0.0,6.3,10.6,0.0,0.0,0.0,-2.57,305.15,20.0,0.0
2026-05-15T04:00:00Z,12.8,73.4,0.0,4.3,7.5,0.0,0.0,0.0,-9.48,317.64,40.0,0.0
2026-05-15T05:00:00Z,11.3,46.6,0.0,5.5,8.2,0.0,0.0,0.0,-14.85,331.11,40.0,0.0
2026-05-15T06:00:00Z,11.1,47.8,0.0,6.0,9.7,0.0,0.0,0.0,-18.25,345.51,35.0,0.0
2026-05-15T07:00:00Z,7.0,44.7,0.0,5.2,6.8,0.0,0.0,0.0,-19.37,0.48,5.0,0.0
2026-05-15T08:00:00Z,8.7,50.9,0.0,7.1,11.5,0.0,0.0,0.0,-18.08,15.43,85.0,0.0
2026-05-15T09:00:00Z,5.7,58.9,0.0,7.8,14.0,0.0,0.0,0.0,-14.52,29.77,50.0,0.0
2026-05-15T10:00:00Z,6.0,51.1,0.0,8.2,12.4,0.0,0.0,0.0,-9.03,43.16,80.0,0.0
2026-05-15T11:00:00Z,7.6,60.2,0.0,5.3,7.2,0.0,0.0,0.0,-2.01,55.58,5.0,0.0
2026-05-15T12:00:00Z,6.3,55.0,0.0,6.2,9.8,40.7,110.8,28.9,6.09,67.26,10.0,0.2181
2026-05-15T13:00:00Z,6.5,57.0,0.0,5.9,8.2,159.4,203.4,107.0,14.92,78.6,30.0,0.7773
2026-05-15T14:00:00Z,8.2,47.8,0.0,5.4,7.8,323.9,324.9,191.2,24.1,90.12,25.0,1.8774
2026-05-15T15:00:00Z,8.9,44.2,0.0,5.2,8.7,487.9,395.6,270.9,33.27,102.51,0.0,3.1419
2026-05-15T16:00:00Z,8.9,86.0,0.6,5.2,7.0,363.5,80.2,309.9,41.96,116.74,20.0,2.3354
2026-05-15T17:00:00Z,12.3,54.5,0.0,2.7,4.2,703.5,344.8,441.3,49.5,134.07,50.0,4.25
2026-05-15T18:00:00Z,14.3,52.2,0.0,4.9,7.5,780.6,372.7,475.9,54.84,155.65,75.0,3.8384
2026-05-15T19:00:00Z,15.7,61.3,0.0,5.1,7.6,750.8,291.5,507.0,56.75,180.83,60.0,3.9762
2026-05-15T20:00:00Z,14.8,84.6,0.0,3.4,4.5,488.3,96.0,410.0,54.61,205.87,70.0,2.3184
2026-05-15T21:00:00Z,16.4,34.2,0.0,5.1,9.0,756.5,535.6,351.6,49.1,227.19,5.0,4.5145
2026-05-15T22:00:00Z,16.3,56.9,0.0,5.4,9.5,580.8,309.2,376.0,41.48,244.3,30.0,3.5546
2026-05-15T23:00:00Z,15.9,63.0,0.0,7.8,11.6,424.3,240.5,294.2,32.75,258.39,75.0,1.828
2026-05-16T00:00:00Z,16.2,52.9,0.0,7.2,10.7,306.6,284.6,192.7,23.58,270.71,80.0,0.9653
2026-05-16T01:00:00Z,15.5,49.3,0.0,5.5,7.9,159.3,243.3,98.7,14.43,282.21,65.0,0.4809
2026-05-16T02:00:00Z,13.4,44.6,0.0,6.2,9.9,38.1,133.0,25.0,5.66,293.56,85.0,0.1127
2026-05-16T03:00:00Z,15.0,71.3,0.0,4.1,5.4,0.0,0.0,0.0,-2.37,305.28,70.0,0.0
2026-05-16T04:00:00Z,13.0,67.4,0.0,5.1,8.7,0.0,0.0,0.0,-9.27,317.75,10.0,0.0
2026-05-16T05:00:00Z,10.7,50.2,0.0,5.4,7.4,0.0,0.0,0.0,-14.62,331.19,60.0,0.0
2026-05-16T06:00:00Z,10.6,68.2,0.0,4.7,8.0,0.0,0.0,0.0,-18.02,345.55,75.0,0.0
2026-05-16T07:00:00Z,7.6,21.3,0.0,4.0,6.6,0.0,0.0,0.0,-19.13,0.48,35.0,0.0
2026-05-16T08:00:00Z,7.9,42.0,0.0,5.1,7.3,0.0,0.0,0.0,-17.85,15.39,65.0,0.0
2026-05-16T09:00:00Z,5.6,45.5,0.0,5.7,10.0,0.0,0.0,0.0,-14.3,29.69,75.0,0.0
2026-05-16T10:00:00Z,7.1,44.8,0.0,3.9,5.6,0.0,0.0,0.0,-8.81,43.05,35.0,0.0
2026-05-16T11:00:00Z,7.1,47.2,0.0,4.5,7.8,0.0,0.0,0.0,-1.81,55.45,55.0,0.0
2026-05-16T12:00:00Z,7.9,54.2,0.0,5.8,9.4,43.0,116.3,30.3,6.28,67.12,75.0,0.1521
2026-05-16T13:00:00Z,6.1,77.1,0.2,5.1,6.9,126.0,96.5,100.9,15.1,78.44,80.0,0.4635
2026-05-16T14:00:00Z,8.1,31.5,0.0,4.1,6.8,343.1,451.4,157.5,24.28,89.95,45.0,1.8506
2026-05-16T15:00:00Z,9.9,72.2,0.0,5.6,9.6,387.8,172.1,292.9,33.45,102.33,10.0,2.3958
2026-05-16T16:00:00Z,12.5,50.8,0.0,5.0,8.6,614.2,364.3,369.7,42.15,116.55,90.0,2.2862
2026-05-16T17:00:00Z,11.5,40.3,0.0,6.3,10.2,753.7,478.0,389.1,49.71,133.9,50.0,4.4265
2026-05-16T18:00:00Z,16.3,54.2,0.0,4.5,6.5,774.0,355.0,483.0,55.07,155.54,35.0,4.8783
2026-05-16T19:00:00Z,14.7,48.5,0.0,6.1,10.8,821.6,410.8,477.1,56.98,180.83,50.0,4.8083
2026-05-16T20:00:00Z,17.1,56.3,0.0,5.1,8.0,760.2,334.9,486.4,54.84,205.99,85.0,3.1852
2026-05-16T21:00:00Z,16.6,16.5,0.0,6.4,10.8,773.3,712.8,232.8,49.31,227.36,30.0,4.9724
2026-05-16T22:00:00Z,16.5,56.6,0.0,4.0,6.3,585.2,312.8,377.2,41.67,244.48,35.0,3.5786
2026-05-16T23:00:00Z,17.3,59.1,0.0,5.7,8.9,442.4,271.7,294.7,32.93,258.56,70.0,1.9594
2026-05-17T00:00:00Z,17.6,37.9,0.0,23.4,37.0,329.4,398.0,169.0,23.76,270.88,45.0,1.6851
2026-05-17T01:00:00Z,18.3,13.2,0.0,15.9,24.5,173.9,467.1,56.1,14.61,282.36,80.0,0.316
2026-05-17T02:00:00Z,13.1,39.0,0.0,18.9,27.1,41.0,153.8,25.3,5.85,293.69,20.0,0.1665
2026-05-17T03:00:00Z,14.7,22.4,0.0,13.1,19.2,0.0,0.0,0.0,-2.16,305.4,75.0,0.0
2026-05-17T04:00:00Z,10.2,24.3,0.0,21.2,30.2,0.0,0.0,0.0,-9.05,317.85,35.0,0.0
2026-05-17T05:00:00Z,9.5,34.6,0.0,22.8,36.7,0.0,0.0,0.0,-14.4,331.26,20.0,0.0
2026-05-17T06:00:00Z,9.4,37.3,0.0,18.0,28.7,0.0,0.0,0.0,-17.79,345.59,85.0,0.0
2026-05-17T07:00:00Z,8.8,20.6,0.0,15.9,20.9,0.0,0.0,0.0,-18.9,0.48,25.0,0.0
2026-05-17T08:00:00Z,6.8,40.6,0.0,26.5,35.6,0.0,0.0,0.0,-17.62,15.34,20.0,0.0
2026-05-17T09:00:00Z,7.8,32.5,0.0,16.6,29.0,0.0,0.0,0.0,-14.08,29.61,55.0,0.0
2026-05-17T10:00:00Z,6.2,34.6,0.0,21.0,28.4,0.0,0.0,0.0,-8.61,42.94,85.0,0.0
2026-05-17T11:00:00Z,6.6,37.6,0.0,17.0,24.5,0.0,0.0,0.0,-1.62,55.32,80.0,0.0
2026-05-17T12:00:00Z,5.0,23.6,0.0,22.0,36.0,49.3,220.6,24.5,6.47,66.97,25.0,0.1627
2026-05-17T13:00:00Z,8.4,39.0,0.0,18.7,29.6,179.9,314.2,97.1,15.27,78.28,60.0,0.5404
2026-05-17T14:00:00Z,9.4,14.7,0.0,23.4,31.2,351.0,589.2,107.1,24.45,89.78,90.0,0.6087
2026-05-17T15:00:00Z,10.1,24.7,0.0,13.7,21.3,514.9,568.7,200.0,33.63,102.15,40.0,3.209
2026-05-17T16:00:00Z,11.7,10.7,0.0,23.4,39.9,666.7,745.6,164.5,42.34,116.36,35.0,4.3627
2026-05-17T17:00:00Z,13.1,31.6,0.0,23.4,31.4,771.5,563.0,340.8,49.91,133.72,80.0,3.7423
2026-05-17T18:00:00Z,13.7,15.9,0.0,16.7,26.6,855.3,736.1,250.2,55.29,155.42,20.0,5.5089
2026-05-17T19:00:00Z,16.5,34.8,0.0,20.7,28.8,862.3,545.1,404.0,57.21,180.83,65.0,4.7368
2026-05-17T20:00:00Z,15.2,28.6,0.0,23.8,42.2,844.4,604.1,349.2,55.06,206.09,5.0,5.1065
2026-05-17T21:00:00Z,18.0,20.8,0.0,21.0,36.9,774.7,670.1,265.0,49.52,227.52,0.0,4.6408
2026-05-17T22:00:00Z,17.3,55.7,0.0,23.4,35.6,591.5,320.6,377.6,41.86,244.66,55.0,3.2533
2026-05-17T23:00:00Z,17.1,31.3,0.0,20.7,32.9,501.8,507.2,224.7,33.11,258.73,70.0,2.0936
2026-05-18T00:00:00Z,15.5,45.2,0.0,23.6,41.6,324.7,343.3,185.4,23.94,271.03,45.0,1.6418
2026-05-18T01:00:00Z,15.4,23.6,0.0,21.2,38.1,176.2,404.1,73.0,14.79,282.5,40.0,0.601
2026-05-18T02:00:00Z,14.3,37.5,0.0,21.9,33.0,43.2,163.0,26.1,6.04,293.83,20.0,0.1611
2026-05-18T03:00:00Z,14.4,52.0,0.0,19.1,28.3,0.0,0.0,0.0,-1.97,305.51,30.0,0.0
2026-05-18T04:00:00Z,13.4,38.2,0.0,18.2,32.0,0.0,0.0,0.0,-8.85,317.95,80.0,0.0
2026-05-18T05:00:00Z,12.0,55.7,0.0,20.2,32.6,0.0,0.0,0.0,-14.18,331.33,25.0,0.0
2026-05-18T06:00:00Z,10.7,47.4,0.0,18.4,31.0,0.0,0.0,0.0,-17.56,345.62,80.0,0.0
2026-05-18T07:00:00Z,7.9,52.3,0.0,18.3,26.9,0.0,0.0,0.0,-18.67,0.47,80.0,0.0
2026-05-18T08:00:00Z,8.9,52.2,0.0,24.3,31.6,0.0,0.0,0.0,-17.39,15.29,60.0,0.0
2026-05-18T09:00:00Z,5.9,36.1,0.0,18.3,31.5,0.0,0.0,0.0,-13.86,29.52,10.0,0.0
2026-05-18T10:00:00Z,7.2,62.1,0.0,20.3,36.1,0.0,0.0,0.0,-8.4,42.83,35.0,0.0
2026-05-18T11:00:00Z,8.4,32.1,0.0,18.2,28.7,0.0,0.0,0.0,-1.43,55.2,60.0,0.0
2026-05-18T12:00:00Z,5.8,45.1,0.0,17.8,24.8,49.3,152.0,31.7,6.64,66.83,0.0,0.3313
2026-05-18T13:00:00Z,6.8,56.0,0.0,22.4,31.3,168.8,213.7,111.9,15.44,78.13,80.0,0.5407
2026-05-18T14:00:00Z,9.8,64.9,0.0,23.8,34.5,293.3,203.4,208.6,24.62,89.61,0.0,1.874
2026-05-18T15:00:00Z,10.6,48.4,0.0,27.2,38.5,488.0,361.7,286.8,33.8,101.97,25.0,2.9999
2026-05-18T16:00:00Z,11.0,37.1,0.0,17.2,29.5,652.5,489.8,321.5,42.52,116.18,20.0,3.797
2026-05-18T17:00:00Z,12.8,21.2,0.0,27.6,43.9,783.0,667.3,271.0,50.11,133.55,85.0,3.2306
2026-05-18T18:00:00Z,15.2,52.4,0.0,13.7,23.3,787.5,371.6,481.2,55.51,155.3,10.0,4.7835
2026-05-18T19:00:00Z,15.4,48.3,0.0,22.7,37.3,827.4,412.9,479.4,57.44,180.82,10.0,5.0014
2026-05-18T20:00:00Z,16.6,38.1,0.0,17.6,24.4,832.2,509.4,413.5,55.28,206.19,85.0,3.6145
2026-05-18T21:00:00Z,18.1,39.5,0.0,20.8,35.1,755.6,485.7,385.1,49.72,227.68,85.0,3.1522
2026-05-18T22:00:00Z,18.7,34.9,0.0,23.8,39.7,648.4,509.9,306.9,42.05,244.83,90.0,2.2342
2026-05-18T23:00:00Z,16.3,48.1,0.0,22.6,32.5,480.3,362.6,281.3,33.29,258.9,85.0,1.7128
2026-05-19T00:00:00Z,16.7,15.3,0.0,17.3,30.6,344.8,580.8,107.5,24.11,271.19,85.0,0.6326
2026-05-19T01:00:00Z,16.4,43.0,0.0,20.0,31.8,172.7,286.3,98.7,14.97,282.65,20.0,0.9284
2026-05-19T02:00:00Z,15.6,16.9,0.0,21.1,28.6,46.6,235.9,21.0,6.22,293.95,10.0,0.1946
2026-05-19T03:00:00Z,15.2,8.6,0.0,16.9,25.9,0.0,0.0,0.0,-1.77,305.63,80.0,0.0
2026-05-19T04:00:00Z,12.9,29.9,0.0,24.1,39.7,0.0,0.0,0.0,-8.64,318.04,30.0,0.0
2026-05-19T05:00:00Z,12.2,43.2,0.0,24.6,39.8,0.0,0.0,0.0,-13.96,331.39,25.0,0.0
2026-05-19T06:00:00Z,10.5,49.5,0.0,14.1,18.8,0.0,0.0,0.0,-17.34,345.65,70.0,0.0
2026-05-19T07:00:00Z,8.4,3.4,0.0,19.8,26.4,0.0,0.0,0.0,-18.45,0.46,65.0,0.0
2026-05-19T08:00:00Z,7.6,20.8,0.0,18.5,29.6,0.0,0.0,0.0,-17.18,15.24,75.0,0.0
2026-05-19T09:00:00Z,7.7,16.7,0.0,14.5,21.2,0.0,0.0,0.0,-13.65,29.44,60.0,0.0
2026-05-19T10:00:00Z,7.4,8.5,0.0,19.7,29.4,0.0,0.0,0.0,-8.21,42.73,20.0,0.0
2026-05-19T11:00:00Z,5.7,44.7,0.0,23.6,31.3,0.0,0.0,0.0,-1.25,55.07,20.0,0.0
2026-05-19T12:00:00Z,7.0,38.8,0.0,17.0,29.2,52.4,177.1,31.4,6.82,66.69,80.0,0.1594
2026-05-19T13:00:00Z,7.7,18.8,0.0,22.7,38.9,190.9,447.8,70.4,15.61,77.97,25.0,1.0058
2026-05-19T14:00:00Z,8.2,37.8,0.0,17.0,28.0,347.7,405.5,177.7,24.78,89.44,55.0,1.6395
2026-05-19T15:00:00Z,11.6,14.8,0.0,21.3,30.7,523.6,661.5,154.1,33.96,101.79,15.0,3.4307
2026-05-19T16:00:00Z,13.1,17.2,0.0,17.6,28.7,671.4,682.7,208.5,42.69,115.99,75.0,3.2929
2026-05-19T17:00:00Z,13.7,37.3,0.0,15.7,26.8,768.1,508.1,377.2,50.3,133.37,80.0,3.6096
2026-05-19T18:00:00Z,13.6,31.4,0.0,23.7,31.9,849.3,577.2,372.4,55.71,155.18,70.0,4.5002
2026-05-19T19:00:00Z,16.9,21.4,0.0,20.4,30.1,882.5,684.0,304.6,57.66,180.8,65.0,4.8194
2026-05-19T20:00:00Z,17.3,34.7,0.0,15.8,22.2,841.4,543.7,393.4,55.49,206.29,35.0,5.0906
2026-05-19T21:00:00Z,19.4,7.3,0.0,17.5,25.6,783.2,810.3,163.2,49.92,227.83,90.0,3.0019
2026-05-19T22:00:00Z,19.7,11.8,0.0,21.5,36.7,664.9,733.9,171.6,42.23,244.99,5.0,4.1506
2026-05-19T23:00:00Z,19.2,27.8,0.0,23.3,30.4,510.5,540.5,212.4,33.47,259.06,55.0,2.6955
2026-05-20T00:00:00Z,15.6,60.8,0.0,38.4,53.6,300.2,231.0,205.2,24.29,271.34,25.0,1.6287
2026-05-20T01:00:00Z,18.2,48.3,0.0,25.5,40.9,171.7,256.4,104.7,15.14,282.78,35.0,0.7217
2026-05-20T02:00:00Z,14.5,46.8,0.0,25.6,35.6,46.1,141.8,30.3,6.4,294.08,35.0,0.1779
2026-05-20T03:00:00Z,16.0,56.7,0.0,25.8,41.5,0.0,0.0,0.0,-1.58,305.73,75.0,0.0
2026-05-20T04:00:00Z,12.5,68.0,0.0,29.8,49.9,0.0,0.0,0.0,-8.44,318.13,5.0,0.0
2026-05-20T05:00:00Z,11.7,59.5,0.0,32.0,50.1,0.0,0.0,0.0,-13.75,331.45,25.0,0.0
2026-05-20T06:00:00Z,10.0,59.3,0.0,25.9,36.9,0.0,0.0,0.0,-17.12,345.68,35.0,0.0
2026-05-20T07:00:00Z,7.7,60.1,0.0,18.6,25.6,0.0,0.0,0.0,-18.23,0.45,40.0,0.0
2026-05-20T08:00:00Z,7.0,42.2,0.0,29.9,39.8,0.0,0.0,0.0,-16.96,15.19,90.0,0.0
2026-05-20T09:00:00Z,5.9,61.5,0.0,18.9,25.4,0.0,0.0,0.0,-13.45,29.36,70.0,0.0
2026-05-20T10:00:00Z,7.9,51.9,0.0,30.4,42.1,0.0,0.0,0.0,-8.02,42.62,75.0,0.0
2026-05-20T11:00:00Z,8.9,31.5,0.0,32.4,48.1,0.0,0.0,0.0,-1.07,54.94,75.0,0.0
2026-05-20T12:00:00Z,6.2,71.4,0.0,24.5,36.2,42.8,72.7,34.0,6.98,66.55,15.0,0.2428
2026-05-20T13:00:00Z,6.9,40.0,0.0,15.1,21.0,187.6,313.3,102.5,15.77,77.82,25.0,0.9887
2026-05-20T14:00:00Z,7.6,63.0,0.0,24.9,36.6,304.2,218.0,212.3,24.94,89.28,75.0,1.1918
2026-05-20T15:00:00Z,10.3,53.0,0.0,36.3,59.6,481.5,325.1,299.1,34.12,101.61,55.0,2.7574
2026-05-20T16:00:00Z,9.4,63.5,0.0,25.7,36.3,567.3,255.8,393.3,42.86,115.81,10.0,3.6092
2026-05-20T17:00:00Z,14.1,39.1,0.0,40.3,56.3,767.0,491.1,388.2,50.48,133.19,35.0,4.9532
2026-05-20T18:00:00Z,13.7,37.0,0.0,31.5,44.6,842.3,521.0,410.8,55.92,155.05,70.0,4.2711
2026-05-20T19:00:00Z,17.1,46.5,0.0,32.3,53.7,839.3,431.1,474.2,57.87,180.78,5.0,5.1561
2026-05-20T20:00:00Z,17.2,57.7,0.0,31.5,50.1,761.9,322.7,495.3,55.7,206.38,25.0,4.404
2026-05-20T21:00:00Z,16.4,49.0,0.0,31.9,53.9,733.8,395.7,430.2,50.11,227.98,80.0,3.3453
2026-05-20T22:00:00Z,18.1,69.9,0.0,23.8,38.4,520.1,202.7,383.4,42.41,245.15,45.0,2.9398
2026-05-20T23:00:00Z,18.1,41.2,0.0,26.6,35.2,499.4,423.2,265.0,33.64,259.21,25.0,3.0088
2026-05-21T00:00:00Z,15.9,55.5,0.0,21.3,28.7,315.9,269.9,204.2,24.46,271.48,30.0,1.804
2026-05-21T01:00:00Z,16.8,26.2,0.0,18.0,24.8,184.8,394.9,80.5,15.32,282.91,10.0,1.0715
2026-05-21T02:00:00Z,15.5,59.5,0.0,19.2,32.3,44.5,104.8,32.5,6.58,294.2,30.0,0.202
2026-05-21T03:00:00Z,15.0,37.2,0.0,21.4,31.0,0.0,0.0,0.0,-1.4,305.84,20.0,0.0
2026-05-21T04:00:00Z,13.2,35.1,0.0,18.9,29.6,0.0,0.0,0.0,-8.24,318.21,30.0,0.0
2026-05-21T05:00:00Z,12.8,38.8,0.0,23.7,34.2,0.0,0.0,0.0,-13.55,331.51,40.0,0.0
2026-05-21T06:00:00Z,9.8,42.8,0.0,18.1,28.3,0.0,0.0,0.0,-16.91,345.7,25.0,0.0
2026-05-21T07:00:00Z,8.8,47.9,0.0,26.2,39.5,0.0,0.0,0.0,-18.02,0.43,75.0,0.0
2026-05-21T08:00:00Z,7.3,59.7,0.0,22.5,33.6,0.0,0.0,0.0,-16.76,15.14,25.0,0.0
2026-05-21T09:00:00Z,6.3,50.6,0.0,16.8,24.7,0.0,0.0,0.0,-13.26,29.28,80.0,0.0
2026-05-21T10:00:00Z,6.4,51.8,0.0,22.5,39.3,0.0,0.0,0.0,-7.84,42.51,15.0,0.0
2026-05-21T11:00:00Z,7.3,59.6,0.0,17.2,24.5,0.0,0.0,0.0,-0.9,54.82,60.0,0.0
2026-05-21T12:00:00Z,6.4,55.2,0.0,16.8,24.6,52.5,126.9,36.7,7.14,66.41,0.0,0.354
2026-05-21T13:00:00Z,5.5,51.2,0.0,26.7,46.9,181.7,245.6,114.3,15.92,77.67,65.0,0.6167
2026-05-21T14:00:00Z,7.8,44.4,0.0,18.1,29.3,345.9,356.1,194.9,25.09,89.11,70.0,1.2409
2026-05-21T15:00:00Z,11.3,62.2,0.0,17.1,23.4,450.5,250.1,309.7,34.27,101.44,0.0,2.8817
2026-05-21T16:00:00Z,11.7,55.7,0.0,30.5,41.6,608.3,322.4,388.3,43.02,115.62,45.0,3.5718
2026-05-21T17:00:00Z,13.4,42.0,0.0,17.8,28.0,762.7,463.2,404.5,50.66,133.02,85.0,3.2964
2026-05-21T18:00:00Z,16.4,34.6,0.0,20.1,30.5,849.4,545.8,396.3,56.12,154.92,20.0,5.0233
2026-05-21T19:00:00Z,14.8,47.1,0.0,13.8,24.3,839.3,425.3,478.3,58.08,180.76,10.0,5.3209
2026-05-21T20:00:00Z,16.7,44.8,0.0,14.2,19.1,821.9,444.8,453.6,55.9,206.47,40.0,4.8023
2026-05-21T21:00:00Z,15.8,51.5,0.0,17.9,26.1,726.5,372.7,439.8,50.3,228.12,15.0,4.6343
2026-05-21T22:00:00Z,17.0,65.7,0.0,20.2,35.2,550.3,236.9,390.0,42.59,245.3,30.0,3.3001
2026-05-21T23:00:00Z,17.9,39.1,0.0,21.3,32.2,505.4,442.0,259.5,33.81,259.36,10.0,3.0149
2026-05-22T00:00:00Z,16.4,48.3,0.0,7.3,11.6,332.2,324.3,197.1,24.62,271.62,0.0,2.0918
2026-05-22T01:00:00Z,13.8,60.7,0.0,7.9,12.4,163.2,186.6,113.4,15.49,283.04,15.0,0.9491
2026-05-22T02:00:00Z,14.3,45.1,0.0,8.0,11.4,50.7,154.3,32.5,6.76,294.31,50.0,0.1866
2026-05-22T03:00:00Z,15.8,54.2,0.0,7.8,10.3,0.0,0.0,0.0,-1.21,305.93,45.0,0.0
2026-05-22T04:00:00Z,13.4,55.1,0.0,8.5,12.2,0.0,0.0,0.0,-8.05,318.29,0.0,0.0
2026-05-22T05:00:00Z,13.7,65.3,0.0,8.3,14.0,0.0,0.0,0.0,-13.35,331.56,10.0,0.0
2026-05-22T06:00:00Z,10.2,53.0,0.0,6.7,9.5,0.0,0.0,0.0,-16.7,345.72,90.0,0.0
2026-05-22T07:00:00Z,9.2,12.8,0.0,8.3,12.9,0.0,0.0,0.0,-17.81,0.41,0.0,0.0
2026-05-22T08:00:00Z,8.6,49.0,0.0,8.8,14.7,0.0,0.0,0.0,-16.56,15.09,80.0,0.0
2026-05-22T09:00:00Z,7.3,40.7,0.0,6.7,8.9,0.0,0.0,0.0,-13.07,29.2,30.0,0.0
2026-05-22T10:00:00Z,7.1,66.5,0.0,8.8,14.8,0.0,0.0,0.0,-7.66,42.41,0.0,0.0
2026-05-22T11:00:00Z,7.2,60.1,0.0,7.8,13.3,0.0,0.0,0.0,-0.73,54.7,55.0,0.0
2026-05-22T12:00:00Z,5.9,34.6,0.0,7.1,12.5,59.1,203.5,33.2,7.3,66.28,55.0,0.195
2026-05-22T13:00:00Z,5.7,66.1,0.0,4.7,6.7,162.8,159.6,118.6,16.07,77.52,40.0,0.8174
2026-05-22T14:00:00Z,10.0,43.8,0.0,6.9,9.2,349.3,361.9,195.0,25.23,88.95,70.0,1.3101
2026-05-22T15:00:00Z,11.6,50.7,0.0,3.9,5.3,492.7,345.0,297.7,34.42,101.26,70.0,2.184
2026-05-22T16:00:00Z,11.1,39.1,0.0,10.0,15.3,659.5,473.2,335.7,43.18,115.44,0.0,3.851
2026-05-22T17:00:00Z,13.1,53.1,0.0,5.3,9.2,726.9,359.2,448.4,50.83,132.84,80.0,3.2993
2026-05-22T18:00:00Z,14.9,44.9,0.0,6.5,11.5,826.5,444.6,456.6,56.31,154.8,85.0,3.5799
2026-05-22T19:00:00Z,15.2,33.9,0.0,6.0,8.2,876.7,556.7,403.1,58.29,180.74,20.0,5.3764
2026-05-22T20:00:00Z,15.7,63.6,0.0,8.7,15.3,726.9,269.8,503.0,56.1,206.54,65.0,3.7684
2026-05-22T21:00:00Z,19.5,55.9,0.0,8.4,11.4,709.1,333.0,452.2,50.48,228.25,55.0,3.7839
2026-05-22T22:00:00Z,18.6,48.7,0.0,7.0,11.5,629.8,384.0,369.1,42.76,245.45,45.0,3.716
2026-05-22T23:00:00Z,16.7,42.8,0.0,8.3,13.0,502.4,410.4,273.1,33.97,259.5,55.0,2.518
2026-05-23T00:00:00Z,17.3,76.1,1.0,24.5,41.0,251.4,128.4,197.6,24.79,271.75,5.0,1.577
2026-05-23T01:00:00Z,17.4,51.6,0.0,23.5,31.2,176.9,241.3,111.8,15.65,283.16,15.0,1.0101
2026-05-23T02:00:00Z,12.9,84.6,2.4,20.1,33.8,31.9,34.2,27.8,6.93,294.42,55.0,0.1549
2026-05-23T03:00:00Z,14.4,70.7,0.0,18.6,30.6,0.0,0.0,0.0,-1.03,306.03,85.0,0.0
2026-05-23T04:00:00Z,14.2,72.6,0.0,20.5,32.2,0.0,0.0,0.0,-7.86,318.36,55.0,0.0
2026-05-23T05:00:00Z,10.6,76.1,1.7,23.2,36.8,0.0,0.0,0.0,-13.15,331.61,20.0,0.0
2026-05-23T06:00:00Z,11.8,83.2,0.0,22.2,32.8,0.0,0.0,0.0,-16.5,345.74,60.0,0.0
2026-05-23T07:00:00Z,9.5,84.0,0.0,25.5,40.1,0.0,0.0,0.0,-17.61,0.4,15.0,0.0
2026-05-23T08:00:00Z,9.2,69.8,0.0,17.4,26.3,0.0,0.0,0.0,-16.36,15.04,35.0,0.0
2026-05-23T09:00:00Z,8.0,78.4,0.0,15.9,25.3,0.0,0.0,0.0,-12.88,29.11,85.0,0.0
2026-05-23T10:00:00Z,7.6,64.6,0.0,23.3,33.4,0.0,0.0,0.0,-7.49,42.3,60.0,0.0
2026-05-23T11:00:00Z,5.3,55.9,0.0,23.7,40.7,0.0,0.0,0.0,-0.58,54.58,25.0,0.0
2026-05-23T12:00:00Z,4.9,78.0,0.2,20.0,33.7,42.1,55.8,34.9,7.45,66.14,75.0,0.1707
2026-05-23T13:00:00Z,7.3,79.6,1.9,15.4,22.0,132.1,87.0,107.8,16.21,77.38,15.0,0.8281
2026-05-23T14:00:00Z,10.1,73.8,0.0,22.4,37.8,269.9,144.9,207.8,25.37,88.79,90.0,0.8607
2026-05-23T15:00:00Z,9.2,79.5,0.0,15.0,26.8,350.9,120.4,282.6,34.56,101.09,35.0,2.086
2026-05-23T16:00:00Z,10.9,80.6,0.0,22.7,35.3,436.8,120.0,354.5,43.33,115.26,0.0,2.7889
2026-05-23T17:00:00Z,12.6,76.6,0.0,17.0,26.6,556.3,155.8,435.2,50.99,132.67,30.0,3.3247
2026-05-23T18:00:00Z,14.3,91.7,0.0,19.7,31.3,384.9,45.9,346.6,56.49,154.66,15.0,2.3754
2026-05-23T19:00:00Z,14.3,89.1,0.0,21.8,36.1,441.5,63.8,387.1,58.48,180.7,60.0,2.3144
2026-05-23T20:00:00Z,17.4,74.9,0.0,20.4,36.1,625.6,173.3,481.4,56.29,206.62,90.0,2.4574
2026-05-23T21:00:00Z,16.3,90.6,0.0,20.9,29.0,368.0,52.1,327.7,50.66,228.38,30.0,2.339
2026-05-23T22:00:00Z,19.3,62.9,0.0,24.2,42.7,571.7,260.9,394.0,42.93,245.59,85.0,2.2205
2026-05-23T23:00:00Z,15.4,66.7,0.0,22.3,39.1,427.2,214.4,306.9,34.13,259.64,65.0,2.052
2026-05-24T00:00:00Z,17.5,67.0,0.0,5.4,8.7,291.1,189.7,211.1,24.95,271.88,15.0,1.7349
2026-05-24T01:00:00Z,15.9,66.7,0.0,4.1,6.1,157.9,154.6,115.8,15.81,283.28,20.0,0.9406
2026-05-24T02:00:00Z,16.1,59.1,0.0,6.7,11.1,50.4,113.0,36.4,7.1,294.52,55.0,0.2041
2026-05-24T03:00:00Z,17.6,66.4,0.0,5.7,9.7,0.0,0.0,0.0,-0.86,306.12,80.0,0.0
2026-05-24T04:00:00Z,12.1,47.0,0.0,4.0,6.4,0.0,0.0,0.0,-7.68,318.43,20.0,0.0
2026-05-24T05:00:00Z,12.9,80.4,0.0,6.8,11.9,0.0,0.0,0.0,-12.96,331.66,70.0,0.0
2026-05-24T06:00:00Z,10.3,29.8,0.0,4.2,6.0,0.0,0.0,0.0,-16.31,345.75,30.0,0.0
2026-05-24T07:00:00Z,10.1,38.6,0.0,6.4,11.4,0.0,0.0,0.0,-17.42,0.38,85.0,0.0
2026-05-24T08:00:00Z,7.5,48.6,0.0,5.5,8.9,0.0,0.0,0.0,-16.17,14.98,0.0,0.0
2026-05-24T09:00:00Z,7.5,66.9,0.0,7.1,12.4,0.0,0.0,0.0,-12.7,29.03,55.0,0.0
2026-05-24T10:00:00Z,8.5,49.1,0.0,4.8,7.8,0.0,0.0,0.0,-7.32,42.2,75.0,0.0
2026-05-24T11:00:00Z,8.0,52.3,0.0,5.0,7.9,0.0,0.0,0.0,-0.42,54.46,50.0,0.0
2026-05-24T12:00:00Z,6.2,36.7,0.0,3.9,5.7,62.6,202.2,35.9,7.59,66.01,55.0,0.2026
2026-05-24T13:00:00Z,8.2,47.0,0.0,7.0,11.5,192.6,275.3,115.1,16.35,77.23,50.0,0.7293
2026-05-24T14:00:00Z,8.2,62.3,0.0,6.8,10.6,315.2,225.0,218.3,25.5,88.64,0.0,2.0483
2026-05-24T15:00:00Z,10.4,39.3,0.0,5.3,8.8,520.3,444.0,267.6,34.69,100.92,60.0,2.5223
2026-05-24T16:00:00Z,12.5,63.4,0.0,5.4,8.6,576.2,257.6,399.0,43.47,115.08,35.0,3.5283
2026-05-24T17:00:00Z,13.4,73.9,0.0,4.9,8.4,586.0,178.0,447.4,51.15,132.49,5.0,3.5101
2026-05-24T18:00:00Z,14.3,47.9,0.0,3.5,5.5,820.2,416.2,472.5,56.67,154.53,25.0,5.0626
2026-05-24T19:00:00Z,17.3,59.7,0.0,5.5,9.0,781.2,307.1,518.9,58.68,180.67,5.0,4.7787
2026-05-24T20:00:00Z,17.2,55.2,0.0,5.0,6.7,784.9,347.0,495.6,56.48,206.69,65.0,4.108
2026-05-24T21:00:00Z,19.0,44.8,0.0,5.6,8.4,757.5,437.0,418.7,50.84,228.5,55.0,4.181
2026-05-24T22:00:00Z,18.0,61.0,0.0,3.8,6.7,584.2,277.1,394.9,43.09,245.72,90.0,1.9729
2026-05-24T23:00:00Z,18.9,46.5,0.0,5.8,8.2,500.5,379.5,286.7,34.29,259.77,20.0,3.1431
2026-05-25T00:00:00Z,17.3,65.8,0.0,12.2,21.6,297.7,198.6,213.4,25.1,272.0,55.0,1.4188
2026-05-25T01:00:00Z,16.1,42.9,0.0,11.1,18.7,189.3,297.4,107.5,15.97,283.39,0.0,1.2382
2026-05-25T02:00:00Z,13.3,89.0,1.8,9.6,14.3,29.6,23.8,26.6,7.26,294.62,55.0,0.1442
2026-05-25T03:00:00Z,16.8,44.5,0.0,18.3,27.4,0.0,0.0,0.0,-0.69,306.2,30.0,0.0
2026-05-25T04:00:00Z,15.1,14.8,0.0,12.8,18.0,0.0,0.0,0.0,-7.5,318.49,70.0,0.0
2026-05-25T05:00:00Z,11.7,37.7,0.0,13.1,20.8,0.0,0.0,0.0,-12.78,331.7,75.0,0.0
2026-05-25T06:00:00Z,11.4,77.8,0.0,15.8,25.5,0.0,0.0,0.0,-16.12,345.76,20.0,0.0
2026-05-25T07:00:00Z,8.6,51.0,0.0,9.8,13.5,0.0,0.0,0.0,-17.23,0.35,20.0,0.0
2026-05-25T08:00:00Z,8.5,46.8,0.0,9.6,14.3,0.0,0.0,0.0,-15.99,14.93,75.0,0.0
2026-05-25T09:00:00Z,8.4,61.0,0.0,13.8,20.7,0.0,0.0,0.0,-12.53,28.95,10.0,0.0
2026-05-25T10:00:00Z,9.0,41.0,0.0,16.0,25.8,0.0,0.0,0.0,-7.16,42.1,5.0,0.0
2026-05-25T11:00:00Z,8.0,32.8,0.0,11.6,17.3,0.0,0.0,0.0,-0.27,54.34,45.0,0.0
2026-05-25T12:00:00Z,7.3,42.1,0.0,8.1,13.3,63.4,184.3,38.6,7.73,65.88,30.0,0.2407
2026-05-25T13:00:00Z,9.2,61.7,0.0,10.9,17.1,176.5,187.0,123.5,16.48,77.09,55.0,0.709
2026-05-25T14:00:00Z,10.4,50.5,0.0,15.5,25.7,345.6,312.2,210.6,25.63,88.48,65.0,1.4346
2026-05-25T15:00:00Z,11.3,54.7,0.0,15.6,27.8,487.5,313.0,308.8,34.82,100.76,30.0,3.0334
2026-05-25T16:00:00Z,12.1,64.8,0.0,16.6,29.6,569.4,245.8,399.9,43.61,114.9,25.0,3.6069
2026-05-25T17:00:00Z,14.0,65.0,0.0,6.9,9.6,663.9,253.5,466.1,51.3,132.32,85.0,2.5571
2026-05-25T18:00:00Z,14.4,57.8,0.0,9.5,13.1,774.4,323.6,503.5,56.84,154.4,90.0,3.0027
2026-05-25T19:00:00Z,17.7,40.0,0.0,11.0,15.9,870.3,496.0,445.8,58.86,180.63,90.0,3.4218
2026-05-25T20:00:00Z,16.8,44.0,0.0,14.2,20.0,833.8,454.2,454.3,56.67,206.75,5.0,4.809
2026-05-25T21:00:00Z,18.7,33.1,0.0,17.2,30.5,784.9,550.7,356.9,51.01,228.61,0.0,4.5577
2026-05-25T22:00:00Z,18.3,53.2,0.0,14.5,20.5,621.9,345.3,385.3,43.25,245.85,35.0,3.4144
2026-05-25T23:00:00Z,15.7,29.4,0.0,16.1,28.8,526.5,531.0,226.2,34.45,259.9,65.0,2.5466
2026-05-26T00:00:00Z,17.5,78.4,0.0,21.1,37.8,246.3,115.1,197.2,25.26,272.12,25.0,1.4062
2026-05-26T01:00:00Z,17.4,43.9,0.0,29.6,46.7,191.3,292.3,110.1,16.13,283.49,85.0,0.5036
2026-05-26T02:00:00Z,15.6,55.2,0.0,26.8,41.0,55.7,131.0,38.8,7.42,294.71,45.0,0.2215
2026-05-26T03:00:00Z,14.8,61.7,0.0,26.6,45.0,0.0,0.0,0.0,-0.52,306.28,15.0,0.0
2026-05-26T04:00:00Z,15.4,37.6,0.0,25.1,41.5,0.0,0.0,0.0,-7.32,318.55,40.0,0.0
2026-05-26T05:00:00Z,14.6,74.7,0.0,19.2,26.2,0.0,0.0,0.0,-12.59,331.73,5.0,0.0
2026-05-26T06:00:00Z,11.6,58.3,0.0,21.0,37.4,0.0,0.0,0.0,-15.93,345.77,10.0,0.0
2026-05-26T07:00:00Z,10.2,84.7,1.0,23.4,34.5,0.0,0.0,0.0,-17.05,0.33,35.0,0.0
2026-05-26T08:00:00Z,9.7,58.7,0.0,24.8,39.6,0.0,0.0,0.0,-15.82,14.87,5.0,0.0
2026-05-26T09:00:00Z,6.6,48.0,0.0,27.8,42.9,0.0,0.0,0.0,-12.37,28.87,65.0,0.0
2026-05-26T10:00:00Z,8.0,42.1,0.0,14.7,21.8,0.0,0.0,0.0,-7.01,42.0,85.0,0.0
2026-05-26T11:00:00Z,5.7,31.7,0.0,22.8,34.8,0.0,0.0,0.0,-0.13,54.22,65.0,0.0
2026-05-26T12:00:00Z,8.5,62.1,0.0,17.0,22.9,57.8,112.3,42.4,7.86,65.75,40.0,0.2549
2026-05-26T13:00:00Z,8.4,58.5,0.0,15.2,24.1,183.5,207.2,124.3,16.6,76.95,55.0,0.6899
2026-05-26T14:00:00Z,9.7,49.3,0.0,21.6,38.5,349.9,322.0,210.0,25.75,88.33,50.0,1.7135
2026-05-26T15:00:00Z,10.4,63.1,0.0,31.8,49.9,456.5,244.4,316.5,34.94,100.59,10.0,2.7106
2026-05-26T16:00:00Z,12.1,58.0,0.0,29.6,40.4,608.3,304.1,398.1,43.74,114.73,35.0,3.6071
2026-05-26T17:00:00Z,11.8,64.1,0.0,25.7,37.7,672.2,261.6,467.6,51.45,132.14,65.0,3.6853
2026-05-26T18:00:00Z,13.3,48.0,0.0,29.7,42.5,823.9,416.0,475.0,57.01,154.26,25.0,5.0878
2026-05-26T19:00:00Z,17.8,67.1,0.0,26.8,47.3,728.2,241.5,521.1,59.04,180.59,70.0,3.5432
2026-05-26T20:00:00Z,18.0,39.8,0.0,25.4,34.0,847.3,494.6,433.2,56.85,206.8,45.0,4.9434
2026-05-26T21:00:00Z,16.0,67.6,0.0,26.0,34.5,642.6,230.9,462.7,51.18,228.72,75.0,2.9317
2026-05-26T22:00:00Z,17.4,72.3,0.0,28.1,42.1,513.9,184.2,387.3,43.41,245.97,20.0,3.196
2026-05-26T23:00:00Z,17.3,70.9,0.0,27.6,36.3,410.6,183.4,306.5,34.6,260.01,85.0,1.5278
2026-05-27T00:00:00Z,16.7,67.9,0.0,12.1,17.6,294.8,185.3,215.3,25.41,272.23,65.0,1.2335
2026-05-27T01:00:00Z,17.2,44.6,0.0,18.0,24.5,193.3,289.8,112.1,16.28,283.59,70.0,0.5671
2026-05-27T02:00:00Z,13.3,83.0,0.0,13.1,18.8,38.6,41.7,33.1,7.58,294.8,65.0,0.1738
2026-05-27T03:00:00Z,14.9,35.2,0.0,10.9,18.4,0.0,0.0,0.0,-0.36,306.35,45.0,0.0
2026-05-27T04:00:00Z,13.0,59.4,0.0,17.2,25.1,0.0,0.0,0.0,-7.15,318.61,45.0,0.0
2026-05-27T05:00:00Z,11.6,63.4,0.0,14.7,19.7,0.0,0.0,0.0,-12.42,331.77,35.0,0.0
2026-05-27T06:00:00Z,12.5,61.5,0.0,16.7,26.7,0.0,0.0,0.0,-15.76,345.77,0.0,0.0
2026-05-27T07:00:00Z,10.1,44.6,0.0,11.5,17.5,0.0,0.0,0.0,-16.87,0.3,10.0,0.0
2026-05-27T08:00:00Z,8.8,64.3,0.0,17.9,29.8,0.0,0.0,0.0,-15.65,14.82,20.0,0.0
2026-05-27T09:00:00Z,8.5,56.4,0.0,16.3,23.8,0.0,0.0,0.0,-12.21,28.79,30.0,0.0
2026-05-27T10:00:00Z,8.6,53.0,0.0,12.8,18.3,0.0,0.0,0.0,-6.86,41.89,65.0,0.0
2026-05-27T11:00:00Z,6.3,52.8,0.0,13.9,24.8,0.0,8.3,0.0,0.0,54.11,85.0,0.0
2026-05-27T12:00:00Z,7.4,70.8,0.0,16.7,24.3,53.4,83.1,41.9,7.98,65.62,10.0,0.3234
2026-05-27T13:00:00Z,9.1,55.1,0.0,14.1,22.1,190.0,228.3,124.3,16.72,76.81,70.0,0.6235
2026-05-27T14:00:00Z,9.2,47.6,0.0,15.6,23.6,354.8,336.0,208.2,25.86,88.18,50.0,1.7215
2026-05-27T15:00:00Z,10.3,40.3,0.0,11.4,17.2,525.0,436.1,274.5,35.06,100.43,40.0,3.0744
2026-05-27T16:00:00Z,11.6,51.2,0.0,17.2,29.8,638.3,364.5,385.7,43.86,114.55,60.0,3.4801
2026-05-27T17:00:00Z,14.8,50.2,0.0,14.6,23.6,748.7,386.8,445.6,51.59,131.97,70.0,3.5238
2026-05-27T18:00:00Z,15.1,46.3,0.0,10.9,19.1,832.0,432.5,468.6,57.17,154.13,30.0,5.1571
2026-05-27T19:00:00Z,16.8,55.6,0.0,18.6,32.5,812.0,345.6,515.1,59.22,180.54,80.0,3.6572
2026-05-27T20:00:00Z,16.8,58.1,0.0,13.1,18.9,774.4,320.9,505.2,57.02,206.85,65.0,4.0034
2026-05-27T21:00:00Z,19.3,30.2,0.0,16.5,24.4,793.2,580.1,340.2,51.34,228.82,35.0,4.7741
2026-05-27T22:00:00Z,18.4,33.2,0.0,9.2,12.6,674.5,530.1,309.2,43.56,246.09,80.0,2.7133
2026-05-27T23:00:00Z,17.5,33.0,0.0,13.5,20.6,528.7,499.5,244.0,34.75,260.13,5.0,3.1992
2026-05-28T00:00:00Z,17.7,26.5,0.0,10.5,18.0,368.6,501.4,152.3,25.55,272.33,90.0,0.7045
2026-05-28T01:00:00Z,16.5,33.1,0.0,8.2,13.1,202.2,365.1,98.9,16.43,283.69,75.0,0.4744
2026-05-28T02:00:00Z,16.8,19.6,0.0,8.0,12.0,65.9,273.3,29.1,7.73,294.88,80.0,0.1486
2026-05-28T03:00:00Z,14.9,16.4,0.0,5.7,9.1,0.0,0.0,0.0,-0.2,306.42,35.0,0.0
2026-05-28T04:00:00Z,14.8,20.7,0.0,7.7,10.3,0.0,0.0,0.0,-6.99,318.66,40.0,0.0
2026-05-28T05:00:00Z,12.3,31.2,0.0,11.0,17.6,0.0,0.0,0.0,-12.25,331.79,5.0,0.0
2026-05-28T06:00:00Z,10.6,47.5,0.0,10.8,18.5,0.0,0.0,0.0,-15.58,345.77,0.0,0.0
2026-05-28T07:00:00Z,10.0,43.0,0.0,8.6,14.4,0.0,0.0,0.0,-16.7,0.27,50.0,0.0
2026-05-28T08:00:00Z,8.3,24.9,0.0,8.2,12.1,0.0,0.0,0.0,-15.48,14.76,20.0,0.0
2026-05-28T09:00:00Z,10.8,25.6,0.0,7.8,10.8,0.0,0.0,0.0,-12.06,28.71,55.0,0.0
2026-05-28T10:00:00Z,9.1,22.3,0.0,9.6,13.3,0.0,0.0,0.0,-6.72,41.8,80.0,0.0
2026-05-28T11:00:00Z,8.4,32.9,0.0,11.4,17.4,0.3,14.6,0.3,0.13,53.99,5.0,0.0021
2026-05-28T12:00:00Z,7.5,43.5,0.0,7.1,11.5,68.0,186.0,41.8,8.1,65.5,20.0,0.2712
2026-05-28T13:00:00Z,8.1,28.9,0.0,10.6,14.5,210.5,397.5,95.4,16.83,76.68,20.0,1.1471
2026-05-28T14:00:00Z,10.5,26.0,0.0,8.2,12.4,376.4,508.6,153.7,25.97,88.04,5.0,2.3597
2026-05-28T15:00:00Z,11.4,31.9,0.0,9.5,14.1,537.1,511.4,242.5,35.17,100.27,70.0,2.2789
2026-05-28T16:00:00Z,14.5,10.9,0.0,9.9,13.4,693.0,750.9,171.6,43.98,114.38,30.0,4.2505
2026-05-28T17:00:00Z,16.1,39.6,0.0,7.1,10.1,782.9,488.6,399.3,51.72,131.8,65.0,4.0861
2026-05-28T18:00:00Z,16.7,46.4,0.0,9.0,14.2,833.3,431.4,470.2,57.32,153.99,75.0,3.9128
2026-05-28T19:00:00Z,16.6,35.8,0.0,8.0,13.4,885.8,539.2,421.8,59.38,180.49,80.0,4.0379
2026-05-28T20:00:00Z,18.1,33.8,0.0,8.0,14.0,863.8,555.9,396.6,57.19,206.9,0.0,4.986
2026-05-28T21:00:00Z,17.3,40.5,0.0,9.9,16.7,777.6,478.8,402.9,51.5,228.92,30.0,4.7237
2026-05-28T22:00:00Z,17.7,21.7,0.0,7.5,10.6,686.1,641.7,242.7,43.71,246.2,30.0,4.2453
2026-05-28T23:00:00Z,17.8,45.3,0.0,9.5,14.0,513.1,392.1,288.8,34.89,260.23,5.0,3.1659
2026-05-29T00:00:00Z,16.8,51.7,0.0,18.5,25.0,344.4,303.3,212.9,25.7,272.43,40.0,1.7129
2026-05-29T01:00:00Z,17.8,43.7,0.0,18.2,31.7,199.0,298.4,113.9,16.57,283.77,75.0,0.5528
2026-05-29T02:00:00Z,16.5,78.1,0.0,18.8,26.2,46.1,58.2,38.1,7.88,294.96,50.0,0.2186
2026-05-29T03:00:00Z,16.5,87.3,0.0,21.1,31.3,0.0,0.0,0.0,-0.04,306.49,30.0,0.0
2026-05-29T04:00:00Z,14.2,53.3,0.0,16.4,23.8,0.0,0.0,0.0,-6.83,318.71,45.0,0.0
2026-05-29T05:00:00Z,12.3,72.0,0.0,16.0,24.4,0.0,0.0,0.0,-12.08,331.82,20.0,0.0
2026-05-29T06:00:00Z,11.3,59.6,0.0,23.6,32.8,0.0,0.0,0.0,-15.42,345.77,85.0,0.0
2026-05-29T07:00:00Z,10.6,62.2,0.0,25.4,43.0,0.0,0.0,0.0,-16.53,0.24,0.0,0.0
2026-05-29T08:00:00Z,9.9,73.4,0.0,18.2,26.4,0.0,0.0,0.0,-15.32,14.7,0.0,0.0
2026-05-29T09:00:00Z,8.6,52.5,0.0,19.9,30.6,0.0,0.0,0.0,-11.91,28.62,35.0,0.0
2026-05-29T10:00:00Z,6.7,69.1,0.0,15.6,23.6,0.0,0.0,0.0,-6.59,41.7,75.0,0.0
2026-05-29T11:00:00Z,7.2,50.9,0.0,18.1,28.7,0.7,11.4,0.6,0.25,53.88,60.0,0.0032
2026-05-29T12:00:00Z,8.6,52.6,0.0,19.8,35.4,66.7,152.2,44.9,8.22,65.38,90.0,0.1878
2026-05-29T13:00:00Z,6.5,60.4,0.0,19.6,26.7,185.7,197.6,128.1,16.94,76.54,60.0,0.6942
2026-05-29T14:00:00Z,10.1,54.8,0.0,23.2,36.7,344.3,282.1,220.3,26.08,87.89,15.0,2.1421
2026-05-29T15:00:00Z,10.9,64.0,0.0,13.0,17.4,457.4,238.2,319.8,35.28,100.11,90.0,1.5803
2026-05-29T16:00:00Z,11.1,55.8,0.0,20.6,33.0,623.5,324.3,397.9,44.09,114.22,80.0,2.6432
2026-05-29T17:00:00Z,13.8,46.9,0.0,19.4,29.5,764.2,418.4,435.2,51.85,131.63,65.0,3.9612
2026-05-29T18:00:00Z,16.1,31.6,0.0,16.0,22.5,870.5,578.0,383.2,57.47,153.85,50.0,5.1363
2026-05-29T19:00:00Z,17.2,58.3,0.0,12.5,16.3,799.8,321.7,522.5,59.55,180.43,80.0,3.4829
2026-05-29T20:00:00Z,17.6,63.3,0.0,21.6,36.0,742.4,273.7,512.0,57.35,206.93,80.0,3.169
2026-05-29T21:00:00Z,18.7,57.8,0.0,12.5,21.0,713.7,317.1,465.0,51.65,229.01,45.0,3.9805
2026-05-29T22:00:00Z,20.0,51.8,0.0,14.9,25.0,636.2,359.3,387.2,43.86,246.3,25.0,3.8079
2026-05-29T23:00:00Z,18.0,63.2,0.0,18.5,33.0,457.3,243.8,317.4,35.03,260.33,40.0,2.6353
2026-05-30T00:00:00Z,17.2,52.4,0.0,10.4,14.9,345.5,299.1,215.2,25.84,272.52,75.0,1.1319
2026-05-30T01:00:00Z,16.9,47.1,0.0,9.2,16.2,198.6,278.1,118.6,16.72,283.86,90.0,0.5114
2026-05-30T02:00:00Z,16.0,54.4,0.0,8.5,13.8,63.5,142.6,43.6,8.03,295.03,25.0,0.2851
2026-05-30T03:00:00Z,15.1,43.3,0.0,6.6,9.5,0.3,11.7,0.3,0.11,306.54,0.0,0.0022
2026-05-30T04:00:00Z,14.6,40.2,0.0,6.8,9.6,0.0,0.0,0.0,-6.67,318.75,10.0,0.0
2026-05-30T05:00:00Z,12.4,42.2,0.0,7.3,11.4,0.0,0.0,0.0,-11.92,331.84,15.0,0.0
2026-05-30T06:00:00Z,11.2,54.7,0.0,9.0,14.2,0.0,0.0,0.0,-15.25,345.77,10.0,0.0
2026-05-30T07:00:00Z,10.5,12.2,0.0,3.9,6.0,0.0,0.0,0.0,-16.38,0.21,65.0,0.0
2026-05-30T08:00:00Z,9.4,45.5,0.0,10.6,14.7,0.0,0.0,0.0,-15.17,14.64,50.0,0.0
2026-05-30T09:00:00Z,9.9,49.8,0.0,7.5,12.7,0.0,0.0,0.0,-11.77,28.54,80.0,0.0
2026-05-30T10:00:00Z,8.5,33.7,0.0,8.6,12.5,0.0,0.0,0.0,-6.46,41.6,35.0,0.0
2026-05-30T11:00:00Z,7.3,34.8,0.0,9.0,15.3,1.0,18.1,0.9,0.37,53.77,0.0,0.0066
2026-05-30T12:00:00Z,8.6,36.2,0.0,11.3,18.2,72.5,219.9,40.7,8.32,65.26,0.0,0.4916
2026-05-30T13:00:00Z,6.9,53.8,0.0,10.4,16.5,196.8,238.5,126.9,17.04,76.41,35.0,0.9812
2026-05-30T14:00:00Z,8.7,54.6,0.0,9.8,16.9,346.3,283.9,221.1,26.17,87.75,30.0,2.0909
2026-05-30T15:00:00Z,10.7,33.0,0.0,9.4,13.0,539.6,502.5,248.7,35.37,99.96,20.0,3.1157
2026-05-30T16:00:00Z,13.6,39.3,0.0,10.6,16.5,674.8,474.0,344.4,44.2,114.05,10.0,4.1843
2026-05-30T17:00:00Z,15.0,29.5,0.0,11.4,18.0,802.6,588.3,339.2,51.97,131.46,75.0,3.7166
2026-05-30T18:00:00Z,16.5,41.1,0.0,9.0,15.4,853.1,483.4,444.9,57.61,153.71,10.0,5.1864
2026-05-30T19:00:00Z,18.2,23.1,0.0,9.8,15.7,905.4,670.2,326.7,59.7,180.37,90.0,3.5609
2026-05-30T20:00:00Z,20.4,6.4,0.0,12.5,17.5,884.2,842.2,173.8,57.51,206.97,10.0,5.3787
2026-05-30T21:00:00Z,21.1,31.2,0.0,13.1,17.6,798.4,571.5,349.3,51.8,229.09,55.0,4.3057
2026-05-30T22:00:00Z,21.2,22.8,0.0,6.9,11.6,690.2,632.1,251.1,44.0,246.4,65.0,3.5002
2026-05-30T23:00:00Z,18.8,31.0,0.0,9.8,17.0,537.8,519.9,238.4,35.17,260.43,5.0,3.3091
2026-05-31T00:00:00Z,20.4,56.9,0.0,20.5,32.5,337.6,266.1,221.1,25.97,272.61,5.0,2.0516
2026-05-31T01:00:00Z,14.4,54.0,0.0,15.5,27.7,193.6,235.8,125.2,16.85,283.94,80.0,0.6337
2026-05-31T02:00:00Z,16.1,55.2,0.0,17.5,24.1,64.9,141.7,44.8,8.17,295.1,20.0,0.2933
2026-05-31T03:00:00Z,12.9,73.8,0.0,17.2,24.2,0.5,5.4,0.5,0.26,306.6,30.0,0.0032
2026-05-31T04:00:00Z,13.6,62.5,0.0,21.2,28.1,0.0,0.0,0.0,-6.52,318.79,30.0,0.0
2026-05-31T05:00:00Z,12.8,72.1,0.0,27.6,40.5,0.0,0.0,0.0,-11.77,331.86,65.0,0.0
2026-05-31T06:00:00Z,12.0,64.2,0.0,26.8,43.9,0.0,0.0,0.0,-15.1,345.76,45.0,0.0
2026-05-31T07:00:00Z,10.3,57.3,0.0,21.5,32.8,0.0,0.0,0.0,-16.22,0.18,40.0,0.0
2026-05-31T08:00:00Z,10.0,54.9,0.0,22.7,33.5,0.0,0.0,0.0,-15.03,14.59,35.0,0.0
2026-05-31T09:00:00Z,8.7,86.5,0.0,17.3,22.7,0.0,0.0,0.0,-11.63,28.46,30.0,0.0
2026-05-31T10:00:00Z,7.8,55.7,0.0,19.2,26.1,0.0,0.0,0.0,-6.34,41.5,70.0,0.0
2026-05-31T11:00:00Z,8.3,59.6,0.0,11.0,18.3,1.2,11.3,1.1,0.48,53.66,5.0,0.0074
2026-05-31T12:00:00Z,6.3,56.1,0.0,19.4,26.5,67.8,141.7,47.0,8.42,65.14,20.0,0.2955
2026-05-31T13:00:00Z,8.9,75.1,0.0,20.5,35.1,156.4,114.0,122.8,17.13,76.29,35.0,0.8059
2026-05-31T14:00:00Z,10.6,47.7,0.0,15.3,26.1,361.4,336.7,212.4,26.26,87.61,30.0,2.1617
2026-05-31T15:00:00Z,12.0,48.9,0.0,20.8,28.2,514.6,363.6,303.6,35.47,99.81,25.0,3.0373
2026-05-31T16:00:00Z,11.9,63.9,0.0,21.2,33.9,584.0,254.2,406.5,44.3,113.89,15.0,3.6768
2026-05-31T17:00:00Z,14.9,53.2,0.0,17.5,24.7,742.2,359.8,458.4,52.08,131.29,0.0,4.3432
2026-05-31T18:00:00Z,16.2,81.4,1.1,21.7,36.3,556.9,121.5,454.2,57.74,153.57,0.0,3.431
2026-05-31T19:00:00Z,16.7,49.1,0.0,14.7,26.3,850.6,407.9,497.9,59.85,180.31,65.0,4.2655
2026-05-31T20:00:00Z,18.2,64.0,0.0,27.3,44.2,740.6,268.2,514.0,57.66,206.99,30.0,4.363
2026-05-31T21:00:00Z,17.5,63.3,0.0,23.5,40.7,683.3,268.7,471.7,51.95,229.16,15.0,4.267
2026-05-31T22:00:00Z,21.6,49.5,0.0,23.8,39.7,648.0,380.1,383.3,44.14,246.49,50.0,3.4742
2026-05-31T23:00:00Z,19.3,56.2,0.0,13.4,23.4,489.9,301.5,315.7,35.3,260.52,35.0,2.8717
2026-06-01T00:00:00Z,20.5,40.7,0.0,15.1,24.4,368.3,390.7,196.4,26.1,272.69,55.0,1.598
2026-06-01T01:00:00Z,17.0,29.2,0.0,15.8,28.3,213.2,397.4,97.1,16.99,284.01,0.0,1.3315
2026-06-01T02:00:00Z,18.4,20.8,0.0,20.5,36.0,73.7,284.6,32.6,8.31,295.16,15.0,0.2604
2026-06-01T03:00:00Z,14.8,48.5,0.0,13.1,23.4,1.1,14.0,1.0,0.4,306.65,30.0,0.006
2026-06-01T04:00:00Z,15.9,36.9,0.0,18.7,33.2,0.0,0.0,0.0,-6.37,318.82,90.0,0.0
2026-06-01T05:00:00Z,14.4,46.8,0.0,17.8,28.2,0.0,0.0,0.0,-11.62,331.87,60.0,0.0
2026-06-01T06:00:00Z,13.2,39.4,0.0,15.9,25.0,0.0,0.0,0.0,-14.95,345.75,75.0,0.0
2026-06-01T07:00:00Z,10.9,25.8,0.0,9.5,14.3,0.0,0.0,0.0,-16.08,0.14,35.0,0.0
2026-06-01T08:00:00Z,10.8,32.4,0.0,14.6,20.9,0.0,0.0,0.0,-14.89,14.53,25.0,0.0
2026-06-01T09:00:00Z,8.7,29.1,0.0,11.5,15.8,0.0,0.0,0.0,-11.51,28.39,75.0,0.0
2026-06-01T10:00:00Z,7.9,8.5,0.0,14.5,23.0,0.0,0.0,0.0,-6.22,41.41,70.0,0.0
2026-06-01T11:00:00Z,7.8,36.6,0.0,23.9,41.7,1.7,21.3,1.5,0.59,53.56,70.0,0.0077
2026-06-01T12:00:00Z,9.2,42.2,0.0,21.9,35.3,74.0,198.9,44.5,8.52,65.02,50.0,0.2587
2026-06-01T13:00:00Z,8.7,20.7,0.0,17.7,31.0,219.0,458.9,83.1,17.22,76.16,20.0,1.1253
2026-06-01T14:00:00Z,10.2,47.9,0.0,14.1,18.6,362.7,336.1,213.5,26.35,87.48,75.0,1.2764
2026-06-01T15:00:00Z,10.1,37.0,0.0,8.6,12.9,538.2,467.7,266.2,35.55,99.66,65.0,2.4451
2026-06-01T16:00:00Z,14.2,44.1,0.0,13.3,22.2,667.5,430.5,366.3,44.39,113.73,85.0,2.5258
2026-06-01T17:00:00Z,14.2,36.8,0.0,9.6,14.7,794.7,516.2,386.9,52.19,131.13,75.0,3.6935
2026-06-01T18:00:00Z,17.8,32.8,0.0,17.7,31.3,873.5,567.2,393.2,57.87,153.43,25.0,5.1533
2026-06-01T19:00:00Z,19.1,27.8,0.0,22.2,34.7,904.6,621.7,366.2,59.99,180.24,70.0,4.5998
2026-06-01T20:00:00Z,19.4,17.2,0.0,15.7,21.0,886.1,727.5,270.5,57.8,207.01,70.0,4.7609
2026-06-01T21:00:00Z,17.7,45.3,0.0,16.5,23.4,772.4,433.9,430.1,52.09,229.23,60.0,4.0831
2026-06-01T22:00:00Z,20.2,55.2,0.0,9.1,15.8,628.3,329.2,398.5,44.27,246.57,85.0,2.5481
2026-06-01T23:00:00Z,19.8,43.8,0.0,13.7,20.0,525.2,407.1,289.2,35.43,260.6,65.0,2.4155
2026-06-02T00:00:00Z,15.2,73.3,0.0,27.7,45.4,284.1,150.5,217.6,26.23,272.77,45.0,1.5528
2026-06-02T01:00:00Z,18.5,42.2,0.0,35.2,53.5,209.3,313.3,117.1,17.12,284.08,40.0,0.8858
2026-06-02T02:00:00Z,16.7,40.9,0.0,21.9,29.8,73.2,202.9,43.4,8.44,295.22,5.0,0.4116
2026-06-02T03:00:00Z,13.0,74.5,0.0,27.2,36.0,1.2,6.8,1.1,0.54,306.7,45.0,0.0063
2026-06-02T04:00:00Z,13.7,55.6,0.0,25.3,35.7,0.0,0.0,0.0,-6.23,318.85,5.0,0.0
2026-06-02T05:00:00Z,11.8,39.5,0.0,19.4,33.6,0.0,0.0,0.0,-11.47,331.89,15.0,0.0
2026-06-02T06:00:00Z,10.2,56.1,0.0,22.2,37.4,0.0,0.0,0.0,-14.81,345.74,25.0,0.0
2026-06-02T07:00:00Z,12.4,66.7,0.0,17.3,30.4,0.0,0.0,0.0,-15.94,0.11,45.0,0.0
2026-06-02T08:00:00Z,8.6,48.9,0.0,25.6,39.8,0.0,0.0,0.0,-14.76,14.47,45.0,0.0
2026-06-02T09:00:00Z,9.4,38.1,0.0,21.1,31.1,0.0,0.0,0.0,-11.39,28.31,40.0,0.0
2026-06-02T10:00:00Z,9.4,35.7,0.0,23.3,40.4,0.0,0.0,0.0,-6.11,41.32,75.0,0.0
2026-06-02T11:00:00Z,6.6,57.1,0.0,24.8,42.2,1.9,14.5,1.7,0.68,53.45,50.0,0.0092
2026-06-02T12:00:00Z,7.7,52.5,0.0,27.1,44.2,71.7,158.3,48.0,8.61,64.91,10.0,0.395
2026-06-02T13:00:00Z,8.0,56.5,0.0,28.8,49.3,197.4,223.5,130.9,17.3,76.04,10.0,1.2272
2026-06-02T14:00:00Z,9.8,57.8,0.0,25.7,42.4,342.6,260.9,226.5,26.43,87.35,15.0,2.1384
2026-06-02T15:00:00Z,12.3,35.6,0.0,24.6,43.1,541.2,480.1,261.5,35.63,99.52,30.0,3.1901
2026-06-02T16:00:00Z,13.1,46.8,0.0,29.9,46.5,661.3,405.0,377.5,44.48,113.57,80.0,2.8576
2026-06-02T17:00:00Z,14.2,66.7,0.0,30.1,47.6,661.7,239.1,472.5,52.29,130.97,5.0,4.1569
2026-06-02T18:00:00Z,17.1,39.9,0.0,20.9,32.7,860.7,496.0,440.1,57.99,153.29,10.0,5.1248
2026-06-02T19:00:00Z,18.6,41.0,0.0,20.9,32.0,881.7,487.7,458.8,60.13,180.17,35.0,5.1525
2026-06-02T20:00:00Z,18.2,37.4,0.0,29.7,51.6,865.9,520.6,424.7,57.94,207.02,70.0,4.4267
2026-06-02T21:00:00Z,19.3,54.8,0.0,24.5,35.0,736.7,345.6,463.5,52.22,229.29,55.0,3.9431
2026-06-02T22:00:00Z,19.3,58.0,0.0,29.8,49.4,617.7,305.4,404.0,44.4,246.65,25.0,3.7117
2026-06-02T23:00:00Z,17.7,51.9,0.0,23.3,38.2,507.6,337.8,311.2,35.56,260.67,30.0,3.028
2026-06-03T00:00:00Z,18.8,47.7,0.0,7.6,13.1,363.1,337.5,213.3,26.36,272.84,60.0,1.4964
2026-06-03T01:00:00Z,15.6,60.5,0.0,8.3,14.7,190.2,198.7,131.3,17.24,284.14,20.0,1.0885
2026-06-03T02:00:00Z,18.8,48.2,0.0,8.3,11.1,72.9,175.1,46.8,8.57,295.27,90.0,0.1947
2026-06-03T03:00:00Z,16.8,69.8,0.0,6.9,11.1,1.6,9.4,1.5,0.67,306.74,65.0,0.0074
2026-06-03T04:00:00Z,14.6,40.0,0.0,9.7,13.3,0.0,0.0,0.0,-6.1,318.88,40.0,0.0
2026-06-03T05:00:00Z,14.4,44.8,0.0,5.9,9.0,0.0,0.0,0.0,-11.33,331.89,40.0,0.0
2026-06-03T06:00:00Z,11.8,63.1,0.0,7.6,12.2,0.0,0.0,0.0,-14.67,345.73,60.0,0.0
2026-06-03T07:00:00Z,11.5,72.5,0.0,6.5,11.6,0.0,0.0,0.0,-15.8,0.07,30.0,0.0
2026-06-03T08:00:00Z,9.4,44.9,0.0,7.0,11.7,0.0,0.0,0.0,-14.64,14.41,75.0,0.0
2026-06-03T09:00:00Z,8.6,71.5,0.0,7.2,12.4,0.0,0.0,0.0,-11.27,28.23,65.0,0.0
2026-06-03T10:00:00Z,9.3,58.8,0.0,4.8,6.8,0.0,0.0,0.0,-6.01,41.23,75.0,0.0
2026-06-03T11:00:00Z,8.4,62.9,0.0,5.1,6.7,2.1,13.1,1.9,0.78,53.35,20.0,0.0129
2026-06-03T12:00:00Z,11.0,43.2,0.0,4.8,6.5,76.1,197.7,46.2,8.69,64.8,5.0,0.4756
2026-06-03T13:00:00Z,10.2,57.8,0.0,5.1,8.6,196.7,216.4,132.1,17.38,75.92,40.0,0.9334
2026-06-03T14:00:00Z,10.6,65.5,0.0,5.3,7.5,320.0,205.5,228.3,26.5,87.22,40.0,1.7618
2026-06-03T15:00:00Z,11.8,51.8,0.0,6.1,8.4,510.6,339.5,312.4,35.71,99.38,90.0,1.6075
2026-06-03T16:00:00Z,14.9,45.7,0.0,7.1,11.2,665.7,415.7,374.0,44.56,113.42,45.0,3.8776
2026-06-03T17:00:00Z,16.6,48.9,0.0,6.7,11.6,764.2,400.9,446.6,52.38,130.81,35.0,4.489
2026-06-03T18:00:00Z,16.0,54.4,0.0,5.6,9.3,806.8,355.8,504.7,58.1,153.15,90.0,3.0314
2026-06-03T19:00:00Z,17.9,45.3,0.0,7.1,9.6,869.9,446.1,482.6,60.26,180.1,70.0,4.4787
2026-06-03T20:00:00Z,19.3,57.9,0.0,7.2,11.3,787.0,323.7,512.2,58.08,207.03,60.0,4.0939
2026-06-03T21:00:00Z,18.4,44.5,0.0,8.3,13.7,778.4,442.1,428.3,52.35,229.35,35.0,4.7061
2026-06-03T22:00:00Z,19.9,74.1,0.0,4.2,6.2,512.1,171.2,392.1,44.52,246.71,65.0,2.4492
2026-06-03T23:00:00Z,19.4,61.9,0.0,6.2,10.9,473.2,256.2,323.8,35.68,260.74,60.0,2.3773
2026-06-04T00:00:00Z,19.0,46.9,0.0,13.2,19.4,366.4,344.1,213.0,26.48,272.9,35.0,2.0714
2026-06-04T01:00:00Z,18.9,24.7,0.0,11.7,17.1,220.9,433.5,91.5,17.37,284.2,15.0,1.1621
2026-06-04T02:00:00Z,17.4,45.5,0.0,12.9,18.3,75.4,188.2,47.0,8.69,295.32,5.0,0.4495
2026-06-04T03:00:00Z,14.7,60.7,0.0,11.6,16.4,2.2,14.3,2.0,0.8,306.77,80.0,0.009
2026-06-04T04:00:00Z,15.0,30.7,0.0,8.0,13.7,0.0,0.0,0.0,-5.97,318.9,65.0,0.0
2026-06-04T05:00:00Z,13.6,40.8,0.0,12.3,17.5,0.0,0.0,0.0,-11.2,331.9,45.0,0.0
2026-06-04T06:00:00Z,11.8,44.2,0.0,11.4,15.1,0.0,0.0,0.0,-14.54,345.71,40.0,0.0
2026-06-04T07:00:00Z,11.2,48.0,0.0,10.3,13.6,0.0,0.0,0.0,-15.68,0.03,60.0,0.0
2026-06-04T08:00:00Z,9.6,20.5,0.0,10.3,15.3,0.0,0.0,0.0,-14.52,14.35,85.0,0.0
2026-06-04T09:00:00Z,10.5,32.8,0.0,11.3,17.8,0.0,0.0,0.0,-11.16,28.15,75.0,0.0
2026-06-04T10:00:00Z,8.5,45.3,0.0,14.2,22.3,0.0,0.0,0.0,-5.91,41.14,5.0,0.0
2026-06-04T11:00:00Z,9.0,35.0,0.0,9.7,16.8,2.7,27.6,2.3,0.86,53.25,45.0,0.0143
2026-06-04T12:00:00Z,8.6,37.7,0.0,7.1,11.0,78.4,222.6,44.5,8.77,64.69,55.0,0.2555
2026-06-04T13:00:00Z,8.6,55.1,0.0,14.8,23.3,201.7,233.5,131.7,17.45,75.81,90.0,0.5841
2026-06-04T14:00:00Z,10.8,47.3,0.0,12.4,17.5,367.4,341.3,214.7,26.57,87.09,50.0,1.7768
2026-06-04T15:00:00Z,13.4,56.1,0.0,13.9,24.7,497.6,303.2,320.3,35.78,99.24,85.0,1.7659
2026-06-04T16:00:00Z,13.5,45.2,0.0,9.8,13.6,668.3,420.9,372.6,44.63,113.27,50.0,3.733
2026-06-04T17:00:00Z,15.3,47.9,0.0,12.3,20.2,768.9,410.5,443.4,52.47,130.65,60.0,4.1087
2026-06-04T18:00:00Z,17.8,63.5,0.0,8.8,12.9,749.7,272.8,517.8,58.2,153.01,35.0,4.2537
2026-06-04T19:00:00Z,16.3,61.7,0.0,14.2,23.8,784.3,290.6,531.7,60.38,180.02,60.0,4.0082
2026-06-04T20:00:00Z,18.0,42.4,0.0,12.4,21.2,856.6,472.0,455.4,58.21,207.03,0.0,4.9264
2026-06-04T21:00:00Z,19.3,37.8,0.0,11.8,19.4,796.6,506.9,394.6,52.48,229.39,80.0,3.4841
2026-06-04T22:00:00Z,18.3,56.4,0.0,10.3,18.1,628.6,319.8,403.9,44.65,246.78,30.0,3.7282
2026-06-04T23:00:00Z,20.8,37.1,0.0,13.8,21.2,542.2,467.7,268.6,35.8,260.81,15.0,3.181
2026-06-05T00:00:00Z,21.9,32.3,0.0,7.7,13.5,384.5,461.8,177.8,26.59,272.96,10.0,2.3441
2026-06-05T01:00:00Z,18.7,66.7,0.0,9.2,14.9,181.9,163.1,132.9,17.48,284.25,65.0,0.6495
2026-06-05T02:00:00Z,17.6,38.6,0.0,9.7,13.4,78.8,219.5,45.2,8.81,295.36,35.0,0.2759
2026-06-05T03:00:00Z,16.1,60.9,0.0,7.4,9.6,2.6,15.7,2.3,0.92,306.8,40.0,0.0133
2026-06-05T04:00:00Z,14.4,67.7,0.0,7.1,11.9,0.0,0.0,0.0,-5.84,318.92,20.0,0.0
2026-06-05T05:00:00Z,14.7,59.0,0.0,8.3,13.9,0.0,0.0,0.0,-11.08,331.9,10.0,0.0
2026-06-05T06:00:00Z,12.0,45.9,0.0,7.9,12.7,0.0,0.0,0.0,-14.41,345.69,5.0,0.0
2026-06-05T07:00:00Z,10.3,35.6,0.0,7.1,11.6,0.0,0.0,0.0,-15.56,359.99,40.0,0.0
2026-06-05T08:00:00Z,9.3,59.1,0.0,9.4,13.1,0.0,0.0,0.0,-14.41,14.29,30.0,0.0
2026-06-05T09:00:00Z,8.6,33.6,0.0,5.8,8.5,0.0,0.0,0.0,-11.06,28.08,10.0,0.0
2026-06-05T10:00:00Z,10.6,72.8,0.0,13.6,22.4,0.0,0.0,0.0,-5.82,41.05,0.0,0.0
2026-06-05T11:00:00Z,9.0,58.0,0.0,5.4,8.9,2.7,17.4,2.4,0.94,53.16,70.0,0.0121
2026-06-05T12:00:00Z,9.3,48.4,0.0,11.0,16.5,76.5,178.7,49.0,8.84,64.59,40.0,0.2998
2026-06-05T13:00:00Z,9.9,51.8,0.0,7.1,10.8,207.0,254.4,130.4,17.52,75.7,10.0,1.2048
2026-06-05T14:00:00Z,11.4,50.6,0.0,9.3,15.6,362.5,316.0,220.8,26.63,86.97,75.0,1.1937
2026-06-05T15:00:00Z,13.9,65.0,0.0,8.9,15.3,460.8,231.5,325.2,35.84,99.11,65.0,2.1815
2026-06-05T16:00:00Z,12.4,42.0,0.0,9.3,14.4,677.0,449.9,360.5,44.7,113.13,10.0,4.0882
2026-06-05T17:00:00Z,15.7,52.6,0.0,9.0,14.9,750.8,365.9,460.3,52.55,130.5,75.0,3.5289
2026-06-05T18:00:00Z,15.8,45.1,0.0,6.5,10.4,849.0,445.2,470.2,58.3,152.87,25.0,5.0525
2026-06-05T19:00:00Z,18.5,65.8,0.0,7.3,9.6,753.0,253.9,532.0,60.5,179.94,55.0,3.9474
2026-06-05T20:00:00Z,18.9,46.5,0.0,9.5,16.3,844.4,431.6,477.1,58.33,207.03,40.0,4.8985
2026-06-05T21:00:00Z,18.3,49.2,0.0,8.0,12.1,765.8,398.4,449.3,52.6,229.43,25.0,4.7593
2026-06-05T22:00:00Z,19.8,69.7,0.0,7.7,12.7,550.5,206.7,405.0,44.76,246.83,20.0,3.3193
2026-06-05T23:00:00Z,18.4,53.7,0.0,9.6,14.6,507.9,324.0,317.9,35.91,260.86,65.0,2.3059
2026-06-06T00:00:00Z,20.3,18.4,0.0,38.0,57.8,391.9,578.6,131.9,26.71,273.01,30.0,2.0437
2026-06-06T01:00:00Z,19.0,54.0,0.0,29.7,47.4,205.6,241.5,132.6,17.6,284.29,25.0,1.0732
2026-06-06T02:00:00Z,17.3,42.4,0.0,23.8,38.9,79.6,205.5,47.7,8.93,295.4,30.0,0.2966
2026-06-06T03:00:00Z,17.3,25.5,0.0,33.7,47.0,3.4,37.2,2.7,1.04,306.83,75.0,0.0127
2026-06-06T04:00:00Z,15.2,22.5,0.0,25.8,46.3,0.0,0.0,0.0,-5.72,318.94,20.0,0.0
2026-06-06T05:00:00Z,13.9,0,0.0,32.4,57.0,0.0,0.0,0.0,-10.95,331.9,75.0,0.0
2026-06-06T06:00:00Z,13.5,10.1,0.0,29.4,40.3,0.0,0.0,0.0,-14.29,345.67,35.0,0.0
2026-06-06T07:00:00Z,10.6,28.6,0.0,24.8,33.2,0.0,0.0,0.0,-15.44,359.95,50.0,0.0
2026-06-06T08:00:00Z,10.9,30.0,0.0,25.9,37.8,0.0,0.0,0.0,-14.3,14.23,90.0,0.0
2026-06-06T09:00:00Z,11.2,8.7,0.0,23.0,40.0,0.0,0.0,0.0,-10.97,28.0,20.0,0.0
2026-06-06T10:00:00Z,9.9,22.5,0.0,24.4,42.2,0.0,0.0,0.0,-5.74,40.96,65.0,0.0
2026-06-06T11:00:00Z,7.5,14.0,0.0,22.9,32.9,3.4,43.4,2.6,1.02,53.06,50.0,0.016
2026-06-06T12:00:00Z,9.4,27.7,0.0,25.7,40.0,81.8,269.2,40.1,8.91,64.49,35.0,0.2379
2026-06-06T13:00:00Z,11.2,11.6,0.0,24.8,42.8,226.0,528.4,66.4,17.58,75.59,20.0,1.1202
2026-06-06T14:00:00Z,13.9,9.8,0.0,19.3,29.7,392.4,652.4,99.4,26.69,86.86,65.0,1.1475
2026-06-06T15:00:00Z,14.3,45.5,0.0,31.7,44.6,529.6,394.3,298.4,35.9,98.98,40.0,2.9821
2026-06-06T16:00:00Z,14.3,22.1,0.0,24.9,36.3,702.6,641.6,250.8,44.77,112.98,90.0,2.3788
2026-06-06T17:00:00Z,15.8,36.9,0.0,35.7,63.4,800.5,516.7,389.9,52.63,130.35,30.0,4.9019
2026-06-06T18:00:00Z,15.5,14.9,0.0,33.7,57.3,893.8,753.6,252.0,58.4,152.73,30.0,5.6181
2026-06-06T19:00:00Z,20.2,28.7,0.0,26.4,43.1,910.4,613.2,376.1,60.61,179.86,25.0,5.6849
2026-06-06T20:00:00Z,19.1,19.0,0.0,21.7,36.2,893.1,710.0,288.1,58.45,207.02,10.0,5.0155
2026-06-06T21:00:00Z,18.5,38.8,0.0,24.8,40.2,797.7,497.9,401.6,52.72,229.47,85.0,3.1425
2026-06-06T22:00:00Z,20.4,28.9,0.0,28.2,39.7,699.6,575.8,293.4,44.87,246.88,90.0,2.3713
2026-06-06T23:00:00Z,19.7,15.7,0.0,31.4,49.3,559.6,665.7,168.1,36.02,260.91,15.0,3.62
2026-06-07T00:00:00Z,18.6,38.1,0.0,13.9,20.8,383.8,415.9,196.2,26.82,273.06,75.0,1.1377
2026-06-07T01:00:00Z,18.6,36.4,0.0,19.5,28.7,222.9,357.1,114.3,17.71,284.33,30.0,1.0588
2026-06-07T02:00:00Z,19.5,21.0,0.0,12.1,16.3,84.2,303.0,36.6,9.04,295.43,55.0,0.2029
2026-06-07T03:00:00Z,14.4,19.3,0.0,18.1,31.5,3.9,44.4,3.0,1.15,306.85,70.0,0.0147
2026-06-07T04:00:00Z,14.3,38.5,0.0,19.9,30.8,0.0,0.0,0.0,-5.6,318.95,85.0,0.0
2026-06-07T05:00:00Z,12.1,31.2,0.0,12.4,18.7,0.0,0.0,0.0,-10.84,331.89,40.0,0.0
2026-06-07T06:00:00Z,13.7,30.8,0.0,18.9,30.7,0.0,0.0,0.0,-14.18,345.65,15.0,0.0
2026-06-07T07:00:00Z,9.9,24.9,0.0,16.7,29.5,0.0,0.0,0.0,-15.34,359.91,70.0,0.0
2026-06-07T08:00:00Z,10.0,41.4,0.0,16.9,23.3,0.0,0.0,0.0,-14.2,14.17,80.0,0.0
2026-06-07T09:00:00Z,10.2,38.4,0.0,9.3,15.2,0.0,0.0,0.0,-10.88,27.93,5.0,0.0
2026-06-07T10:00:00Z,11.3,45.9,0.0,14.9,22.6,0.0,0.0,0.0,-5.66,40.88,45.0,0.0
2026-06-07T11:00:00Z,8.1,35.2,0.0,17.8,26.4,3.5,32.5,2.9,1.08,52.97,10.0,0.0192
2026-06-07T12:00:00Z,9.6,32.6,0.0,16.9,22.4,82.0,248.6,43.3,8.97,64.39,75.0,0.2177
2026-06-07T13:00:00Z,8.3,35.3,0.0,15.1,23.3,222.1,363.7,112.0,17.63,75.48,55.0,0.5964
2026-06-07T14:00:00Z,13.9,17.7,0.0,14.0,19.0,392.7,584.5,129.7,26.74,86.74,55.0,1.6081
2026-06-07T15:00:00Z,13.4,13.8,0.0,14.1,22.5,558.7,683.0,157.7,35.95,98.86,45.0,3.1981
2026-06-07T16:00:00Z,15.7,30.2,0.0,15.4,20.2,697.6,562.9,300.8,44.82,112.85,85.0,2.5018
2026-06-07T17:00:00Z,16.0,31.3,0.0,16.5,25.8,810.3,572.2,355.2,52.7,130.2,40.0,4.8425
2026-06-07T18:00:00Z,17.9,31.9,0.0,21.3,33.4,882.1,577.3,390.0,58.48,152.59,45.0,5.2482
2026-06-07T19:00:00Z,18.5,37.4,0.0,15.5,24.2,897.1,524.9,439.3,60.71,179.77,80.0,3.6952
2026-06-07T20:00:00Z,19.7,30.4,0.0,16.4,25.1,885.0,591.8,380.1,58.56,207.0,10.0,5.2532
2026-06-07T21:00:00Z,18.5,29.9,0.0,10.4,15.5,813.7,586.0,346.8,52.83,229.49,60.0,4.2565
2026-06-07T22:00:00Z,20.3,43.9,0.0,19.6,32.9,676.7,433.5,370.3,44.98,246.92,30.0,4.0969
2026-06-07T23:00:00Z,20.0,38.0,0.0,17.6,24.9,546.5,460.7,274.9,36.12,260.96,0.0,3.2041
2026-06-08T00:00:00Z,18.3,50.9,0.0,19.1,29.8,366.8,315.2,224.1,26.92,273.1,25.0,2.0995
2026-06-08T01:00:00Z,16.4,54.9,0.0,12.0,19.6,207.9,237.4,135.3,17.81,284.37,10.0,1.3178
2026-06-08T02:00:00Z,16.0,55.7,0.0,7.3,11.4,77.3,152.8,53.0,9.15,295.46,15.0,0.4023
2026-06-08T03:00:00Z,15.9,44.0,0.0,16.2,28.6,4.2,30.8,3.5,1.26,306.87,0.0,0.0279
2026-06-08T04:00:00Z,15.7,50.1,0.0,20.8,33.4,0.0,0.0,0.0,-5.49,318.95,55.0,0.0
2026-06-08T05:00:00Z,15.0,38.8,0.0,10.8,14.2,0.0,0.0,0.0,-10.73,331.88,10.0,0.0
2026-06-08T06:00:00Z,12.7,44.4,0.0,16.7,25.4,0.0,0.0,0.0,-14.07,345.62,35.0,0.0
2026-06-08T07:00:00Z,12.2,57.4,0.0,25.6,44.3,0.0,0.0,0.0,-15.24,359.86,10.0,0.0
2026-06-08T08:00:00Z,11.3,61.7,0.0,17.3,22.7,0.0,0.0,0.0,-14.11,14.11,15.0,0.0
2026-06-08T09:00:00Z,9.9,28.7,0.0,20.3,33.8,0.0,0.0,0.0,-10.8,27.85,30.0,0.0
2026-06-08T10:00:00Z,10.0,42.4,0.0,16.2,24.4,0.0,0.0,0.0,-5.59,40.8,0.0,0.0
2026-06-08T11:00:00Z,7.1,40.1,0.0,18.1,27.5,3.7,30.9,3.1,1.14,52.88,5.0,0.0215
2026-06-08T12:00:00Z,8.4,52.4,0.0,14.1,19.0,77.2,164.5,51.4,9.02,64.3,20.0,0.3359
2026-06-08T13:00:00Z,12.0,45.3,0.0,18.1,25.5,216.3,297.7,125.9,17.68,75.38,65.0,0.6876
2026-06-08T14:00:00Z,10.9,35.0,0.0,24.3,37.3,386.0,440.9,187.3,26.78,86.63,40.0,1.9945
2026-06-08T15:00:00Z,11.5,36.7,0.0,19.3,25.5,546.1,471.8,268.8,35.99,98.74,15.0,3.4014
2026-06-08T16:00:00Z,13.9,43.2,0.0,25.6,36.3,676.8,439.2,366.9,44.87,112.71,30.0,4.156
2026-06-08T17:00:00Z,15.1,51.2,0.0,18.7,30.4,759.7,379.7,457.4,52.76,130.06,85.0,3.0664
2026-06-08T18:00:00Z,20.2,23.3,0.0,23.8,36.8,892.0,665.3,324.4,58.56,152.46,45.0,4.9502
2026-06-08T19:00:00Z,22.2,33.5,0.0,18.6,27.4,905.8,564.7,412.8,60.81,179.68,40.0,5.5077
2026-06-08T20:00:00Z,21.9,15.0,0.0,15.9,21.6,896.9,752.7,254.0,58.67,206.98,65.0,4.553
2026-06-08T21:00:00Z,20.3,34.0,0.0,15.4,24.4,809.7,546.0,374.0,52.93,229.51,30.0,4.8157
2026-06-08T22:00:00Z,19.9,55.4,0.0,15.0,20.3,638.9,328.9,406.0,45.08,246.96,75.0,2.5775
2026-06-08T23:00:00Z,20.6,22.7,0.0,22.6,30.7,561.2,600.4,206.4,36.22,261.0,90.0,1.4629
2026-06-09T00:00:00Z,17.7,66.1,0.0,19.5,26.1,325.5,202.4,233.5,27.02,273.13,35.0,1.9036
2026-06-09T01:00:00Z,16.3,84.2,0.0,14.2,20.8,134.9,67.4,114.2,17.91,284.4,70.0,0.5552
2026-06-09T02:00:00Z,17.8,57.2,0.0,19.2,28.7,77.8,147.8,54.0,9.25,295.48,80.0,0.254
2026-06-09T03:00:00Z,15.7,78.4,0.0,22.6,35.0,3.2,10.5,3.0,1.36,306.89,75.0,0.0133
2026-06-09T04:00:00Z,16.3,66.9,0.0,26.0,38.3,0.0,0.0,0.0,-5.39,318.95,10.0,0.0
2026-06-09T05:00:00Z,15.3,52.8,0.0,20.8,35.5,0.0,0.0,0.0,-10.63,331.87,65.0,0.0
2026-06-09T06:00:00Z,12.8,58.2,0.0,14.3,19.1,0.0,0.0,0.0,-13.97,345.59,65.0,0.0
2026-06-09T07:00:00Z,10.8,63.1,0.0,20.5,33.8,0.0,0.0,0.0,-15.14,359.82,85.0,0.0
2026-06-09T08:00:00Z,11.1,47.0,0.0,17.1,26.7,0.0,0.0,0.0,-14.02,14.05,35.0,0.0
2026-06-09T09:00:00Z,9.2,57.7,0.0,25.8,35.2,0.0,0.0,0.0,-10.72,27.78,80.0,0.0
2026-06-09T10:00:00Z,10.5,54.0,0.0,16.3,27.4,0.0,0.0,0.0,-5.53,40.72,25.0,0.0
2026-06-09T11:00:00Z,7.1,63.7,0.0,17.4,23.1,3.5,17.6,3.1,1.2,52.8,5.0,0.0212
2026-06-09T12:00:00Z,7.4,53.0,0.0,17.7,28.3,77.6,162.8,51.9,9.07,64.21,80.0,0.2404
2026-06-09T13:00:00Z,8.4,60.1,0.0,26.7,45.0,198.3,204.5,136.1,17.72,75.29,30.0,1.1019
2026-06-09T14:00:00Z,9.8,54.9,0.0,20.8,31.3,356.4,284.1,228.2,26.82,86.53,35.0,2.0321
2026-06-09T15:00:00Z,12.9,68.1,0.0,12.8,21.4,446.5,207.1,324.7,36.03,98.62,20.0,2.8493
2026-06-09T16:00:00Z,13.5,59.1,0.0,14.2,21.7,619.1,296.3,409.9,44.92,112.59,10.0,4.0104
2026-06-09T17:00:00Z,15.3,82.5,0.0,16.6,23.1,501.9,110.5,413.9,52.81,129.92,65.0,2.5006
2026-06-09T18:00:00Z,15.7,62.5,0.0,15.8,23.8,761.6,282.3,520.6,58.63,152.32,15.0,4.682
2026-06-09T19:00:00Z,18.9,64.6,0.0,24.9,33.9,766.7,264.7,535.4,60.9,179.59,35.0,4.5492
2026-06-09T20:00:00Z,16.2,56.9,0.0,21.3,29.4,800.1,333.7,514.8,58.76,206.95,85.0,3.283
2026-06-09T21:00:00Z,19.2,63.6,0.0,24.5,37.6,693.4,267.0,480.1,53.03,229.53,85.0,2.6171
2026-06-09T22:00:00Z,19.6,63.8,0.0,18.6,32.6,596.3,256.5,414.4,45.18,246.99,80.0,2.4293
2026-06-09T23:00:00Z,20.6,64.9,0.0,20.0,28.3,467.8,232.9,329.9,36.32,261.03,60.0,2.1801
2026-06-10T00:00:00Z,19.4,47.1,0.0,9.7,17.1,377.2,345.7,219.6,27.12,273.16,40.0,1.982
2026-06-10T01:00:00Z,20.1,26.0,0.0,8.5,15.3,232.1,432.5,98.4,18.01,284.42,65.0,0.5249
2026-06-10T02:00:00Z,17.0,47.3,0.0,9.5,15.6,83.9,191.2,52.8,9.35,295.5,5.0,0.5293
2026-06-10T03:00:00Z,14.0,66.9,0.0,9.1,14.2,4.3,18.7,3.8,1.46,306.9,50.0,0.0215
2026-06-10T04:00:00Z,15.7,62.3,0.0,7.2,12.7,0.0,0.0,0.0,-5.29,318.95,15.0,0.0
2026-06-10T05:00:00Z,14.0,50.3,0.0,13.4,20.1,0.0,0.0,0.0,-10.53,331.85,10.0,0.0
2026-06-10T06:00:00Z,11.4,18.1,0.0,14.0,25.0,0.0,0.0,0.0,-13.88,345.56,25.0,0.0
2026-06-10T07:00:00Z,10.4,35.2,0.0,7.9,10.5,0.0,0.0,0.0,-15.06,359.77,30.0,0.0
2026-06-10T08:00:00Z,11.3,44.1,0.0,7.6,11.3,0.0,0.0,0.0,-13.95,13.99,50.0,0.0
2026-06-10T09:00:00Z,10.9,36.1,0.0,9.1,13.3,0.0,0.0,0.0,-10.66,27.71,70.0,0.0
2026-06-10T10:00:00Z,9.6,34.8,0.0,9.9,16.4,0.0,0.0,0.0,-5.47,40.64,25.0,0.0
2026-06-10T11:00:00Z,8.2,54.2,0.0,8.5,15.1,3.9,24.0,3.4,1.25,52.71,75.0,0.0165
2026-06-10T12:00:00Z,9.1,49.6,0.0,9.7,15.3,79.6,177.6,51.5,9.11,64.12,85.0,0.2385
2026-06-10T13:00:00Z,10.2,40.8,0.0,9.5,15.0,221.1,328.3,121.0,17.75,75.19,75.0,0.5966
2026-06-10T14:00:00Z,11.4,57.3,0.0,10.1,18.0,350.9,266.4,230.6,26.86,86.43,40.0,1.9451
2026-06-10T15:00:00Z,13.3,46.1,0.0,8.5,13.8,531.0,389.1,301.9,36.07,98.51,25.0,3.1603
2026-06-10T16:00:00Z,14.8,45.3,0.0,8.0,13.3,672.7,420.0,375.9,44.96,112.46,15.0,4.3546
2026-06-10T17:00:00Z,16.7,37.5,0.0,10.9,15.8,802.3,510.7,395.2,52.86,129.78,45.0,4.5374
2026-06-10T18:00:00Z,18.6,24.5,0.0,7.7,10.8,892.8,653.6,334.3,58.7,152.19,85.0,3.642
2026-06-10T19:00:00Z,16.8,71.4,0.0,8.9,14.0,703.9,205.1,524.5,60.98,179.5,55.0,3.7802
2026-06-10T20:00:00Z,21.1,31.9,0.0,9.1,12.5,886.5,578.0,391.8,58.86,206.92,25.0,5.1798
2026-06-10T21:00:00Z,21.8,41.7,0.0,10.9,17.4,796.1,470.2,420.0,53.12,229.53,85.0,3.0285
2026-06-10T22:00:00Z,22.0,25.7,0.0,6.9,10.5,708.4,608.2,276.3,45.27,247.01,30.0,4.3544
2026-06-10T23:00:00Z,21.5,30.1,0.0,9.6,13.9,560.0,533.4,243.4,36.41,261.05,15.0,3.2341
2026-06-11T00:00:00Z,20.8,22.1,0.0,4.1,5.4,400.3,551.1,148.3,27.21,273.19,90.0,0.7176
2026-06-11T01:00:00Z,20.0,32.8,0.0,5.8,9.8,231.5,386.3,111.5,18.1,284.44,60.0,0.6239
2026-06-11T02:00:00Z,17.9,56.5,0.0,5.7,8.4,80.7,152.9,55.6,9.44,295.52,0.0,0.5128
2026-06-11T03:00:00Z,16.1,26.5,0.0,5.8,9.3,5.7,51.4,4.3,1.55,306.9,75.0,0.0198
2026-06-11T04:00:00Z,16.1,33.0,0.0,4.0,5.3,0.0,0.0,0.0,-5.2,318.95,40.0,0.0
2026-06-11T05:00:00Z,13.3,32.0,0.0,5.7,9.7,0.0,0.0,0.0,-10.44,331.84,35.0,0.0
2026-06-11T06:00:00Z,11.7,38.5,0.0,2.8,4.7,0.0,0.0,0.0,-13.79,345.53,80.0,0.0
2026-06-11T07:00:00Z,10.4,44.2,0.0,5.2,6.9,0.0,0.0,0.0,-14.98,359.72,50.0,0.0
2026-06-11T08:00:00Z,11.1,18.8,0.0,4.3,7.7,0.0,0.0,0.0,-13.87,13.93,75.0,0.0
2026-06-11T09:00:00Z,11.6,30.6,0.0,5.9,8.5,0.0,0.0,0.0,-10.59,27.64,60.0,0.0
2026-06-11T10:00:00Z,11.9,20.3,0.0,4.6,6.6,0.0,0.0,0.0,-5.42,40.56,35.0,0.0
2026-06-11T11:00:00Z,9.5,34.7,0.0,4.1,6.1,4.4,37.8,3.5,1.29,52.63,5.0,0.024
2026-06-11T12:00:00Z,11.0,22.1,0.0,6.6,9.6,85.6,300.3,37.9,9.14,64.03,10.0,0.4072
2026-06-11T13:00:00Z,11.4,52.4,0.0,6.2,9.6,210.6,252.9,133.4,17.78,75.1,30.0,1.0598
2026-06-11T14:00:00Z,12.6,23.0,0.0,5.2,9.0,394.2,540.4,149.8,26.88,86.33,40.0,1.8736
2026-06-11T15:00:00Z,13.4,37.4,0.0,6.6,11.2,546.8,466.0,272.3,36.1,98.41,0.0,3.2362
2026-06-11T16:00:00Z,16.3,0,0.0,4.8,7.2,709.2,867.1,96.2,44.99,112.34,40.0,4.374
2026-06-11T17:00:00Z,15.4,60.6,0.0,5.3,8.7,712.2,293.6,478.0,52.91,129.65,90.0,2.6375
2026-06-11T18:00:00Z,17.9,37.6,0.0,6.3,10.5,874.9,519.5,430.7,58.76,152.06,75.0,4.0653
2026-06-11T19:00:00Z,18.3,48.2,0.0,6.4,10.9,867.4,418.7,501.0,61.06,179.4,75.0,3.6059
2026-06-11T20:00:00Z,19.2,29.8,0.0,7.3,9.7,890.4,599.5,376.8,58.94,206.88,5.0,5.1729
2026-06-11T21:00:00Z,22.5,33.3,0.0,4.7,7.1,814.4,553.0,371.5,53.21,229.53,70.0,3.7086
2026-06-11T22:00:00Z,19.8,46.8,0.0,6.0,9.2,674.4,407.1,384.7,45.36,247.02,45.0,3.9646
2026-06-11T23:00:00Z,21.8,23.3,0.0,7.0,11.2,565.7,596.0,211.2,36.5,261.07,5.0,3.2571
2026-06-12T00:00:00Z,18.2,54.9,0.0,5.9,8.9,364.4,286.6,233.0,27.3,273.21,10.0,2.2561
2026-06-12T01:00:00Z,18.2,77.6,0.0,5.0,6.9,161.8,103.3,129.6,18.19,284.46,50.0,0.7172
2026-06-12T02:00:00Z,18.7,20.6,0.0,3.4,4.5,91.4,316.9,38.9,9.53,295.52,75.0,0.1955
2026-06-12T03:00:00Z,16.4,38.8,0.0,5.1,7.6,5.9,43.4,4.7,1.64,306.9,90.0,0.0197
2026-06-12T04:00:00Z,15.9,52.0,0.0,5.2,9.1,0.0,0.0,0.0,-5.11,318.94,0.0,0.0
2026-06-12T05:00:00Z,15.1,45.5,0.0,3.7,6.0,0.0,0.0,0.0,-10.35,331.82,80.0,0.0
2026-06-12T06:00:00Z,13.3,34.9,0.0,6.2,8.3,0.0,0.0,0.0,-13.71,345.49,85.0,0.0
2026-06-12T07:00:00Z,11.9,40.8,0.0,5.9,9.3,0.0,0.0,0.0,-14.9,359.68,80.0,0.0
2026-06-12T08:00:00Z,10.6,41.1,0.0,2.8,4.2,0.0,0.0,0.0,-13.81,13.87,60.0,0.0
2026-06-12T09:00:00Z,11.6,61.2,0.0,5.6,7.5,0.0,0.0,0.0,-10.54,27.57,75.0,0.0
2026-06-12T10:00:00Z,11.4,28.0,0.0,4.6,6.6,0.0,0.0,0.0,-5.37,40.49,35.0,0.0
2026-06-12T11:00:00Z,9.3,43.4,0.0,5.0,6.9,4.5,32.6,3.7,1.33,52.55,65.0,0.0192
2026-06-12T12:00:00Z,9.6,65.3,0.0,4.6,7.0,71.3,114.3,53.1,9.17,63.95,35.0,0.3439
2026-06-12T13:00:00Z,9.8,68.3,0.0,5.1,7.8,183.0,155.4,135.5,17.81,75.02,80.0,0.6094
2026-06-12T14:00:00Z,11.3,41.4,0.0,4.4,7.6,381.7,390.1,205.2,26.91,86.24,35.0,2.0886
2026-06-12T15:00:00Z,13.6,62.7,0.0,4.9,7.9,475.8,250.2,328.3,36.12,98.31,90.0,1.4593
2026-06-12T16:00:00Z,14.3,69.7,0.0,6.2,8.0,553.6,206.9,407.3,45.02,112.23,60.0,2.9389
2026-06-12T17:00:00Z,15.3,70.3,0.0,5.4,7.4,638.3,208.9,471.6,52.94,129.52,35.0,3.787
2026-06-12T18:00:00Z,17.7,74.4,0.0,4.4,7.0,652.9,178.5,500.2,58.81,151.93,10.0,3.995
2026-06-12T19:00:00Z,18.8,73.2,0.0,4.7,6.4,685.1,189.4,519.2,61.13,179.3,60.0,3.4318
2026-06-12T20:00:00Z,20.2,39.8,0.0,3.7,6.3,872.6,497.9,445.7,59.03,206.83,45.0,4.7785
2026-06-12T21:00:00Z,20.4,32.1,0.0,5.5,8.6,817.3,565.6,363.8,53.3,229.52,65.0,4.1942
2026-06-12T22:00:00Z,18.9,51.4,0.0,5.8,9.9,660.2,365.2,400.0,45.45,247.03,20.0,3.9701
2026-06-12T23:00:00Z,18.9,52.9,0.0,5.0,7.0,520.9,332.1,323.0,36.58,261.09,40.0,2.9406
2026-06-13T00:00:00Z,18.9,67.6,0.0,5.8,8.5,325.1,192.9,236.4,27.38,273.22,40.0,1.721
2026-06-13T01:00:00Z,17.8,51.2,0.0,9.3,14.7,220.2,264.2,137.4,18.27,284.47,50.0,0.8131
2026-06-13T02:00:00Z,18.1,64.5,0.0,10.0,13.9,77.3,121.4,57.0,9.61,295.53,50.0,0.3347
2026-06-13T03:00:00Z,17.7,45.6,0.0,8.5,12.1,6.2,39.5,5.0,1.72,306.9,50.0,0.0273
2026-06-13T04:00:00Z,15.7,56.7,0.0,9.8,16.3,0.0,0.0,0.0,-5.03,318.93,60.0,0.0
2026-06-13T05:00:00Z,13.8,65.1,0.0,8.3,14.6,0.0,0.0,0.0,-10.28,331.79,65.0,0.0
2026-06-13T06:00:00Z,13.0,77.4,1.7,11.3,17.2,0.0,0.0,0.0,-13.64,345.46,80.0,0.0
2026-06-13T07:00:00Z,12.4,69.1,0.0,10.5,16.4,0.0,0.0,0.0,-14.84,359.63,15.0,0.0
2026-06-13T08:00:00Z,12.5,54.5,0.0,10.6,15.1,0.0,0.0,0.0,-13.75,13.81,35.0,0.0
2026-06-13T09:00:00Z,9.8,65.9,0.0,8.1,14.3,0.0,0.0,0.0,-10.49,27.51,5.0,0.0
2026-06-13T10:00:00Z,11.5,53.1,0.0,11.3,20.2,0.0,0.0,0.0,-5.33,40.42,25.0,0.0
2026-06-13T11:00:00Z,8.4,62.2,0.0,9.0,12.8,4.1,20.5,3.6,1.36,52.48,10.0,0.0245
2026-06-13T12:00:00Z,10.3,53.7,0.0,11.2,16.0,78.9,161.5,53.1,9.2,63.87,25.0,0.3479
2026-06-13T13:00:00Z,11.0,57.2,0.0,9.9,14.3,204.8,223.1,136.5,17.83,74.93,40.0,0.9348
2026-06-13T14:00:00Z,9.5,44.0,0.0,10.6,17.5,378.6,369.2,211.4,26.92,86.15,40.0,1.9386
2026-06-13T15:00:00Z,11.0,53.0,0.0,11.4,18.0,513.6,330.4,318.8,36.14,98.21,35.0,2.9804
2026-06-13T16:00:00Z,15.4,70.6,0.0,10.7,17.8,547.0,199.7,405.7,45.04,112.12,45.0,3.094
2026-06-13T17:00:00Z,15.0,78.6,0.0,7.7,12.9,552.3,140.9,439.8,52.97,129.4,70.0,2.6734
2026-06-13T18:00:00Z,18.2,72.9,0.0,7.8,11.9,669.2,190.7,506.0,58.86,151.81,35.0,3.9028
2026-06-13T19:00:00Z,18.5,68.3,0.0,10.6,16.5,736.8,232.4,533.2,61.19,179.2,75.0,3.1476
2026-06-13T20:00:00Z,18.7,65.6,0.0,10.7,14.1,741.2,254.3,523.0,59.1,206.78,65.0,3.6019
2026-06-13T21:00:00Z,20.8,62.3,0.0,6.4,9.8,706.4,278.8,482.6,53.38,229.51,20.0,4.1466
2026-06-13T22:00:00Z,20.7,52.2,0.0,8.2,11.6,658.5,358.7,402.6,45.52,247.03,5.0,3.8712
2026-06-13T23:00:00Z,19.9,55.4,0.0,8.8,13.0,514.1,311.9,327.9,36.66,261.09,70.0,2.2949
2026-06-14T00:00:00Z,20.0,17.2,0.0,6.0,9.4,405.9,594.9,131.6,27.46,273.22,40.0,1.9741
2026-06-14T01:00:00Z,18.5,24.9,0.0,6.4,10.7,238.3,443.9,98.6,18.35,284.47,50.0,0.6002
2026-06-14T02:00:00Z,17.8,70.4,0.0,7.5,12.6,72.7,98.3,56.2,9.69,295.53,10.0,0.4294
2026-06-14T03:00:00Z,17.0,41.3,0.0,6.2,9.2,6.7,45.0,5.3,1.8,306.89,0.0,0.0426
2026-06-14T04:00:00Z,16.8,60.1,0.0,4.7,7.4,0.0,0.0,0.0,-4.96,318.91,90.0,0.0
2026-06-14T05:00:00Z,16.1,47.2,0.0,6.4,10.0,0.0,0.0,0.0,-10.2,331.77,40.0,0.0
2026-06-14T06:00:00Z,12.7,38.4,0.0,6.3,11.2,0.0,0.0,0.0,-13.57,345.42,75.0,0.0
2026-06-14T07:00:00Z,10.4,39.6,0.0,6.1,7.9,0.0,0.0,0.0,-14.78,359.58,75.0,0.0
2026-06-14T08:00:00Z,10.4,38.5,0.0,6.0,9.7,0.0,0.0,0.0,-13.7,13.75,35.0,0.0
2026-06-14T09:00:00Z,11.7,68.0,0.0,6.0,9.8,0.0,0.0,0.0,-10.45,27.44,55.0,0.0
2026-06-14T10:00:00Z,9.0,7.1,0.0,5.0,7.8,0.0,0.0,0.0,-5.3,40.35,30.0,0.0
2026-06-14T11:00:00Z,11.9,21.2,0.0,5.1,7.4,4.9,50.3,3.7,1.38,52.41,85.0,0.0149
2026-06-14T12:00:00Z,9.6,52.5,0.0,6.6,8.8,79.8,167.1,53.0,9.21,63.8,5.0,0.5089
2026-06-14T13:00:00Z,9.0,54.4,0.0,4.1,5.8,209.0,240.4,135.3,17.84,74.86,75.0,0.6957
2026-06-14T14:00:00Z,12.3,48.6,0.0,4.2,7.4,371.4,333.0,220.6,26.93,86.07,85.0,0.9425
2026-06-14T15:00:00Z,14.8,36.9,0.0,6.0,10.3,548.5,470.9,270.7,36.15,98.12,30.0,3.4032
2026-06-14T16:00:00Z,15.8,58.1,0.0,7.2,9.4,625.9,305.1,410.0,45.05,112.02,15.0,3.775
2026-06-14T17:00:00Z,15.7,56.6,0.0,7.0,9.7,736.9,330.2,473.2,53.0,129.28,30.0,4.3337
2026-06-14T18:00:00Z,18.6,36.0,0.0,6.9,11.8,879.8,536.1,420.8,58.9,151.68,10.0,5.5503
2026-06-14T19:00:00Z,20.3,43.7,0.0,6.6,8.7,885.7,462.6,480.1,61.25,179.1,85.0,3.4908
2026-06-14T20:00:00Z,21.6,38.0,0.0,5.4,7.6,878.6,516.1,435.4,59.17,206.72,0.0,5.3467
2026-06-14T21:00:00Z,23.2,0.7,0.0,7.0,10.1,832.4,892.0,115.8,53.45,229.49,20.0,5.3557
2026-06-14T22:00:00Z,21.2,23.5,0.0,7.0,9.5,714.8,630.7,264.2,45.6,247.03,30.0,4.2811
2026-06-14T23:00:00Z,20.0,33.3,0.0,5.9,8.1,562.6,505.4,260.3,36.73,261.09,5.0,3.346
2026-06-15T00:00:00Z,21.1,72.6,0.0,17.1,22.8,305.0,158.0,232.0,27.53,273.23,0.0,1.8687
2026-06-15T01:00:00Z,20.5,39.4,0.0,15.3,21.8,233.6,343.8,125.0,18.42,284.47,15.0,1.2769
2026-06-15T02:00:00Z,17.5,53.9,0.0,14.0,20.5,86.5,168.0,58.0,9.76,295.52,50.0,0.3196
2026-06-15T03:00:00Z,15.4,74.0,0.0,7.5,10.9,5.4,17.6,4.8,1.87,306.88,65.0,0.0224
2026-06-15T04:00:00Z,16.0,57.7,0.0,15.0,24.8,0.0,0.0,0.0,-4.89,318.89,20.0,0.0
2026-06-15T05:00:00Z,15.8,48.4,0.0,16.7,22.3,0.0,0.0,0.0,-10.14,331.74,10.0,0.0
2026-06-15T06:00:00Z,12.8,42.1,0.0,16.0,24.1,0.0,0.0,0.0,-13.51,345.38,80.0,0.0
2026-06-15T07:00:00Z,12.6,59.1,0.0,9.5,13.5,0.0,0.0,0.0,-14.72,359.53,10.0,0.0
2026-06-15T08:00:00Z,12.0,66.6,0.0,14.8,23.6,0.0,0.0,0.0,-13.66,13.69,50.0,0.0
2026-06-15T09:00:00Z,10.3,76.6,0.3,14.8,21.4,0.0,0.0,0.0,-10.41,27.38,0.0,0.0
2026-06-15T10:00:00Z,12.0,65.2,0.0,12.6,17.9,0.0,0.0,0.0,-5.27,40.28,70.0,0.0
2026-06-15T11:00:00Z,8.7,69.3,0.0,11.8,18.0,3.9,16.4,3.5,1.4,52.34,65.0,0.0165
2026-06-15T12:00:00Z,10.2,60.8,0.0,11.6,18.1,75.2,132.6,53.9,9.23,63.73,90.0,0.2216
2026-06-15T13:00:00Z,11.7,41.8,0.0,11.7,19.6,222.1,322.8,123.2,17.85,74.78,35.0,0.9838
2026-06-15T14:00:00Z,11.9,67.9,0.0,16.2,21.6,317.4,189.5,231.5,26.94,85.99,50.0,1.5693
2026-06-15T15:00:00Z,11.5,61.2,0.0,8.2,11.8,483.3,262.8,328.3,36.15,98.03,55.0,2.4348
2026-06-15T16:00:00Z,14.0,67.4,0.0,12.2,16.5,571.4,226.4,411.1,45.06,111.92,30.0,3.3313
2026-06-15T17:00:00Z,17.0,46.6,0.0,12.9,20.0,780.2,423.2,442.2,53.01,129.17,55.0,4.3168
2026-06-15T18:00:00Z,17.3,54.2,0.0,14.2,20.8,816.7,358.5,509.6,58.93,151.56,80.0,3.5752
2026-06-15T19:00:00Z,18.6,65.2,0.0,12.7,18.1,765.3,259.7,537.5,61.3,179.0,40.0,4.2561
2026-06-15T20:00:00Z,20.5,54.8,0.0,8.9,15.4,817.0,353.8,513.0,59.23,206.66,70.0,3.721
2026-06-15T21:00:00Z,20.4,50.6,0.0,14.2,25.5,771.7,386.6,460.9,53.52,229.46,15.0,4.63
2026-06-15T22:00:00Z,22.8,42.1,0.0,10.7,17.4,691.1,451.2,368.4,45.67,247.02,70.0,3.1897
2026-06-15T23:00:00Z,20.9,43.0,0.0,17.6,25.4,549.5,418.7,298.7,36.8,261.09,85.0,1.8291
2026-06-16T00:00:00Z,21.6,38.2,0.0,14.8,21.5,397.6,419.4,203.3,27.6,273.22,50.0,1.7856
2026-06-16T01:00:00Z,20.1,45.6,0.0,12.1,18.9,230.0,302.9,133.9,18.49,284.46,45.0,0.8333
2026-06-16T02:00:00Z,17.9,55.9,0.0,12.9,17.8,86.2,160.0,58.9,9.83,295.51,65.0,0.2888
2026-06-16T03:00:00Z,15.9,50.3,0.0,12.5,20.3,7.1,39.7,5.8,1.94,306.86,40.0,0.0354
2026-06-16T04:00:00Z,14.8,42.6,0.0,13.0,21.2,0.0,0.0,0.0,-4.82,318.87,70.0,0.0
2026-06-16T05:00:00Z,15.2,63.3,0.0,6.3,9.6,0.0,0.0,0.0,-10.08,331.7,70.0,0.0
2026-06-16T06:00:00Z,14.0,56.4,0.0,12.1,18.2,0.0,0.0,0.0,-13.46,345.34,80.0,0.0
2026-06-16T07:00:00Z,12.9,45.6,0.0,11.7,15.8,0.0,0.0,0.0,-14.68,359.48,70.0,0.0
2026-06-16T08:00:00Z,11.5,29.5,0.0,11.3,16.9,0.0,0.0,0.0,-13.62,13.63,65.0,0.0
2026-06-16T09:00:00Z,9.4,34.4,0.0,13.0,18.2,0.0,0.0,0.0,-10.39,27.32,70.0,0.0
2026-06-16T10:00:00Z,10.7,33.5,0.0,11.1,19.9,0.0,0.0,0.0,-5.25,40.22,90.0,0.0
2026-06-16T11:00:00Z,11.8,39.1,0.0,11.4,18.7,4.9,37.6,4.0,1.41,52.27,90.0,0.0166
2026-06-16T12:00:00Z,8.6,47.7,0.0,14.6,21.2,82.1,187.5,52.0,9.23,63.66,40.0,0.3266
2026-06-16T13:00:00Z,10.8,46.2,0.0,14.5,22.6,218.5,293.3,128.6,17.85,74.71,55.0,0.7353
2026-06-16T14:00:00Z,12.1,53.0,0.0,9.0,12.1,362.9,299.5,227.2,26.94,85.91,15.0,2.219
2026-06-16T15:00:00Z,14.2,36.3,0.0,9.4,13.5,549.2,476.2,268.3,36.15,97.95,45.0,2.9591
2026-06-16T16:00:00Z,15.8,39.5,0.0,12.5,19.7,687.7,474.7,351.7,45.06,111.83,35.0,3.9824
2026-06-16T17:00:00Z,17.5,36.0,0.0,8.8,13.7,807.4,525.8,387.3,53.03,129.06,65.0,3.9929
2026-06-16T18:00:00Z,16.6,57.8,0.0,12.3,19.5,796.8,325.7,517.8,58.95,151.45,40.0,4.7643
2026-06-16T19:00:00Z,18.4,37.1,0.0,13.9,18.8,904.3,528.1,440.9,61.34,178.9,65.0,4.555
2026-06-16T20:00:00Z,19.9,25.7,0.0,13.2,22.1,898.6,642.3,346.4,59.28,206.59,70.0,4.523
2026-06-16T21:00:00Z,21.3,24.7,0.0,12.0,18.2,828.6,640.2,313.5,53.58,229.42,55.0,4.1762
2026-06-16T22:00:00Z,22.6,31.6,0.0,12.8,22.9,709.9,551.8,314.8,45.73,247.0,55.0,3.7403
2026-06-16T23:00:00Z,19.9,63.6,0.0,7.6,11.7,482.6,244.9,335.7,36.87,261.08,60.0,2.2873
2026-06-17T00:00:00Z,19.8,44.6,0.0,23.1,30.2,390.6,368.1,219.7,27.66,273.21,40.0,1.9502
2026-06-17T01:00:00Z,19.6,64.7,0.0,29.4,50.3,201.9,180.2,144.6,18.55,284.45,90.0,0.6253
2026-06-17T02:00:00Z,17.8,67.0,0.0,16.5,27.3,78.5,113.6,59.0,9.89,295.5,5.0,0.4792
2026-06-17T03:00:00Z,17.4,12.1,0.0,29.6,46.2,8.0,81.1,5.2,2.0,306.84,5.0,0.0348
2026-06-17T04:00:00Z,14.9,51.4,0.0,17.0,26.9,0.0,0.0,0.0,-4.76,318.84,25.0,0.0
2026-06-17T05:00:00Z,14.4,54.9,0.0,33.1,57.2,0.0,0.0,0.0,-10.02,331.67,65.0,0.0
2026-06-17T06:00:00Z,14.6,49.8,0.0,22.6,39.9,0.0,0.0,0.0,-13.41,345.3,80.0,0.0
2026-06-17T07:00:00Z,11.0,50.1,0.0,26.6,42.1,0.0,0.0,0.0,-14.64,359.43,10.0,0.0
2026-06-17T08:00:00Z,11.6,56.1,0.0,36.6,54.9,0.0,0.0,0.0,-13.59,13.58,0.0,0.0
2026-06-17T09:00:00Z,9.8,67.2,0.0,20.7,28.8,0.0,0.0,0.0,-10.36,27.26,5.0,0.0
2026-06-17T10:00:00Z,10.0,70.2,0.0,22.5,36.4,0.0,0.0,0.0,-5.24,40.15,55.0,0.0
2026-06-17T11:00:00Z,10.9,62.2,0.0,24.1,40.7,4.3,21.3,3.8,1.42,52.21,55.0,0.0216
2026-06-17T12:00:00Z,9.8,48.6,0.0,24.8,44.1,81.7,183.5,52.3,9.23,63.6,0.0,0.5506
2026-06-17T13:00:00Z,11.4,52.5,0.0,33.1,45.2,211.6,252.6,134.2,17.85,74.65,25.0,1.1259
2026-06-17T14:00:00Z,11.7,64.1,0.0,24.9,43.2,331.5,216.7,233.3,26.93,85.85,20.0,1.9064
2026-06-17T15:00:00Z,12.8,67.8,0.0,18.3,27.4,450.1,210.1,326.2,36.15,97.87,90.0,1.4074
2026-06-17T16:00:00Z,15.9,54.3,0.0,22.7,40.5,643.5,338.8,403.7,45.06,111.74,75.0,2.7303
2026-06-17T17:00:00Z,16.0,69.2,0.0,27.0,38.0,649.1,218.4,474.6,53.03,128.96,60.0,3.2703
2026-06-17T18:00:00Z,18.7,40.0,0.0,23.3,39.6,871.7,496.7,446.1,58.97,151.33,90.0,3.2493
2026-06-17T19:00:00Z,17.5,69.5,0.0,25.6,33.6,726.7,221.8,532.0,61.38,178.79,80.0,3.1392
2026-06-17T20:00:00Z,21.3,54.2,0.0,17.8,31.7,821.2,359.3,512.1,59.33,206.52,75.0,3.8273
2026-06-17T21:00:00Z,21.8,45.3,0.0,19.2,27.5,792.3,436.4,440.9,53.63,229.38,55.0,4.0797
2026-06-17T22:00:00Z,20.8,47.3,0.0,27.3,45.2,679.1,403.4,390.0,45.79,246.97,40.0,3.9141
2026-06-17T23:00:00Z,20.4,57.9,0.0,31.1,49.7,508.8,291.4,333.7,36.92,261.06,60.0,2.4777
2026-06-18T00:00:00Z,18.2,38.9,0.0,19.0,26.7,399.0,414.6,206.2,27.72,273.2,50.0,1.7204
2026-06-18T01:00:00Z,19.7,34.3,0.0,19.3,25.9,239.8,380.7,118.3,18.61,284.44,85.0,0.525
2026-06-18T02:00:00Z,17.4,37.5,0.0,12.5,18.0,95.4,245.5,53.0,9.95,295.48,0.0,0.6137
2026-06-18T03:00:00Z,16.9,26.9,0.0,9.6,15.6,8.3,66.7,5.9,2.05,306.82,75.0,0.028
2026-06-18T04:00:00Z,16.6,37.4,0.0,13.9,23.4,0.0,0.0,0.0,-4.71,318.81,70.0,0.0
2026-06-18T05:00:00Z,16.8,41.7,0.0,12.8,21.7,0.0,0.0,0.0,-9.98,331.63,70.0,0.0
2026-06-18T06:00:00Z,13.4,50.0,0.0,21.9,31.7,0.0,0.0,0.0,-13.37,345.25,10.0,0.0
2026-06-18T07:00:00Z,12.2,3.1,0.0,15.7,22.0,0.0,0.0,0.0,-14.6,359.38,20.0,0.0
2026-06-18T08:00:00Z,10.9,56.9,0.0,12.5,16.4,0.0,0.0,0.0,-13.56,13.52,70.0,0.0
2026-06-18T09:00:00Z,8.9,39.3,0.0,20.8,29.7,0.0,0.0,0.0,-10.35,27.2,50.0,0.0
2026-06-18T10:00:00Z,8.0,39.3,0.0,19.3,27.9,0.0,0.0,0.0,-5.23,40.1,70.0,0.0
2026-06-18T11:00:00Z,12.1,8.8,0.0,18.7,26.7,5.0,61.4,3.5,1.42,52.15,75.0,0.0174
2026-06-18T12:00:00Z,10.0,46.3,0.0,14.7,21.5,82.5,193.6,51.5,9.23,63.54,65.0,0.2852
2026-06-18T13:00:00Z,11.6,20.4,0.0,14.4,21.6,230.0,469.2,86.3,17.84,74.59,0.0,1.5007
2026-06-18T14:00:00Z,13.7,46.6,0.0,19.0,29.4,374.6,348.5,216.8,26.92,85.78,30.0,2.1515
2026-06-18T15:00:00Z,12.6,31.7,0.0,14.2,25.0,553.9,517.1,249.0,36.14,97.8,90.0,1.5745
2026-06-18T16:00:00Z,15.0,39.4,0.0,14.3,18.8,687.8,475.9,351.0,45.05,111.66,60.0,3.3592
2026-06-18T17:00:00Z,17.9,54.9,0.0,17.7,25.8,745.9,345.5,469.9,53.03,128.87,50.0,4.1025
2026-06-18T18:00:00Z,17.5,38.7,0.0,15.0,26.9,874.8,508.8,438.8,58.98,151.22,80.0,3.3595
2026-06-18T19:00:00Z,21.1,23.5,0.0,18.5,25.5,923.9,668.1,337.3,61.4,178.69,75.0,4.097
2026-06-18T20:00:00Z,19.9,27.4,0.0,18.0,31.2,898.0,624.4,360.7,59.38,206.45,5.0,5.3189
2026-06-18T21:00:00Z,21.1,33.9,0.0,18.9,29.3,819.6,548.5,377.7,53.68,229.33,15.0,4.9496
2026-06-18T22:00:00Z,20.3,33.9,0.0,17.0,28.1,708.7,529.6,328.8,45.84,246.94,45.0,4.0202
2026-06-18T23:00:00Z,22.4,35.9,0.0,16.1,23.9,563.6,482.3,273.5,36.98,261.03,40.0,3.1054
2026-06-19T00:00:00Z,20.2,35.1,0.0,7.4,12.9,403.6,445.6,196.0,27.77,273.18,50.0,1.8092
2026-06-19T01:00:00Z,19.8,19.7,0.0,9.4,16.7,244.9,485.0,89.7,18.66,284.41,10.0,1.3743
2026-06-19T02:00:00Z,18.9,33.3,0.0,7.4,10.4,97.0,266.3,50.8,10.0,295.45,15.0,0.4322
2026-06-19T03:00:00Z,17.9,41.3,0.0,7.3,11.2,8.3,52.5,6.4,2.1,306.79,40.0,0.0381
2026-06-19T04:00:00Z,16.0,37.4,0.0,6.6,10.6,0.0,0.0,0.0,-4.67,318.78,65.0,0.0
2026-06-19T05:00:00Z,16.7,20.6,0.0,6.0,8.2,0.0,0.0,0.0,-9.94,331.59,70.0,0.0
2026-06-19T06:00:00Z,14.1,13.3,0.0,7.2,9.5,0.0,0.0,0.0,-13.33,345.21,10.0,0.0
2026-06-19T07:00:00Z,13.7,23.2,0.0,6.8,12.1,0.0,0.0,0.0,-14.58,359.32,30.0,0.0
2026-06-19T08:00:00Z,12.8,39.5,0.0,8.2,12.6,0.0,0.0,0.0,-13.55,13.47,5.0,0.0
2026-06-19T09:00:00Z,10.4,37.1,0.0,8.6,12.9,0.0,0.0,0.0,-10.34,27.14,60.0,0.0
2026-06-19T10:00:00Z,11.3,24.4,0.0,7.6,12.9,0.0,0.0,0.0,-5.23,40.04,5.0,0.0
2026-06-19T11:00:00Z,8.8,41.7,0.0,6.4,9.6,4.9,35.7,4.0,1.41,52.1,70.0,0.0209
2026-06-19T12:00:00Z,10.3,43.4,0.0,6.6,11.9,83.3,205.9,50.3,9.22,63.48,15.0,0.3959
2026-06-19T13:00:00Z,12.4,34.5,0.0,7.2,9.9,225.9,371.2,112.3,17.83,74.53,10.0,1.3536
2026-06-19T14:00:00Z,13.6,52.1,0.0,6.2,10.7,364.1,305.9,225.7,26.91,85.72,0.0,2.3334
2026-06-19T15:00:00Z,13.6,32.9,0.0,5.7,9.9,552.5,506.4,254.0,36.12,97.74,90.0,1.5169
2026-06-19T16:00:00Z,17.3,21.4,0.0,6.8,10.6,707.2,649.9,247.3,45.04,111.58,60.0,3.6053
2026-06-19T17:00:00Z,15.5,50.6,0.0,5.9,9.0,765.2,385.1,457.6,53.02,128.77,45.0,4.6111
2026-06-19T18:00:00Z,19.7,38.9,0.0,8.0,10.8,874.6,507.3,439.8,58.99,151.12,10.0,5.3406
2026-06-19T19:00:00Z,20.4,15.0,0.0,6.1,10.1,928.2,759.2,261.5,61.42,178.58,55.0,5.3131
2026-06-19T20:00:00Z,20.2,43.0,0.0,6.9,11.1,868.0,466.9,466.1,59.41,206.36,75.0,3.8592
2026-06-19T21:00:00Z,21.4,36.6,0.0,8.1,12.3,815.5,521.6,395.0,53.73,229.28,30.0,4.6897
2026-06-19T22:00:00Z,21.7,44.5,0.0,5.9,8.8,688.7,429.9,380.0,45.89,246.9,70.0,3.1319
2026-06-19T23:00:00Z,21.4,39.2,0.0,4.5,7.8,560.0,453.5,286.9,37.03,261.0,70.0,2.2345
2026-06-20T00:00:00Z,21.8,15.4,0.0,12.7,21.2,412.8,612.8,126.8,27.82,273.15,40.0,1.9628
2026-06-20T01:00:00Z,21.2,19.1,0.0,15.4,23.3,245.9,490.6,88.5,18.71,284.39,80.0,0.4856
2026-06-20T02:00:00Z,18.3,28.9,0.0,13.8,24.7,98.5,288.7,48.1,10.04,295.43,0.0,0.6228
2026-06-20T03:00:00Z,18.5,2.6,0.0,9.0,15.3,8.9,98.4,5.2,2.15,306.76,10.0,0.0336
2026-06-20T04:00:00Z,16.9,20.1,0.0,17.8,29.8,0.0,0.0,0.0,-4.63,318.74,75.0,0.0
2026-06-20T05:00:00Z,16.7,19.3,0.0,11.3,18.3,0.0,0.0,0.0,-9.9,331.55,90.0,0.0
2026-06-20T06:00:00Z,12.8,1.9,0.0,14.7,25.4,0.0,0.0,0.0,-13.31,345.16,60.0,0.0
2026-06-20T07:00:00Z,14.1,17.3,0.0,15.5,22.9,0.0,0.0,0.0,-14.56,359.27,5.0,0.0
2026-06-20T08:00:00Z,12.2,25.2,0.0,15.1,24.9,0.0,0.0,0.0,-13.54,13.41,50.0,0.0
2026-06-20T09:00:00Z,11.6,13.8,0.0,11.4,20.3,0.0,0.0,0.0,-10.34,27.09,0.0,0.0
2026-06-20T10:00:00Z,9.2,12.4,0.0,13.0,21.2,0.0,0.0,0.0,-5.24,39.99,15.0,0.0
2026-06-20T11:00:00Z,10.1,17.7,0.0,12.6,21.8,5.0,53.6,3.7,1.4,52.05,5.0,0.0247
2026-06-20T12:00:00Z,11.5,11.8,0.0,9.9,15.9,86.8,350.3,30.8,9.2,63.43,85.0,0.1631
2026-06-20T13:00:00Z,11.1,12.5,0.0,13.9,19.4,230.1,525.2,69.5,17.81,74.48,40.0,0.6637
2026-06-20T14:00:00Z,11.7,21.8,0.0,13.5,22.4,394.5,550.9,145.4,26.89,85.67,35.0,2.0177
2026-06-20T15:00:00Z,12.9,19.5,0.0,18.5,29.8,560.2,629.8,189.1,36.1,97.68,85.0,1.6681
2026-06-20T16:00:00Z,14.6,33.9,0.0,10.4,14.7,696.3,528.0,322.8,45.02,111.51,60.0,3.402
2026-06-20T17:00:00Z,17.5,13.9,0.0,10.5,16.7,825.7,751.2,225.7,53.01,128.69,10.0,5.0883
2026-06-20T18:00:00Z,18.7,0.7,0.0,10.3,17.7,901.8,908.5,123.2,58.99,151.02,80.0,4.1652
2026-06-20T19:00:00Z,20.0,9.1,0.0,18.2,25.3,929.2,821.9,207.3,61.44,178.48,50.0,5.0167
2026-06-20T20:00:00Z,20.7,12.4,0.0,16.6,22.4,906.5,782.5,232.7,59.44,206.28,40.0,5.648
2026-06-20T21:00:00Z,21.1,19.0,0.0,17.4,29.9,834.3,699.6,270.0,53.76,229.22,90.0,2.9464
2026-06-20T22:00:00Z,21.6,11.2,0.0,17.0,28.9,723.5,755.6,180.6,45.93,246.86,50.0,4.0744
2026-06-20T23:00:00Z,21.8,0,0.0,9.4,14.4,578.6,823.8,82.0,37.07,260.97,25.0,3.3846
2026-06-21T00:00:00Z,21.8,32.4,0.0,12.5,16.7,407.5,468.9,188.3,27.87,273.12,45.0,1.9335
2026-06-21T01:00:00Z,19.9,30.2,0.0,14.5,22.4,244.1,411.3,111.9,18.76,284.36,60.0,0.6401
2026-06-21T02:00:00Z,17.7,13.0,0.0,10.9,14.6,100.1,368.8,35.5,10.09,295.39,85.0,0.1768
2026-06-21T03:00:00Z,18.1,29.2,0.0,16.0,25.0,9.0,68.3,6.4,2.19,306.73,70.0,0.0316
2026-06-21T04:00:00Z,16.1,40.1,0.0,17.8,27.1,0.0,0.0,0.0,-4.59,318.7,15.0,0.0
2026-06-21T05:00:00Z,16.7,11.2,0.0,13.1,21.0,0.0,0.0,0.0,-9.87,331.51,40.0,0.0
2026-06-21T06:00:00Z,14.4,32.2,0.0,16.8,29.3,0.0,0.0,0.0,-13.29,345.11,40.0,0.0
2026-06-21T07:00:00Z,12.0,33.3,0.0,16.9,28.3,0.0,0.0,0.0,-14.55,359.22,75.0,0.0
2026-06-21T08:00:00Z,12.4,20.5,0.0,13.6,18.3,0.0,0.0,0.0,-13.53,13.36,65.0,0.0
2026-06-21T09:00:00Z,11.3,23.7,0.0,16.3,22.9,0.0,0.0,0.0,-10.34,27.04,60.0,0.0
2026-06-21T10:00:00Z,12.0,23.0,0.0,12.2,17.5,0.0,0.0,0.0,-5.25,39.94,50.0,0.0
2026-06-21T11:00:00Z,11.7,15.3,0.0,8.1,11.2,4.9,54.9,3.6,1.38,52.0,10.0,0.0241
2026-06-21T12:00:00Z,9.1,22.7,0.0,12.2,16.2,86.1,298.6,38.5,9.18,63.38,75.0,0.208
2026-06-21T13:00:00Z,12.5,14.0,0.0,12.9,21.9,229.5,514.2,72.5,17.78,74.43,45.0,0.5734
2026-06-21T14:00:00Z,13.7,18.2,0.0,15.2,26.2,394.7,581.1,132.2,26.86,85.62,40.0,2.0105
2026-06-21T15:00:00Z,15.6,31.1,0.0,11.9,16.2,553.4,522.9,245.5,36.07,97.62,5.0,3.3967
2026-06-21T16:00:00Z,14.9,41.9,0.0,18.2,25.1,681.7,452.0,362.1,45.0,111.45,85.0,2.4972
2026-06-21T17:00:00Z,17.6,14.2,0.0,22.0,32.0,825.4,748.1,228.0,52.99,128.61,25.0,5.0777
2026-06-21T18:00:00Z,18.7,33.8,0.0,16.6,22.2,884.9,558.9,405.9,58.98,150.92,10.0,5.2715
2026-06-21T19:00:00Z,19.6,37.8,0.0,16.7,26.5,904.1,522.0,445.6,61.45,178.37,25.0,5.378
2026-06-21T20:00:00Z,20.1,38.8,0.0,11.0,16.7,880.1,508.9,441.8,59.46,206.19,50.0,5.0165
2026-06-21T21:00:00Z,19.7,36.6,0.0,15.1,23.5,816.3,521.1,395.8,53.8,229.15,30.0,4.9071
2026-06-21T22:00:00Z,21.4,21.5,0.0,16.4,23.2,721.5,652.1,252.7,45.97,246.81,30.0,4.4391
2026-06-21T23:00:00Z,21.2,33.2,0.0,11.9,20.7,569.0,507.4,262.9,37.11,260.93,40.0,3.0689
2026-06-22T00:00:00Z,22.6,30.6,0.0,16.4,25.1,409.3,483.7,182.9,27.9,273.08,50.0,1.7712
2026-06-22T01:00:00Z,19.6,40.0,0.0,18.9,28.3,239.7,343.2,129.1,18.79,284.32,40.0,0.9718
2026-06-22T02:00:00Z,19.8,20.5,0.0,25.0,42.7,100.3,331.9,42.0,10.12,295.36,40.0,0.2548
2026-06-22T03:00:00Z,16.8,23.9,0.0,17.1,23.0,9.2,75.6,6.3,2.22,306.69,55.0,0.0343
2026-06-22T04:00:00Z,15.9,53.6,0.0,25.1,44.7,0.0,0.0,0.0,-4.57,318.66,40.0,0.0
2026-06-22T05:00:00Z,16.0,30.9,0.0,20.8,37.3,0.0,0.0,0.0,-9.85,331.46,65.0,0.0
2026-06-22T06:00:00Z,13.0,36.6,0.0,17.0,27.9,0.0,0.0,0.0,-13.27,345.06,50.0,0.0
2026-06-22T07:00:00Z,11.3,33.2,0.0,15.3,22.9,0.0,0.0,0.0,-14.54,359.17,50.0,0.0
2026-06-22T08:00:00Z,13.7,39.9,0.0,17.9,24.8,0.0,0.0,0.0,-13.54,13.31,30.0,0.0
2026-06-22T09:00:00Z,11.7,19.9,0.0,18.4,31.4,0.0,0.0,0.0,-10.36,26.99,35.0,0.0
2026-06-22T10:00:00Z,8.7,31.1,0.0,19.2,27.2,0.0,0.0,0.0,-5.27,39.89,5.0,0.0
2026-06-22T11:00:00Z,10.3,41.6,0.0,17.3,25.1,4.6,34.6,3.8,1.36,51.95,65.0,0.0197
2026-06-22T12:00:00Z,9.0,32.1,0.0,22.1,35.5,84.8,254.8,44.3,9.15,63.34,5.0,0.4656
2026-06-22T13:00:00Z,10.8,50.7,0.0,24.5,43.4,212.1,263.5,131.8,17.75,74.39,65.0,0.6799
2026-06-22T14:00:00Z,11.8,59.7,0.0,19.2,34.0,343.7,248.1,231.7,26.83,85.57,50.0,1.7219
2026-06-22T15:00:00Z,14.1,48.3,0.0,13.8,24.6,525.4,370.4,307.5,36.04,97.57,90.0,1.589
2026-06-22T16:00:00Z,14.4,43.4,0.0,14.5,23.9,677.8,438.1,368.2,44.97,111.39,60.0,3.5332
2026-06-22T17:00:00Z,18.2,25.4,0.0,28.3,45.1,820.0,631.7,315.7,52.97,128.54,90.0,2.9636
2026-06-22T18:00:00Z,19.8,54.4,0.0,26.2,41.8,816.1,356.8,510.4,58.96,150.82,50.0,4.3584
2026-06-22T19:00:00Z,19.2,43.6,0.0,20.1,35.5,887.9,463.4,480.9,61.45,178.26,90.0,3.2074
2026-06-22T20:00:00Z,20.4,46.4,0.0,15.9,24.3,857.4,433.9,483.6,59.48,206.1,50.0,4.4153
2026-06-22T21:00:00Z,21.6,29.2,0.0,18.3,25.1,827.8,595.5,347.1,53.82,229.08,50.0,4.6983
2026-06-22T22:00:00Z,21.9,30.5,0.0,19.6,31.0,715.3,563.7,309.8,46.0,246.75,70.0,3.3862
2026-06-22T23:00:00Z,21.8,48.4,0.0,22.4,36.0,543.1,372.9,317.9,37.14,260.88,65.0,2.4312
2026-06-23T00:00:00Z,21.4,68.5,0.0,3.6,4.9,329.6,188.0,241.5,27.94,273.04,35.0,1.8311
2026-06-23T01:00:00Z,20.3,69.2,0.0,3.8,4.9,195.2,154.4,145.4,18.83,284.28,0.0,1.2352
2026-06-23T02:00:00Z,19.6,50.6,0.0,5.2,8.8,93.7,187.8,60.6,10.15,295.32,5.0,0.5431
2026-06-23T03:00:00Z,17.2,54.7,0.0,5.9,9.3,8.6,41.1,7.0,2.24,306.64,40.0,0.04
2026-06-23T04:00:00Z,16.6,60.8,0.0,4.3,6.7,0.0,0.0,0.0,-4.54,318.61,30.0,0.0
2026-06-23T05:00:00Z,13.3,61.5,0.0,3.0,4.8,0.0,0.0,0.0,-9.84,331.41,70.0,0.0
2026-06-23T06:00:00Z,15.1,50.6,0.0,3.9,5.7,0.0,0.0,0.0,-13.27,345.01,45.0,0.0
2026-06-23T07:00:00Z,13.0,47.1,0.0,3.6,4.9,0.0,0.0,0.0,-14.54,359.12,20.0,0.0
2026-06-23T08:00:00Z,11.0,59.9,0.0,5.1,6.7,0.0,0.0,0.0,-13.55,13.26,80.0,0.0
2026-06-23T09:00:00Z,10.7,56.5,0.0,7.1,12.3,0.0,0.0,0.0,-10.37,26.94,10.0,0.0
2026-06-23T10:00:00Z,9.8,71.7,0.0,4.9,6.7,0.0,0.0,0.0,-5.29,39.85,10.0,0.0
2026-06-23T11:00:00Z,9.4,60.9,0.0,5.4,7.1,4.0,21.0,3.5,1.33,51.91,75.0,0.0168
2026-06-23T12:00:00Z,10.1,58.8,0.0,4.6,6.2,75.1,139.4,53.0,9.12,63.3,5.0,0.4609
2026-06-23T13:00:00Z,11.5,63.3,0.0,2.6,3.6,192.4,184.7,136.2,17.72,74.35,75.0,0.6535
2026-06-23T14:00:00Z,10.0,62.8,0.0,5.5,9.4,333.5,225.4,231.9,26.79,85.54,85.0,1.0518
2026-06-23T15:00:00Z,11.7,63.7,0.0,5.7,9.5,469.6,242.3,327.2,36.01,97.53,30.0,2.7601
2026-06-23T16:00:00Z,13.9,57.2,0.0,6.1,8.9,628.8,313.1,407.7,44.93,111.34,15.0,3.8725
2026-06-23T17:00:00Z,15.1,81.1,0.0,3.4,5.6,522.0,121.8,424.8,52.94,128.47,90.0,1.9154
2026-06-23T18:00:00Z,16.8,55.8,0.0,5.9,10.0,808.3,344.0,513.6,58.94,150.74,10.0,4.7901
2026-06-23T19:00:00Z,20.3,23.6,0.0,5.2,8.7,924.4,667.7,337.9,61.44,178.16,30.0,5.8063
2026-06-23T20:00:00Z,19.2,71.1,0.0,2.2,3.7,693.8,206.6,515.8,59.49,206.0,60.0,3.4617
2026-06-23T21:00:00Z,19.4,84.6,5.4,6.4,10.2,481.8,95.5,404.7,53.84,229.0,10.0,2.973
2026-06-23T22:00:00Z,20.9,64.2,0.0,5.8,10.4,604.7,254.0,421.9,46.02,246.69,55.0,3.1988
2026-06-23T23:00:00Z,20.0,54.1,0.0,4.6,7.8,526.5,323.9,330.8,37.17,260.83,35.0,3.1465
2026-06-24T00:00:00Z,20.8,41.2,0.0,7.0,12.3,400.7,396.8,214.6,27.97,272.99,80.0,1.0942
2026-06-24T01:00:00Z,20.5,53.0,0.0,11.4,16.6,227.5,256.6,144.6,18.85,284.23,35.0,1.008
2026-06-24T02:00:00Z,18.8,52.7,0.0,9.3,16.2,92.8,178.5,61.3,10.18,295.27,10.0,0.4946
2026-06-24T03:00:00Z,16.8,59.7,0.0,7.8,12.5,8.3,36.0,6.9,2.26,306.6,20.0,0.0444
2026-06-24T04:00:00Z,18.2,65.5,0.0,5.4,7.4,0.0,0.0,0.0,-4.53,318.56,75.0,0.0
2026-06-24T05:00:00Z,14.4,59.2,0.0,8.5,12.0,0.0,0.0,0.0,-9.83,331.36,55.0,0.0
2026-06-24T06:00:00Z,12.9,41.8,0.0,9.9,16.5,0.0,0.0,0.0,-13.27,344.96,55.0,0.0
2026-06-24T07:00:00Z,13.2,60.7,0.0,8.7,15.2,0.0,0.0,0.0,-14.55,359.07,75.0,0.0
2026-06-24T08:00:00Z,11.4,50.4,0.0,8.9,13.5,0.0,0.0,0.0,-13.56,13.21,45.0,0.0
2026-06-24T09:00:00Z,10.1,24.9,0.0,7.3,9.8,0.0,0.0,0.0,-10.4,26.89,65.0,0.0
2026-06-24T10:00:00Z,10.9,70.4,0.0,5.9,8.5,0.0,0.0,0.0,-5.32,39.8,5.0,0.0
2026-06-24T11:00:00Z,10.1,31.7,0.0,6.8,10.8,4.4,40.1,3.5,1.3,51.87,20.0,0.0232
2026-06-24T12:00:00Z,10.9,16.3,0.0,7.4,13.0,85.0,325.8,33.6,9.08,63.27,90.0,0.1679
2026-06-24T13:00:00Z,10.8,40.2,0.0,6.5,11.6,220.2,331.8,119.5,17.68,74.32,35.0,0.9392
2026-06-24T14:00:00Z,11.1,51.1,0.0,7.2,12.9,363.5,312.9,222.7,26.75,85.5,80.0,1.0389
2026-06-24T15:00:00Z,13.0,61.5,0.0,10.2,15.8,479.1,259.9,326.5,35.96,97.49,70.0,2.1257
2026-06-24T16:00:00Z,15.8,62.0,0.0,7.5,12.2,603.4,271.8,411.6,44.89,111.29,45.0,3.3335
2026-06-24T17:00:00Z,15.2,60.3,0.0,8.3,11.0,714.4,296.8,477.7,52.9,128.41,90.0,2.6543
2026-06-24T18:00:00Z,20.3,53.6,0.0,8.1,10.6,820.0,364.7,507.7,58.91,150.65,90.0,3.0132
2026-06-24T19:00:00Z,19.6,63.2,0.0,7.4,11.1,782.9,278.0,538.8,61.43,178.06,30.0,4.5878
2026-06-24T20:00:00Z,20.6,39.3,0.0,8.9,15.0,879.1,503.6,445.2,59.49,205.9,40.0,5.1144
2026-06-24T21:00:00Z,21.8,42.8,0.0,7.2,11.2,802.6,460.6,430.6,53.86,228.92,80.0,3.379
2026-06-24T22:00:00Z,20.9,47.9,0.0,9.7,13.5,680.9,398.4,394.1,46.04,246.62,0.0,4.2233
2026-06-24T23:00:00Z,20.6,39.7,0.0,6.7,9.0,561.8,449.0,290.4,37.19,260.77,30.0,3.3151
2026-06-25T00:00:00Z,21.1,39.1,0.0,12.0,18.0,403.6,414.7,209.0,27.99,272.94,80.0,1.0225
2026-06-25T01:00:00Z,20.1,53.0,0.0,9.8,13.4,227.7,256.3,144.8,18.87,284.19,85.0,0.6583
2026-06-25T02:00:00Z,18.4,43.1,0.0,8.0,13.1,97.4,223.3,57.9,10.19,295.22,5.0,0.5709
2026-06-25T03:00:00Z,16.7,55.0,0.0,13.4,19.6,8.7,41.3,7.1,2.28,306.55,65.0,0.0363
2026-06-25T04:00:00Z,15.0,36.0,0.0,11.6,19.7,0.0,0.0,0.0,-4.52,318.51,25.0,0.0
2026-06-25T05:00:00Z,15.5,63.8,0.0,11.8,20.8,0.0,0.0,0.0,-9.83,331.31,50.0,0.0
2026-06-25T06:00:00Z,13.3,63.0,0.0,18.7,25.1,0.0,0.0,0.0,-13.27,344.9,85.0,0.0
2026-06-25T07:00:00Z,12.0,50.7,0.0,10.7,16.2,0.0,0.0,0.0,-14.57,359.01,5.0,0.0
2026-06-25T08:00:00Z,11.2,44.5,0.0,11.2,19.1,0.0,0.0,0.0,-13.59,13.16,5.0,0.0
2026-06-25T09:00:00Z,12.0,40.5,0.0,10.9,19.4,0.0,0.0,0.0,-10.43,26.85,15.0,0.0
2026-06-25T10:00:00Z,10.7,30.4,0.0,13.3,22.6,0.0,0.0,0.0,-5.36,39.77,60.0,0.0
2026-06-25T11:00:00Z,10.4,34.9,0.0,13.4,21.6,4.2,36.8,3.4,1.26,51.84,40.0,0.0207
2026-06-25T12:00:00Z,10.1,42.9,0.0,8.5,13.6,80.9,205.2,48.7,9.04,63.24,70.0,0.2416
2026-06-25T13:00:00Z,11.3,39.0,0.0,8.4,14.2,220.2,339.0,117.5,17.63,74.29,60.0,0.6323
2026-06-25T14:00:00Z,13.0,34.6,0.0,8.6,13.6,384.9,443.5,185.6,26.7,85.47,20.0,2.257
2026-06-25T15:00:00Z,14.3,47.8,0.0,14.8,24.4,524.6,374.1,305.1,35.92,97.46,85.0,1.6793
2026-06-25T16:00:00Z,16.2,45.0,0.0,12.5,19.2,671.8,422.5,373.8,44.85,111.26,80.0,2.6104
2026-06-25T17:00:00Z,17.3,27.9,0.0,18.3,26.8,816.3,606.2,333.1,52.86,128.36,50.0,4.6253
2026-06-25T18:00:00Z,19.3,45.2,0.0,7.2,12.6,855.3,445.4,474.0,58.88,150.57,55.0,4.5163
2026-06-25T19:00:00Z,19.0,84.5,0.3,7.6,13.7,536.5,98.6,449.9,61.41,177.95,45.0,3.008
2026-06-25T20:00:00Z,21.4,38.2,0.0,7.4,10.8,881.7,514.8,438.2,59.49,205.79,40.0,5.071
2026-06-25T21:00:00Z,22.8,32.7,0.0,9.1,15.0,823.8,560.4,371.2,53.86,228.83,90.0,2.9379
2026-06-25T22:00:00Z,23.8,32.0,0.0,11.2,14.6,714.5,548.4,319.6,46.06,246.55,85.0,2.5071
2026-06-25T23:00:00Z,21.2,45.5,0.0,12.6,17.8,551.1,398.0,310.4,37.21,260.71,40.0,2.9218
2026-06-26T00:00:00Z,19.8,56.6,0.0,10.0,13.4,371.7,276.2,242.0,28.01,272.88,5.0,2.2753
2026-06-26T01:00:00Z,19.8,52.0,0.0,12.4,17.7,229.5,263.5,144.2,18.89,284.13,20.0,1.2263
2026-06-26T02:00:00Z,20.9,25.1,0.0,7.7,12.2,101.3,310.6,46.3,10.21,295.17,15.0,0.4185
2026-06-26T03:00:00Z,17.7,50.8,0.0,11.9,20.3,9.0,46.3,7.2,2.29,306.49,80.0,0.0328
2026-06-26T04:00:00Z,16.2,27.1,0.0,9.4,15.6,0.0,0.0,0.0,-4.52,318.46,20.0,0.0
2026-06-26T05:00:00Z,15.0,44.8,0.0,12.1,20.0,0.0,0.0,0.0,-9.83,331.25,90.0,0.0
2026-06-26T06:00:00Z,14.5,67.9,0.0,9.7,13.6,0.0,0.0,0.0,-13.29,344.85,35.0,0.0
2026-06-26T07:00:00Z,12.5,40.0,0.0,9.6,14.8,0.0,0.0,0.0,-14.59,358.96,50.0,0.0
2026-06-26T08:00:00Z,12.4,52.8,0.0,7.3,11.3,0.0,0.0,0.0,-13.62,13.11,70.0,0.0
2026-06-26T09:00:00Z,11.4,32.7,0.0,8.6,15.4,0.0,0.0,0.0,-10.47,26.81,40.0,0.0
2026-06-26T10:00:00Z,10.7,48.2,0.0,8.4,11.1,0.0,0.0,0.0,-5.4,39.73,5.0,0.0
2026-06-26T11:00:00Z,12.5,14.9,0.0,5.5,9.0,4.1,49.2,3.1,1.21,51.81,75.0,0.0147
2026-06-26T12:00:00Z,10.5,28.2,0.0,10.2,14.9,82.9,268.7,40.9,8.99,63.21,65.0,0.2378
2026-06-26T13:00:00Z,13.4,25.1,0.0,6.2,8.6,224.7,433.3,93.8,17.58,74.27,55.0,0.5538
2026-06-26T14:00:00Z,12.9,41.5,0.0,9.8,13.5,377.1,387.6,203.2,26.65,85.45,35.0,2.1322
2026-06-26T15:00:00Z,16.3,44.5,0.0,8.1,13.9,531.1,402.8,295.1,35.87,97.44,90.0,1.6006
2026-06-26T16:00:00Z,16.5,15.3,0.0,9.4,12.5,705.3,709.6,205.3,44.8,111.22,35.0,4.1382
2026-06-26T17:00:00Z,16.8,59.0,0.0,9.1,15.7,721.1,308.2,475.6,52.81,128.31,50.0,3.7277
2026-06-26T18:00:00Z,19.9,55.9,0.0,10.3,16.1,806.8,343.1,513.2,58.84,150.5,30.0,4.6562
2026-06-26T19:00:00Z,19.3,53.1,0.0,9.7,12.6,847.7,371.5,521.6,61.38,177.85,55.0,4.6431
2026-06-26T20:00:00Z,21.3,38.7,0.0,9.3,14.2,880.4,509.6,441.4,59.48,205.68,10.0,5.4708
2026-06-26T21:00:00Z,21.4,30.3,0.0,7.1,9.7,827.0,584.6,354.9,53.87,228.73,60.0,4.6278
2026-06-26T22:00:00Z,20.9,47.3,0.0,10.1,16.5,683.2,403.9,392.3,46.07,246.47,75.0,2.9087
2026-06-26T23:00:00Z,24.2,30.9,0.0,8.7,15.0,573.2,529.1,253.1,37.22,260.64,25.0,3.2595
2026-06-27T00:00:00Z,21.6,26.1,0.0,18.2,30.5,413.8,522.9,168.1,28.02,272.82,50.0,1.7599
2026-06-27T01:00:00Z,20.6,19.9,0.0,19.3,32.6,249.1,486.9,91.4,18.9,284.07,60.0,0.5091
2026-06-27T02:00:00Z,18.9,20.8,0.0,11.2,19.3,101.8,332.7,42.8,10.21,295.11,45.0,0.2539
2026-06-27T03:00:00Z,16.7,37.3,0.0,14.6,24.9,9.5,61.8,7.0,2.29,306.44,80.0,0.0326
2026-06-27T04:00:00Z,16.7,12.6,0.0,15.3,21.9,0.0,0.0,0.0,-4.52,318.4,65.0,0.0
2026-06-27T05:00:00Z,14.5,24.6,0.0,14.7,20.0,0.0,0.0,0.0,-9.84,331.2,65.0,0.0
2026-06-27T06:00:00Z,13.9,23.8,0.0,16.0,28.0,0.0,0.0,0.0,-13.31,344.79,45.0,0.0
2026-06-27T07:00:00Z,14.6,28.3,0.0,16.2,27.2,0.0,0.0,0.0,-14.62,358.91,70.0,0.0
2026-06-27T08:00:00Z,12.8,24.6,0.0,16.1,23.4,0.0,0.0,0.0,-13.65,13.07,15.0,0.0
2026-06-27T09:00:00Z,12.2,50.7,0.0,15.3,20.0,0.0,0.0,0.0,-10.51,26.77,35.0,0.0
2026-06-27T10:00:00Z,12.9,51.7,0.0,17.2,29.6,0.0,0.0,0.0,-5.45,39.7,55.0,0.0
2026-06-27T11:00:00Z,10.3,34.9,0.0,12.9,22.8,3.8,34.4,3.1,1.16,51.79,90.0,0.0125
2026-06-27T12:00:00Z,10.5,35.4,0.0,16.5,21.6,81.1,235.9,44.5,8.93,63.19,20.0,0.3129
2026-06-27T13:00:00Z,13.5,12.8,0.0,15.8,28.0,225.0,519.2,68.7,17.52,74.25,85.0,0.3841
2026-06-27T14:00:00Z,14.2,18.8,0.0,12.6,18.7,389.9,574.4,132.7,26.6,85.43,30.0,2.1953
2026-06-27T15:00:00Z,17.4,31.8,0.0,16.1,25.4,548.2,514.8,247.0,35.81,97.42,75.0,2.0381
2026-06-27T16:00:00Z,17.4,34.1,0.0,17.1,30.7,691.7,525.4,321.9,44.74,111.2,45.0,3.895
2026-06-27T17:00:00Z,16.9,36.2,0.0,18.5,29.6,803.5,523.4,386.8,52.76,128.27,5.0,4.8878
2026-06-27T18:00:00Z,18.0,28.6,0.0,22.4,40.0,889.9,610.8,367.5,58.79,150.43,80.0,3.9548
2026-06-27T19:00:00Z,20.2,29.2,0.0,15.8,24.3,917.8,609.3,383.1,61.34,177.75,30.0,5.5091
2026-06-27T20:00:00Z,22.8,24.5,0.0,14.1,23.9,901.5,654.8,337.6,59.46,205.57,35.0,5.3972
2026-06-27T21:00:00Z,23.2,21.8,0.0,12.0,16.4,834.3,670.7,292.6,53.86,228.63,60.0,4.2896
2026-06-27T22:00:00Z,20.6,39.6,0.0,10.0,16.8,702.7,476.3,359.7,46.07,246.38,10.0,3.9756
2026-06-27T23:00:00Z,22.6,28.3,0.0,16.0,22.6,575.4,553.6,240.5,37.23,260.56,30.0,3.5614
2026-06-28T00:00:00Z,23.1,37.4,0.0,2.8,4.5,406.1,428.7,204.7,28.03,272.75,15.0,2.3692
2026-06-28T01:00:00Z,20.6,21.9,0.0,3.4,5.8,248.9,472.3,95.9,18.91,284.01,15.0,1.3204
2026-06-28T02:00:00Z,19.3,25.1,0.0,3.7,5.3,101.5,311.1,46.3,10.22,295.05,30.0,0.2906
2026-06-28T03:00:00Z,19.9,9.1,0.0,3.8,5.5,9.7,96.5,5.9,2.29,306.38,65.0,0.0299
2026-06-28T04:00:00Z,16.3,23.7,0.0,4.2,6.2,0.0,0.0,0.0,-4.53,318.34,45.0,0.0
2026-06-28T05:00:00Z,15.6,1.5,0.0,2.5,4.3,0.0,0.0,0.0,-9.86,331.14,35.0,0.0
2026-06-28T06:00:00Z,14.5,4.1,0.0,3.8,6.1,0.0,0.0,0.0,-13.33,344.74,40.0,0.0
2026-06-28T07:00:00Z,14.1,30.9,0.0,3.3,5.5,0.0,0.0,0.0,-14.65,358.86,85.0,0.0
2026-06-28T08:00:00Z,11.4,34.6,0.0,3.1,4.1,0.0,0.0,0.0,-13.7,13.03,25.0,0.0
2026-06-28T09:00:00Z,11.7,26.2,0.0,4.2,7.1,0.0,0.0,0.0,-10.56,26.74,75.0,0.0
2026-06-28T10:00:00Z,11.5,19.8,0.0,4.4,7.2,0.0,0.0,0.0,-5.51,39.67,80.0,0.0
2026-06-28T11:00:00Z,11.9,39.0,0.0,3.7,6.3,3.6,30.6,3.0,1.1,51.76,60.0,0.016
2026-06-28T12:00:00Z,11.7,8.2,0.0,3.7,5.7,82.1,357.7,26.9,8.87,63.18,20.0,0.1847
2026-06-28T13:00:00Z,12.5,36.2,0.0,4.3,5.7,218.8,356.1,111.9,17.46,74.24,25.0,1.1008
2026-06-28T14:00:00Z,14.2,18.9,0.0,3.6,5.1,388.7,572.9,132.8,26.53,85.42,25.0,2.1179
2026-06-28T15:00:00Z,15.3,27.1,0.0,3.4,5.6,550.7,558.0,224.7,35.75,97.41,45.0,2.8578
2026-06-28T16:00:00Z,16.1,33.8,0.0,2.9,3.9,691.2,527.6,320.2,44.68,111.18,50.0,3.7574
2026-06-28T17:00:00Z,19.6,5.9,0.0,4.6,7.4,822.1,834.3,158.5,52.7,128.24,35.0,5.2011
2026-06-28T18:00:00Z,20.9,21.5,0.0,3.2,5.7,895.3,684.9,309.8,58.74,150.37,15.0,5.4941
2026-06-28T19:00:00Z,22.1,4.4,0.0,4.6,7.8,927.9,873.4,161.8,61.3,177.65,65.0,5.1942
2026-06-28T20:00:00Z,19.4,35.6,0.0,3.4,5.2,886.6,540.5,421.2,59.43,205.46,5.0,5.1067
2026-06-28T21:00:00Z,21.8,25.8,0.0,3.7,6.0,831.5,630.2,322.6,53.85,228.53,90.0,2.8541
2026-06-28T22:00:00Z,22.1,11.2,0.0,2.4,3.2,725.6,756.4,180.9,46.07,246.29,20.0,4.4906
2026-06-28T23:00:00Z,25.5,0,0.0,4.4,6.3,581.3,824.8,82.3,37.23,260.48,85.0,1.4752
2026-06-29T00:00:00Z,21.6,32.3,0.0,13.8,24.6,410.4,470.3,189.4,28.03,272.68,35.0,2.1606
2026-06-29T01:00:00Z,19.9,6.5,0.0,17.3,25.6,249.9,586.2,60.0,18.91,283.94,20.0,1.2113
2026-06-29T02:00:00Z,20.8,22.5,0.0,24.6,39.7,101.6,323.7,44.2,10.21,294.98,45.0,0.2735
2026-06-29T03:00:00Z,20.3,5.9,0.0,18.5,25.2,9.7,100.2,5.7,2.28,306.31,70.0,0.0273
2026-06-29T04:00:00Z,16.3,28.1,0.0,20.4,33.4,0.0,0.0,0.0,-4.55,318.28,30.0,0.0
2026-06-29T05:00:00Z,16.5,29.8,0.0,28.7,38.2,0.0,0.0,0.0,-9.89,331.08,55.0,0.0
2026-06-29T06:00:00Z,14.2,21.1,0.0,21.7,36.5,0.0,0.0,0.0,-13.37,344.68,30.0,0.0
2026-06-29T07:00:00Z,14.1,32.1,0.0,20.7,36.9,0.0,0.0,0.0,-14.7,358.81,75.0,0.0
2026-06-29T08:00:00Z,11.5,39.0,0.0,25.9,42.9,0.0,0.0,0.0,-13.75,12.98,5.0,0.0
2026-06-29T09:00:00Z,11.9,23.0,0.0,19.9,27.1,0.0,0.0,0.0,-10.62,26.7,70.0,0.0
2026-06-29T10:00:00Z,10.9,18.6,0.0,23.3,40.4,0.0,0.0,0.0,-5.57,39.65,85.0,0.0
2026-06-29T11:00:00Z,11.6,24.0,0.0,17.9,31.5,3.4,38.0,2.7,1.04,51.75,5.0,0.018
2026-06-29T12:00:00Z,14.4,7.4,0.0,20.5,29.4,81.1,359.3,26.1,8.81,63.16,85.0,0.1439
2026-06-29T13:00:00Z,11.9,18.1,0.0,19.1,33.4,222.4,479.3,79.1,17.4,74.23,0.0,1.3967
2026-06-29T14:00:00Z,15.5,23.1,0.0,22.4,32.5,386.5,536.7,147.3,26.47,85.42,25.0,2.2037
2026-06-29T15:00:00Z,16.0,10.3,0.0,16.1,22.2,554.3,714.6,137.5,35.68,97.4,80.0,1.8495
2026-06-29T16:00:00Z,17.3,21.8,0.0,12.3,20.0,700.4,644.7,247.6,44.61,111.17,65.0,3.497
2026-06-29T17:00:00Z,18.8,32.2,0.0,18.1,27.1,808.2,562.8,360.9,52.63,128.21,80.0,3.5092
2026-06-29T18:00:00Z,22.7,13.1,0.0,23.0,35.1,897.5,773.5,236.7,58.68,150.31,25.0,5.4437
2026-06-29T19:00:00Z,20.5,20.6,0.0,17.9,28.9,924.2,698.8,311.5,61.25,177.56,85.0,3.7456
2026-06-29T20:00:00Z,21.4,39.5,0.0,23.5,36.8,877.6,501.4,446.0,59.4,205.34,0.0,4.9324
2026-06-29T21:00:00Z,22.1,11.9,0.0,19.5,32.2,837.1,774.4,211.9,53.83,228.41,10.0,4.8202
2026-06-29T22:00:00Z,21.8,17.1,0.0,18.5,32.1,724.5,696.5,223.0,46.06,246.19,75.0,3.149
2026-06-29T23:00:00Z,21.0,39.6,0.0,22.6,36.1,562.6,450.2,290.2,37.23,260.4,50.0,3.0039
2026-06-30T00:00:00Z,22.4,42.7,0.0,10.1,15.0,399.7,385.0,218.8,28.03,272.6,50.0,1.8281
2026-06-30T01:00:00Z,19.4,64.8,0.0,11.3,15.5,206.9,181.3,148.2,18.9,283.87,35.0,0.9671
2026-06-30T02:00:00Z,19.8,39.2,0.0,9.7,16.1,98.7,241.7,55.9,10.2,294.92,70.0,0.2871
2026-06-30T03:00:00Z,18.2,54.7,0.0,5.4,9.2,8.6,41.3,7.0,2.26,306.25,80.0,0.0323
2026-06-30T04:00:00Z,18.4,56.5,0.0,10.4,15.9,0.0,0.0,0.0,-4.57,318.21,0.0,0.0
2026-06-30T05:00:00Z,17.5,46.9,0.0,8.0,13.1,0.0,0.0,0.0,-9.92,331.01,80.0,0.0
2026-06-30T06:00:00Z,13.9,62.0,0.0,8.5,13.7,0.0,0.0,0.0,-13.41,344.62,20.0,0.0
2026-06-30T07:00:00Z,14.0,72.1,0.0,7.4,11.8,0.0,0.0,0.0,-14.75,358.76,75.0,0.0
2026-06-30T08:00:00Z,11.6,63.0,0.0,8.6,15.5,0.0,0.0,0.0,-13.81,12.94,55.0,0.0
2026-06-30T09:00:00Z,11.7,66.7,0.0,6.5,9.8,0.0,0.0,0.0,-10.68,26.67,25.0,0.0
2026-06-30T10:00:00Z,12.7,41.4,0.0,6.1,9.8,0.0,0.0,0.0,-5.63,39.63,40.0,0.0
2026-06-30T11:00:00Z,10.8,58.7,0.0,7.0,10.6,2.8,17.4,2.5,0.97,51.73,90.0,0.01
2026-06-30T12:00:00Z,10.3,66.6,0.0,8.9,15.7,65.0,104.9,49.1,8.74,63.16,50.0,0.2823
2026-06-30T13:00:00Z,12.7,50.6,0.0,7.6,11.1,205.3,261.2,127.5,17.33,74.23,10.0,1.2221
2026-06-30T14:00:00Z,13.7,67.7,0.0,10.7,14.2,310.2,189.4,226.0,26.4,85.42,30.0,1.8212
2026-06-30T15:00:00Z,14.5,56.9,0.0,9.3,14.3,492.4,296.7,319.6,35.61,97.4,5.0,3.1223
2026-06-30T16:00:00Z,14.2,67.3,0.0,6.8,11.8,565.0,225.9,406.5,44.54,111.16,35.0,3.2708
2026-06-30T17:00:00Z,18.7,51.7,0.0,6.5,9.0,755.1,374.7,457.6,52.56,128.19,20.0,4.4981
2026-06-30T18:00:00Z,19.3,43.4,0.0,9.9,14.7,858.0,462.3,463.4,58.61,150.26,40.0,4.7757
2026-06-30T19:00:00Z,22.7,41.2,0.0,7.9,10.5,892.6,486.9,465.9,61.2,177.46,70.0,4.3739
2026-06-30T20:00:00Z,22.0,56.7,0.0,7.7,10.1,807.5,336.0,518.4,59.36,205.22,10.0,4.6354
2026-06-30T21:00:00Z,21.5,60.2,0.0,9.1,14.7,725.5,298.5,484.6,53.81,228.3,85.0,2.7592
2026-06-30T22:00:00Z,21.4,65.0,0.0,7.2,9.9,599.7,247.2,421.7,46.05,246.09,50.0,3.3216
2026-06-30T23:00:00Z,20.5,71.9,0.0,7.8,10.8,439.1,179.8,330.4,37.22,260.31,55.0,2.1522
2026-07-01T00:00:00Z,23.5,37.6,0.0,5.7,9.7,405.7,427.1,205.1,28.02,272.52,45.0,1.8988
2026-07-01T01:00:00Z,21.3,40.9,0.0,8.4,11.4,240.8,338.1,131.3,18.89,283.79,90.0,0.5545
2026-07-01T02:00:00Z,19.4,21.2,0.0,9.9,14.0,101.3,329.9,43.0,10.19,294.84,5.0,0.6102
2026-07-01T03:00:00Z,17.3,53.7,0.0,6.5,10.5,8.6,42.0,7.0,2.24,306.18,55.0,0.0402
2026-07-01T04:00:00Z,16.6,34.5,0.0,9.4,13.0,0.0,0.0,0.0,-4.6,318.15,30.0,0.0
2026-07-01T05:00:00Z,16.2,37.1,0.0,11.2,19.7,0.0,0.0,0.0,-9.96,330.95,45.0,0.0
2026-07-01T06:00:00Z,13.4,20.5,0.0,7.6,12.5,0.0,0.0,0.0,-13.46,344.57,70.0,0.0
2026-07-01T07:00:00Z,12.3,43.3,0.0,11.0,16.8,0.0,0.0,0.0,-14.8,358.71,75.0,0.0
2026-07-01T08:00:00Z,13.5,8.4,0.0,11.2,16.0,0.0,0.0,0.0,-13.87,12.9,35.0,0.0
2026-07-01T09:00:00Z,13.1,12.9,0.0,10.7,15.5,0.0,0.0,0.0,-10.75,26.65,85.0,0.0
2026-07-01T10:00:00Z,10.1,48.0,0.0,8.7,15.7,0.0,0.0,0.0,-5.7,39.61,30.0,0.0
2026-07-01T11:00:00Z,9.5,40.4,0.0,7.8,10.3,2.8,25.5,2.4,0.89,51.72,60.0,0.0136
2026-07-01T12:00:00Z,12.9,13.9,0.0,7.7,11.8,79.0,324.9,30.1,8.66,63.15,10.0,0.354
2026-07-01T13:00:00Z,13.0,29.6,0.0,10.1,16.8,217.7,398.1,99.6,17.25,74.23,40.0,0.7548
2026-07-01T14:00:00Z,13.8,39.1,0.0,5.8,8.2,374.0,405.0,194.4,26.32,85.42,60.0,1.3198
2026-07-01T15:00:00Z,16.1,27.6,0.0,9.8,15.1,546.7,552.2,225.8,35.54,97.4,25.0,3.3066
2026-07-01T16:00:00Z,17.1,31.4,0.0,7.7,11.3,690.8,550.1,305.4,44.47,111.16,0.0,4.205
2026-07-01T17:00:00Z,17.5,17.3,0.0,8.9,12.2,817.8,713.9,251.5,52.49,128.18,20.0,4.7873
2026-07-01T18:00:00Z,20.1,36.0,0.0,7.0,10.2,875.6,535.2,419.1,58.54,150.21,40.0,5.1793
2026-07-01T19:00:00Z,22.0,28.8,0.0,7.5,12.5,916.1,613.2,379.1,61.14,177.37,70.0,4.1597
2026-07-01T20:00:00Z,22.9,27.7,0.0,7.6,11.9,897.0,621.1,362.8,59.32,205.1,25.0,5.3083
2026-07-01T21:00:00Z,23.1,44.6,0.0,8.9,12.2,796.5,443.9,438.4,53.78,228.18,45.0,4.5024
2026-07-01T22:00:00Z,22.8,41.0,0.0,6.9,9.5,699.1,463.3,365.7,46.03,245.99,80.0,2.8193
2026-07-01T23:00:00Z,22.6,47.9,0.0,7.7,12.6,545.1,376.8,317.3,37.2,260.21,50.0,2.7372
2026-07-02T00:00:00Z,21.1,58.7,0.0,43.8,58.9,365.6,260.1,243.5,28.0,272.43,0.0,2.3366
2026-07-02T01:00:00Z,18.1,62.5,0.0,37.0,59.8,211.5,195.5,148.3,18.87,283.71,80.0,0.6558
2026-07-02T02:00:00Z,20.4,54.7,0.0,36.5,51.0,91.6,169.3,61.7,10.17,294.77,80.0,0.2773
2026-07-02T03:00:00Z,16.9,77.3,0.0,48.6,83.6,6.4,17.6,5.7,2.21,306.1,45.0,0.0349
2026-07-02T04:00:00Z,18.5,51.9,0.0,33.0,59.0,0.0,0.0,0.0,-4.64,318.08,25.0,0.0
2026-07-02T05:00:00Z,15.7,52.3,0.0,30.6,45.0,0.0,0.0,0.0,-10.0,330.89,30.0,0.0
2026-07-02T06:00:00Z,13.4,44.6,0.0,31.9,50.1,0.0,0.0,0.0,-13.51,344.51,20.0,0.0
2026-07-02T07:00:00Z,13.9,87.4,0.0,35.9,53.5,0.0,0.0,0.0,-14.87,358.66,30.0,0.0
2026-07-02T08:00:00Z,13.5,58.9,0.0,36.0,52.4,0.0,0.0,0.0,-13.94,12.87,35.0,0.0
2026-07-02T09:00:00Z,13.1,64.6,0.0,25.9,43.7,0.0,0.0,0.0,-10.82,26.62,20.0,0.0
2026-07-02T10:00:00Z,12.0,59.1,0.0,39.5,61.9,0.0,0.0,0.0,-5.78,39.59,65.0,0.0
2026-07-02T11:00:00Z,9.5,65.9,0.0,25.1,35.8,2.1,12.3,1.9,0.81,51.72,60.0,0.0105
2026-07-02T12:00:00Z,10.1,59.8,0.0,34.5,47.9,67.8,129.5,48.5,8.58,63.16,55.0,0.2675
2026-07-02T13:00:00Z,14.0,72.8,0.0,31.2,56.2,163.0,126.7,125.6,17.17,74.24,30.0,0.8616
2026-07-02T14:00:00Z,11.5,63.3,0.0,23.7,38.9,323.6,220.4,226.1,26.24,85.43,0.0,2.1362
2026-07-02T15:00:00Z,13.3,35.5,0.0,33.9,54.5,538.3,479.9,259.9,35.46,97.42,25.0,3.273
2026-07-02T16:00:00Z,15.7,63.2,0.0,33.3,52.2,589.7,260.8,407.3,44.39,111.17,75.0,2.649
2026-07-02T17:00:00Z,17.5,66.0,0.0,38.6,61.5,668.6,245.3,474.2,52.41,128.17,90.0,2.4666
2026-07-02T18:00:00Z,18.9,75.8,0.0,30.6,50.0,634.0,166.9,491.8,58.46,150.17,15.0,3.8049
2026-07-02T19:00:00Z,20.2,61.8,0.0,35.5,52.9,790.4,290.5,536.2,61.07,177.28,10.0,4.5068
2026-07-02T20:00:00Z,22.8,45.5,0.0,30.5,43.5,858.4,442.7,477.9,59.27,204.98,85.0,3.3941
2026-07-02T21:00:00Z,20.8,62.9,0.0,37.2,66.6,706.3,273.7,485.6,53.74,228.06,35.0,3.8813
2026-07-02T22:00:00Z,20.2,68.6,0.0,46.2,71.4,573.7,216.8,417.7,46.0,245.87,60.0,2.9188
2026-07-02T23:00:00Z,20.8,71.9,0.0,29.9,42.4,438.5,179.6,330.0,37.18,260.11,55.0,2.174
2026-07-03T00:00:00Z,20.6,52.5,0.0,5.2,7.2,381.3,307.4,237.1,27.98,272.34,50.0,1.7736
2026-07-03T01:00:00Z,20.4,47.2,0.0,5.8,8.5,234.3,294.5,139.2,18.85,283.63,15.0,1.3334
2026-07-03T02:00:00Z,17.5,64.6,0.0,9.8,15.5,83.9,126.0,61.7,10.14,294.69,35.0,0.3718
2026-07-03T03:00:00Z,18.2,37.8,0.0,6.2,8.7,8.8,58.3,6.6,2.18,306.03,10.0,0.0407
2026-07-03T04:00:00Z,17.7,42.9,0.0,8.3,10.8,0.0,0.0,0.0,-4.68,318.0,5.0,0.0
2026-07-03T05:00:00Z,15.6,34.4,0.0,6.3,10.5,0.0,0.0,0.0,-10.05,330.82,70.0,0.0
2026-07-03T06:00:00Z,12.9,52.4,0.0,7.0,9.9,0.0,0.0,0.0,-13.57,344.45,65.0,0.0
2026-07-03T07:00:00Z,14.2,18.9,0.0,10.0,16.7,0.0,0.0,0.0,-14.93,358.61,50.0,0.0
2026-07-03T08:00:00Z,11.8,48.3,0.0,5.7,7.9,0.0,0.0,0.0,-14.02,12.83,40.0,0.0
2026-07-03T09:00:00Z,11.1,45.1,0.0,2.6,3.6,0.0,0.0,0.0,-10.9,26.6,65.0,0.0
2026-07-03T10:00:00Z,10.7,51.1,0.0,7.7,13.0,0.0,0.0,0.0,-5.87,39.58,40.0,0.0
2026-07-03T11:00:00Z,10.6,28.2,0.0,8.1,13.1,2.3,28.0,1.9,0.73,51.72,0.0,0.0145
2026-07-03T12:00:00Z,10.3,52.8,0.0,9.7,16.7,70.2,155.8,47.2,8.5,63.16,25.0,0.3005
2026-07-03T13:00:00Z,11.7,52.6,0.0,6.0,9.8,199.0,246.5,126.6,17.09,74.25,50.0,0.7363
2026-07-03T14:00:00Z,12.0,41.8,0.0,6.5,9.8,368.1,382.6,199.4,26.16,85.45,75.0,1.133
2026-07-03T15:00:00Z,13.6,46.4,0.0,7.1,12.1,518.9,384.5,296.3,35.37,97.43,15.0,3.404
2026-07-03T16:00:00Z,15.9,19.5,0.0,5.9,10.3,696.4,666.3,231.0,44.3,111.19,55.0,3.6277
2026-07-03T17:00:00Z,16.1,51.1,0.0,7.4,12.2,754.6,380.0,453.9,52.32,128.17,50.0,4.2484
2026-07-03T18:00:00Z,20.7,21.0,0.0,7.4,10.6,891.3,688.9,304.7,58.38,150.14,35.0,5.5842
2026-07-03T19:00:00Z,22.4,39.4,0.0,5.9,10.0,895.3,505.1,453.6,60.99,177.19,85.0,3.6398
2026-07-03T20:00:00Z,23.4,37.4,0.0,7.1,9.8,880.4,522.6,431.5,59.21,204.85,80.0,3.5739
2026-07-03T21:00:00Z,20.8,71.9,0.0,7.1,9.9,631.2,196.1,473.2,53.7,227.93,10.0,3.8936
2026-07-03T22:00:00Z,21.9,45.5,0.0,5.1,8.6,687.0,420.5,384.7,45.97,245.76,10.0,4.071
2026-07-03T23:00:00Z,22.9,37.3,0.0,7.0,11.5,564.8,470.5,280.6,37.15,260.01,75.0,2.1319
2026-07-04T00:00:00Z,21.8,35.2,0.0,14.1,20.0,406.8,446.3,197.6,27.95,272.25,25.0,2.2749
2026-07-04T01:00:00Z,21.5,14.6,0.0,16.4,28.3,248.2,524.7,78.9,18.82,283.54,10.0,1.4041
2026-07-04T02:00:00Z,18.9,27.7,0.0,16.8,22.7,99.5,295.8,47.6,10.1,294.61,40.0,0.2831
2026-07-04T03:00:00Z,18.7,17.0,0.0,11.8,20.8,8.8,80.9,5.8,2.14,305.95,80.0,0.0265
2026-07-04T04:00:00Z,18.8,41.8,0.0,13.3,22.8,0.0,0.0,0.0,-4.73,317.93,25.0,0.0
2026-07-04T05:00:00Z,14.8,38.4,0.0,12.1,21.4,0.0,0.0,0.0,-10.11,330.75,20.0,0.0
2026-07-04T06:00:00Z,14.0,34.9,0.0,11.7,20.2,0.0,0.0,0.0,-13.64,344.39,5.0,0.0
2026-07-04T07:00:00Z,12.7,11.7,0.0,15.4,26.6,0.0,0.0,0.0,-15.01,358.57,50.0,0.0
2026-07-04T08:00:00Z,12.9,38.3,0.0,14.2,20.1,0.0,0.0,0.0,-14.1,12.8,85.0,0.0
2026-07-04T09:00:00Z,14.4,27.9,0.0,6.3,9.8,0.0,0.0,0.0,-10.99,26.58,45.0,0.0
2026-07-04T10:00:00Z,13.0,32.0,0.0,10.3,18.1,0.0,0.0,0.0,-5.96,39.58,0.0,0.0
2026-07-04T11:00:00Z,11.5,32.8,0.0,14.3,18.6,1.9,23.9,1.6,0.64,51.72,50.0,0.009
2026-07-04T12:00:00Z,9.6,31.0,0.0,17.5,27.7,74.4,243.4,38.8,8.41,63.18,35.0,0.2377
2026-07-04T13:00:00Z,13.6,14.6,0.0,19.5,25.8,215.6,498.4,69.9,17.0,74.27,55.0,0.4149
2026-07-04T14:00:00Z,14.0,10.9,0.0,10.8,18.2,381.1,637.1,101.1,26.07,85.47,40.0,1.8513
2026-07-04T15:00:00Z,15.4,16.4,0.0,11.8,15.9,546.6,654.3,168.7,35.28,97.46,35.0,3.1807
2026-07-04T16:00:00Z,17.1,23.4,0.0,15.4,26.1,693.3,626.9,256.1,44.21,111.21,10.0,4.3255
2026-07-04T17:00:00Z,20.1,25.3,0.0,11.0,14.6,810.1,631.7,310.8,52.23,128.18,25.0,4.9468
2026-07-04T18:00:00Z,21.0,33.8,0.0,11.9,18.1,876.8,557.6,402.5,58.29,150.11,85.0,3.5749
2026-07-04T19:00:00Z,20.5,37.4,0.0,17.4,25.3,899.1,524.4,440.8,60.91,177.11,25.0,5.2642
2026-07-04T20:00:00Z,22.1,14.8,0.0,9.7,15.3,902.6,756.3,253.4,59.14,204.73,65.0,4.6773
2026-07-04T21:00:00Z,22.3,24.8,0.0,14.8,23.0,829.6,639.8,314.3,53.65,227.8,80.0,3.3956
2026-07-04T22:00:00Z,23.3,12.1,0.0,15.6,23.3,723.4,746.2,187.3,45.93,245.64,0.0,4.0905
2026-07-04T23:00:00Z,23.3,22.0,0.0,15.8,22.4,576.9,611.4,207.9,37.12,259.9,60.0,2.6617
2026-07-05T00:00:00Z,22.6,20.6,0.0,14.3,24.8,413.7,568.9,147.3,27.92,272.15,90.0,0.7285
2026-07-05T01:00:00Z,20.6,32.3,0.0,17.8,30.6,243.8,396.6,116.1,18.79,283.45,90.0,0.535
2026-07-05T02:00:00Z,20.4,4.6,0.0,14.8,22.1,99.8,411.5,27.9,10.07,294.52,20.0,0.237
2026-07-05T03:00:00Z,20.4,10.2,0.0,12.2,18.1,8.6,86.9,5.4,2.09,305.87,20.0,0.0343
2026-07-05T04:00:00Z,17.7,33.5,0.0,16.2,23.8,0.0,0.0,0.0,-4.78,317.85,55.0,0.0
2026-07-05T05:00:00Z,17.0,6.3,0.0,12.8,18.2,0.0,0.0,0.0,-10.18,330.68,70.0,0.0
2026-07-05T06:00:00Z,13.8,9.0,0.0,15.7,21.2,0.0,0.0,0.0,-13.71,344.33,0.0,0.0
2026-07-05T07:00:00Z,12.5,15.6,0.0,19.4,30.8,0.0,0.0,0.0,-15.09,358.52,15.0,0.0
2026-07-05T08:00:00Z,12.0,4.8,0.0,13.2,18.6,0.0,0.0,0.0,-14.19,12.77,55.0,0.0
2026-07-05T09:00:00Z,9.9,34.4,0.0,15.4,20.4,0.0,0.0,0.0,-11.09,26.56,85.0,0.0
2026-07-05T10:00:00Z,10.7,16.7,0.0,19.2,26.2,0.0,0.0,0.0,-6.05,39.57,50.0,0.0
2026-07-05T11:00:00Z,12.9,0,0.0,18.8,27.8,1.6,35.5,1.3,0.54,51.73,75.0,0.006
2026-07-05T12:00:00Z,11.0,30.7,0.0,14.0,24.6,73.2,242.4,38.1,8.32,63.19,15.0,0.2965
2026-07-05T13:00:00Z,12.4,36.7,0.0,20.4,36.1,208.8,346.6,108.0,16.91,74.29,60.0,0.5835
2026-07-05T14:00:00Z,15.2,14.0,0.0,19.0,30.8,379.1,609.1,112.3,25.98,85.5,80.0,0.6296
2026-07-05T15:00:00Z,13.9,23.1,0.0,15.1,22.6,543.0,591.6,202.1,35.19,97.49,35.0,3.027
2026-07-05T16:00:00Z,18.3,3.5,0.0,21.8,37.9,695.5,827.0,119.8,44.12,111.24,15.0,4.3246
2026-07-05T17:00:00Z,18.6,14.9,0.0,14.5,19.5,813.5,737.5,231.3,52.13,128.19,75.0,3.8062
2026-07-05T18:00:00Z,20.3,0,0.0,12.1,17.6,892.4,914.0,115.7,58.19,150.09,80.0,3.9511
2026-07-05T19:00:00Z,22.8,15.7,0.0,18.8,33.8,921.4,750.5,266.1,60.82,177.02,60.0,5.0226
2026-07-05T20:00:00Z,22.3,38.4,0.0,18.5,31.9,876.6,512.2,437.2,59.07,204.6,65.0,4.3845
2026-07-05T21:00:00Z,22.0,15.6,0.0,13.5,23.5,833.2,734.9,241.7,53.6,227.66,75.0,3.815
2026-07-05T22:00:00Z,23.3,13.6,0.0,19.4,30.6,722.6,730.9,197.8,45.89,245.51,15.0,4.4743
2026-07-05T23:00:00Z,21.7,32.6,0.0,12.2,19.8,569.2,513.6,259.5,37.08,259.79,80.0,2.0826
2026-07-06T00:00:00Z,22.7,36.5,0.0,22.9,40.4,404.4,434.6,201.1,27.88,272.05,40.0,1.9752
2026-07-06T01:00:00Z,21.6,28.3,0.0,14.6,22.1,244.6,424.6,108.1,18.75,283.36,5.0,1.5087
2026-07-06T02:00:00Z,19.0,49.5,0.0,24.5,43.6,92.3,191.0,59.1,10.02,294.43,25.0,0.36
2026-07-06T03:00:00Z,16.7,43.7,0.0,19.2,30.5,7.9,48.4,6.2,2.04,305.78,90.0,0.0263
2026-07-06T04:00:00Z,17.4,56.3,0.0,26.2,37.2,0.0,0.0,0.0,-4.84,317.78,80.0,0.0
2026-07-06T05:00:00Z,14.2,20.4,0.0,25.5,44.5,0.0,0.0,0.0,-10.25,330.61,55.0,0.0
2026-07-06T06:00:00Z,15.3,46.4,0.0,25.0,40.6,0.0,0.0,0.0,-13.8,344.27,50.0,0.0
2026-07-06T07:00:00Z,14.7,56.7,0.0,13.1,23.3,0.0,0.0,0.0,-15.18,358.48,15.0,0.0
2026-07-06T08:00:00Z,12.4,45.8,0.0,31.3,47.3,0.0,0.0,0.0,-14.29,12.74,90.0,0.0
2026-07-06T09:00:00Z,11.0,41.3,0.0,13.5,23.4,0.0,0.0,0.0,-11.18,26.55,35.0,0.0
2026-07-06T10:00:00Z,11.4,47.5,0.0,25.0,41.3,0.0,0.0,0.0,-6.15,39.58,75.0,0.0
2026-07-06T11:00:00Z,9.7,58.4,0.0,17.1,27.7,1.2,11.3,1.1,0.44,51.74,50.0,0.0062
2026-07-06T12:00:00Z,9.9,51.7,0.0,23.8,35.9,67.0,155.9,44.7,8.22,63.21,70.0,0.2304
2026-07-06T13:00:00Z,12.2,44.8,0.0,24.1,36.8,202.1,293.5,117.2,16.81,74.32,20.0,1.0766
2026-07-06T14:00:00Z,13.9,23.5,0.0,22.1,37.8,375.7,528.5,145.0,25.88,85.53,85.0,0.7267
2026-07-06T15:00:00Z,16.3,42.9,0.0,32.3,58.0,521.2,413.9,283.3,35.09,97.53,35.0,3.0003
2026-07-06T16:00:00Z,16.4,67.6,0.0,21.7,33.9,556.2,222.8,401.4,44.02,111.27,90.0,1.9825
2026-07-06T17:00:00Z,17.3,60.3,0.0,22.6,38.1,703.8,295.4,470.9,52.03,128.22,35.0,4.0224
2026-07-06T18:00:00Z,20.0,36.3,0.0,21.7,31.5,870.0,532.2,418.2,58.09,150.08,50.0,4.7599
2026-07-06T19:00:00Z,19.8,53.8,0.0,25.2,44.6,837.8,364.8,519.6,60.73,176.95,10.0,4.9648
2026-07-06T20:00:00Z,22.3,41.0,0.0,18.5,29.7,869.1,486.0,452.6,58.99,204.47,25.0,4.8022
2026-07-06T21:00:00Z,23.8,30.7,0.0,22.1,35.5,822.2,580.1,355.7,53.54,227.52,50.0,4.6631
2026-07-06T22:00:00Z,23.5,37.8,0.0,26.6,45.1,702.6,492.8,349.1,45.84,245.38,60.0,3.4643
2026-07-06T23:00:00Z,22.4,52.6,0.0,22.3,32.7,529.1,335.9,326.8,37.04,259.67,85.0,1.822
2026-07-07T00:00:00Z,20.8,32.0,0.0,45.1,61.4,407.2,471.6,187.0,27.84,271.94,30.0,2.1699
2026-07-07T01:00:00Z,20.0,51.4,0.0,54.8,92.9,227.0,265.7,141.8,18.7,283.26,35.0,1.0206
2026-07-07T02:00:00Z,21.7,27.8,0.0,54.6,93.8,97.4,292.3,46.8,9.97,294.34,5.0,0.5893
2026-07-07T03:00:00Z,21.1,24.3,0.0,48.8,70.0,7.9,67.1,5.6,1.98,305.7,50.0,0.0309
2026-07-07T04:00:00Z,15.7,5.3,0.0,55.0,74.4,0.0,0.0,0.0,-4.91,317.7,45.0,0.0
2026-07-07T05:00:00Z,15.6,52.0,0.0,55.0,81.4,0.0,0.0,0.0,-10.33,330.54,70.0,0.0
2026-07-07T06:00:00Z,15.2,38.5,0.0,68.6,95.8,0.0,0.0,0.0,-13.88,344.21,85.0,0.0
2026-07-07T07:00:00Z,12.6,59.6,0.0,49.2,65.6,0.0,0.0,0.0,-15.28,358.43,65.0,0.0
2026-07-07T08:00:00Z,12.8,28.4,0.0,40.2,53.6,0.0,0.0,0.0,-14.39,12.71,80.0,0.0
2026-07-07T09:00:00Z,11.8,56.2,0.0,34.0,49.5,0.0,0.0,0.0,-11.29,26.54,60.0,0.0
2026-07-07T10:00:00Z,12.4,33.9,0.0,68.6,112.9,0.0,0.0,0.0,-6.26,39.58,60.0,0.0
2026-07-07T11:00:00Z,11.3,39.9,0.0,51.9,93.4,1.0,15.9,0.9,0.34,51.76,10.0,0.0062
2026-07-07T12:00:00Z,13.0,26.1,0.0,50.9,85.6,70.8,257.0,34.5,8.11,63.24,55.0,0.2002
2026-07-07T13:00:00Z,11.3,10.2,0.0,35.7,62.5,210.6,524.6,59.8,16.71,74.35,10.0,1.2159
2026-07-07T14:00:00Z,13.2,56.2,0.0,29.0,47.3,336.1,270.4,218.5,25.78,85.57,30.0,1.9136
2026-07-07T15:00:00Z,15.5,44.5,0.0,34.4,53.6,516.4,399.1,287.5,34.99,97.57,50.0,2.7677
2026-07-07T16:00:00Z,16.9,26.5,0.0,59.1,103.8,686.6,595.8,273.4,43.92,111.31,10.0,4.2552
2026-07-07T17:00:00Z,16.0,36.2,0.0,37.0,54.7,792.4,522.1,381.4,51.92,128.24,80.0,3.2649
2026-07-07T18:00:00Z,20.8,12.1,0.0,54.4,86.7,889.4,782.7,225.8,57.98,150.07,20.0,5.5145
2026-07-07T19:00:00Z,20.9,44.6,0.0,49.8,86.8,876.0,452.6,481.6,60.63,176.87,80.0,3.7749
2026-07-07T20:00:00Z,19.8,55.0,0.0,55.8,96.2,812.2,351.0,511.6,58.91,204.34,90.0,3.0264
2026-07-07T21:00:00Z,23.1,40.8,0.0,51.5,82.8,803.0,480.0,417.3,53.47,227.38,0.0,4.5528
2026-07-07T22:00:00Z,21.2,52.4,0.0,51.4,70.5,661.5,357.5,405.3,45.78,245.25,35.0,3.7063
2026-07-07T23:00:00Z,22.8,38.1,0.0,47.9,79.5,560.9,462.7,282.5,36.99,259.55,40.0,2.9834
2026-07-08T00:00:00Z,21.2,4.4,0.0,16.0,24.2,412.8,709.9,81.8,27.79,271.83,25.0,2.2908
2026-07-08T01:00:00Z,23.1,12.5,0.0,8.1,13.4,245.2,537.4,73.4,18.65,283.15,25.0,1.0989
2026-07-08T02:00:00Z,20.3,13.9,0.0,9.4,16.2,97.5,359.4,35.6,9.91,294.24,40.0,0.213
2026-07-08T03:00:00Z,19.4,30.8,0.0,16.9,29.4,7.4,58.3,5.5,1.92,305.61,0.0,0.0467
2026-07-08T04:00:00Z,18.8,27.0,0.0,18.3,25.2,0.0,0.0,0.0,-4.99,317.61,85.0,0.0
2026-07-08T05:00:00Z,15.3,14.8,0.0,14.2,19.9,0.0,0.0,0.0,-10.41,330.47,65.0,0.0
2026-07-08T06:00:00Z,16.7,11.4,0.0,16.1,29.0,0.0,0.0,0.0,-13.98,344.15,90.0,0.0
2026-07-08T07:00:00Z,14.1,6.2,0.0,14.1,24.1,0.0,0.0,0.0,-15.38,358.39,80.0,0.0
2026-07-08T08:00:00Z,13.5,2.9,0.0,18.6,26.1,0.0,0.0,0.0,-14.5,12.69,30.0,0.0
2026-07-08T09:00:00Z,12.7,13.3,0.0,20.9,30.8,0.0,0.0,0.0,-11.4,26.53,40.0,0.0
2026-07-08T10:00:00Z,10.6,5.5,0.0,16.5,26.3,0.0,0.0,0.0,-6.37,39.59,90.0,0.0
2026-07-08T11:00:00Z,12.4,1.2,0.0,11.4,18.6,0.6,25.8,0.5,0.23,51.78,60.0,0.0029
2026-07-08T12:00:00Z,11.5,20.8,0.0,19.5,28.4,69.5,276.0,31.1,8.01,63.27,60.0,0.1798
2026-07-08T13:00:00Z,14.7,10.7,0.0,13.4,24.0,208.7,519.0,60.4,16.6,74.39,35.0,0.7025
2026-07-08T14:00:00Z,14.9,34.6,0.0,11.1,15.5,366.3,436.8,177.1,25.67,85.62,5.0,2.3005
2026-07-08T15:00:00Z,13.4,27.6,0.0,17.5,28.3,535.4,549.1,221.4,34.89,97.62,80.0,1.9343
2026-07-08T16:00:00Z,17.9,19.6,0.0,11.2,18.5,688.5,663.4,229.3,43.81,111.36,70.0,3.233
2026-07-08T17:00:00Z,19.2,35.3,0.0,12.4,21.7,792.5,530.5,375.5,51.81,128.28,85.0,3.1716
2026-07-08T18:00:00Z,18.8,27.7,0.0,12.8,17.8,880.0,618.5,356.3,57.87,150.06,70.0,4.1954
2026-07-08T19:00:00Z,21.0,5.1,0.0,12.1,20.9,919.2,864.1,167.0,60.52,176.8,90.0,3.6892
2026-07-08T20:00:00Z,22.5,18.2,0.0,14.3,20.8,897.7,719.3,282.4,58.81,204.21,30.0,5.5512
2026-07-08T21:00:00Z,23.1,8.6,0.0,11.5,18.3,831.5,808.2,182.7,53.39,227.23,30.0,5.161
2026-07-08T22:00:00Z,24.3,8.7,0.0,19.0,30.7,720.4,780.4,161.7,45.72,245.11,20.0,4.2081
2026-07-08T23:00:00Z,22.6,17.8,0.0,13.5,18.5,574.9,650.5,184.1,36.93,259.42,45.0,3.0655
2026-07-09T00:00:00Z,23.3,9.3,0.0,12.5,20.8,411.7,665.6,101.9,27.74,271.72,10.0,2.4635
2026-07-09T01:00:00Z,21.2,2.8,0.0,13.5,23.2,244.3,609.2,50.1,18.59,283.05,75.0,0.3301
2026-07-09T02:00:00Z,20.4,14.4,0.0,15.6,26.6,96.5,355.2,35.7,9.85,294.14,10.0,0.4604
2026-07-09T03:00:00Z,18.5,0,0.0,13.9,23.3,7.2,87.4,4.4,1.84,305.52,15.0,0.0278
2026-07-09T04:00:00Z,20.8,36.4,0.0,13.7,20.1,0.0,0.0,0.0,-5.07,317.53,80.0,0.0
2026-07-09T05:00:00Z,16.9,38.1,0.0,17.9,30.3,0.0,0.0,0.0,-10.5,330.39,30.0,0.0
2026-07-09T06:00:00Z,13.9,14.7,0.0,12.5,21.6,0.0,0.0,0.0,-14.08,344.09,80.0,0.0
2026-07-09T07:00:00Z,14.0,23.8,0.0,14.9,26.6,0.0,0.0,0.0,-15.49,358.35,10.0,0.0
2026-07-09T08:00:00Z,13.3,26.7,0.0,14.1,24.9,0.0,0.0,0.0,-14.61,12.66,10.0,0.0
2026-07-09T09:00:00Z,10.5,34.0,0.0,14.7,24.5,0.0,0.0,0.0,-11.52,26.53,60.0,0.0
2026-07-09T10:00:00Z,10.3,14.1,0.0,13.7,19.5,0.0,0.0,0.0,-6.49,39.6,20.0,0.0
2026-07-09T11:00:00Z,11.3,29.4,0.0,15.6,22.4,0.3,15.3,0.3,0.11,51.81,50.0,0.0018
2026-07-09T12:00:00Z,13.0,16.0,0.0,17.5,30.7,68.1,293.1,27.9,7.89,63.31,90.0,0.1342
2026-07-09T13:00:00Z,13.8,20.3,0.0,17.7,26.0,206.1,451.1,78.1,16.49,74.44,70.0,0.4395
2026-07-09T14:00:00Z,15.3,5.0,0.0,11.7,19.0,371.9,682.5,77.4,25.57,85.67,85.0,0.4981
2026-07-09T15:00:00Z,15.1,21.0,0.0,16.3,28.3,536.5,608.8,189.3,34.78,97.68,60.0,2.4796
2026-07-09T16:00:00Z,16.6,24.6,0.0,12.5,21.1,684.4,613.1,260.8,43.7,111.42,50.0,3.8109
2026-07-09T17:00:00Z,17.8,22.1,0.0,10.8,17.2,804.9,662.7,284.8,51.7,128.32,0.0,4.7229
2026-07-09T18:00:00Z,20.5,8.5,0.0,15.9,25.4,886.9,821.0,192.6,57.75,150.07,75.0,4.2375
2026-07-09T19:00:00Z,20.2,0,0.0,19.0,24.8,918.0,919.7,118.3,60.4,176.73,70.0,4.9713
2026-07-09T20:00:00Z,21.5,11.9,0.0,17.6,24.6,898.1,785.8,226.6,58.71,204.08,15.0,5.424
2026-07-09T21:00:00Z,23.3,8.2,0.0,17.8,26.4,830.3,812.0,179.2,53.31,227.08,80.0,3.5892
2026-07-09T22:00:00Z,23.4,11.8,0.0,14.8,19.3,719.1,748.6,183.8,45.65,244.97,45.0,3.908
2026-07-09T23:00:00Z,22.0,27.9,0.0,14.6,24.8,569.5,555.7,236.1,36.87,259.29,60.0,2.6732
2026-07-10T00:00:00Z,23.2,31.9,0.0,9.9,17.4,404.3,471.7,185.2,27.68,271.6,45.0,1.973
2026-07-10T01:00:00Z,20.2,36.1,0.0,10.9,17.6,237.4,367.3,120.7,18.53,282.94,5.0,1.4791
2026-07-10T02:00:00Z,20.1,19.0,0.0,10.9,14.9,95.3,331.2,39.0,9.78,294.04,10.0,0.4208
2026-07-10T03:00:00Z,17.8,30.2,0.0,14.3,19.4,6.7,54.4,5.0,1.77,305.42,25.0,0.032
2026-07-10T04:00:00Z,18.7,34.1,0.0,9.5,14.9,0.0,0.0,0.0,-5.15,317.44,10.0,0.0
2026-07-10T05:00:00Z,16.5,52.0,0.0,11.5,17.9,0.0,0.0,0.0,-10.6,330.32,60.0,0.0
2026-07-10T06:00:00Z,14.3,33.1,0.0,11.1,15.5,0.0,0.0,0.0,-14.19,344.03,75.0,0.0
2026-07-10T07:00:00Z,13.0,39.7,0.0,12.5,21.7,0.0,0.0,0.0,-15.61,358.31,90.0,0.0
2026-07-10T08:00:00Z,12.3,40.5,0.0,8.1,12.8,0.0,0.0,0.0,-14.73,12.64,15.0,0.0
2026-07-10T09:00:00Z,11.8,23.6,0.0,10.4,14.8,0.0,0.0,0.0,-11.64,26.53,10.0,0.0
2026-07-10T10:00:00Z,10.4,21.0,0.0,6.3,10.0,0.0,0.0,0.0,-6.61,39.62,10.0,0.0
2026-07-10T11:00:00Z,12.3,22.3,0.0,10.7,14.2,0.0,0.0,0.0,-0.01,51.84,90.0,0.0
2026-07-10T12:00:00Z,11.9,34.3,0.0,8.7,12.8,65.3,215.4,36.2,7.78,63.35,5.0,0.3713
2026-07-10T13:00:00Z,12.2,36.4,0.0,14.9,25.2,199.9,343.2,103.1,16.38,74.49,80.0,0.5317
2026-07-10T14:00:00Z,14.3,27.4,0.0,10.0,13.0,366.4,493.4,154.4,25.45,85.73,35.0,1.8894
2026-07-10T15:00:00Z,14.5,57.8,0.0,15.0,24.4,474.1,286.6,311.1,34.66,97.74,40.0,2.6646
2026-07-10T16:00:00Z,15.2,31.8,0.0,17.6,26.2,676.5,544.0,301.5,43.58,111.48,30.0,4.0768
2026-07-10T17:00:00Z,17.2,65.3,0.0,12.3,20.3,664.7,250.9,468.1,51.58,128.38,90.0,2.3997
2026-07-10T18:00:00Z,19.2,22.5,0.0,9.2,15.4,881.4,671.6,314.2,57.62,150.08,90.0,3.2618
2026-07-10T19:00:00Z,21.0,11.5,0.0,11.6,19.4,916.2,793.8,226.8,60.28,176.67,50.0,5.6257
2026-07-10T20:00:00Z,19.5,54.6,0.0,9.8,13.6,811.4,355.0,508.4,58.61,203.95,35.0,4.9197
2026-07-10T21:00:00Z,23.1,35.1,0.0,10.7,16.9,811.7,535.7,382.6,53.22,226.93,20.0,4.7949
2026-07-10T22:00:00Z,20.9,17.5,0.0,11.7,18.1,716.9,690.9,223.5,45.57,244.82,20.0,4.6213
2026-07-10T23:00:00Z,20.5,30.1,0.0,12.3,18.4,566.6,534.6,246.4,36.8,259.16,5.0,3.2624
2026-07-11T00:00:00Z,21.7,40.2,0.0,5.3,9.2,395.6,403.6,208.6,27.61,271.48,25.0,2.1549
2026-07-11T01:00:00Z,20.4,51.8,0.0,6.0,10.1,222.6,261.7,139.7,18.46,282.83,70.0,0.7136
2026-07-11T02:00:00Z,21.4,31.9,0.0,6.2,9.1,92.9,267.0,47.9,9.7,293.94,30.0,0.3022
2026-07-11T03:00:00Z,18.6,57.3,0.0,5.6,8.8,5.6,28.9,4.8,1.68,305.32,50.0,0.0266
2026-07-11T04:00:00Z,19.5,14.6,0.0,9.0,12.1,0.0,0.0,0.0,-5.25,317.36,35.0,0.0
2026-07-11T05:00:00Z,14.6,34.0,0.0,5.6,8.6,0.0,0.0,0.0,-10.7,330.24,20.0,0.0
2026-07-11T06:00:00Z,14.3,52.8,0.0,3.7,6.1,0.0,0.0,0.0,-14.3,343.97,45.0,0.0
2026-07-11T07:00:00Z,13.4,30.8,0.0,3.0,4.1,0.0,0.0,0.0,-15.73,358.27,90.0,0.0
2026-07-11T08:00:00Z,14.4,35.6,0.0,6.9,9.9,0.0,0.0,0.0,-14.86,12.63,40.0,0.0
2026-07-11T09:00:00Z,11.2,56.4,0.0,4.4,6.7,0.0,0.0,0.0,-11.77,26.53,10.0,0.0
2026-07-11T10:00:00Z,11.3,31.3,0.0,5.6,8.8,0.0,0.0,0.0,-6.74,39.64,10.0,0.0
2026-07-11T11:00:00Z,10.8,48.9,0.0,5.7,7.9,0.0,0.0,0.0,-0.13,51.87,70.0,0.0
2026-07-11T12:00:00Z,11.5,51.7,0.0,6.1,10.0,59.9,147.1,40.3,7.65,63.4,45.0,0.2405
2026-07-11T13:00:00Z,11.7,5.8,0.0,5.2,8.7,202.7,547.1,49.5,16.26,74.54,5.0,1.2418
2026-07-11T14:00:00Z,13.8,26.6,0.0,5.0,7.5,364.6,498.8,151.2,25.34,85.79,20.0,2.1275
2026-07-11T15:00:00Z,14.2,48.0,0.0,6.1,10.4,501.5,368.0,292.8,34.54,97.81,45.0,2.647
2026-07-11T16:00:00Z,15.8,45.7,0.0,5.0,8.8,649.1,413.0,365.0,43.46,111.55,30.0,3.9646
2026-07-11T17:00:00Z,17.6,61.3,0.0,6.2,8.1,690.8,286.1,467.1,51.45,128.43,90.0,2.4833
2026-07-11T18:00:00Z,20.3,47.8,0.0,6.7,11.6,830.2,418.4,477.4,57.49,150.1,25.0,4.9317
2026-07-11T19:00:00Z,22.0,29.4,0.0,8.0,12.5,904.5,605.5,379.3,60.15,176.61,20.0,5.5447
2026-07-11T20:00:00Z,22.0,21.8,0.0,6.0,9.0,892.2,680.8,311.8,58.49,203.82,30.0,5.4244
2026-07-11T21:00:00Z,23.3,40.9,0.0,5.5,9.3,798.3,478.1,415.8,53.13,226.78,90.0,2.9929
2026-07-11T22:00:00Z,22.2,50.6,0.0,6.2,8.2,663.9,372.9,398.0,45.49,244.67,75.0,2.9915
2026-07-11T23:00:00Z,22.1,35.2,0.0,6.6,11.7,560.3,488.5,268.2,36.73,259.02,70.0,2.3695
2026-07-12T00:00:00Z,22.1,66.1,0.0,39.4,64.1,333.1,203.8,238.9,27.54,271.35,50.0,1.5796
2026-07-12T01:00:00Z,22.1,45.6,0.0,16.9,24.3,228.1,302.0,132.9,18.38,282.71,70.0,0.6513
2026-07-12T02:00:00Z,19.4,55.5,0.0,33.3,58.3,83.7,159.2,57.1,9.62,293.83,25.0,0.3358
2026-07-12T03:00:00Z,18.1,56.8,0.0,30.8,48.4,5.3,27.8,4.5,1.59,305.23,45.0,0.0254
2026-07-12T04:00:00Z,18.1,55.3,0.0,26.3,39.6,0.0,0.0,0.0,-5.35,317.27,5.0,0.0
2026-07-12T05:00:00Z,16.7,47.8,0.0,19.0,26.1,0.0,0.0,0.0,-10.81,330.17,70.0,0.0
2026-07-12T06:00:00Z,15.0,51.5,0.0,27.5,36.9,0.0,0.0,0.0,-14.42,343.91,45.0,0.0
2026-07-12T07:00:00Z,13.1,52.9,0.0,20.7,30.8,0.0,0.0,0.0,-15.86,358.23,10.0,0.0
2026-07-12T08:00:00Z,12.0,40.5,0.0,21.6,34.9,0.0,0.0,0.0,-15.0,12.61,70.0,0.0
2026-07-12T09:00:00Z,10.7,51.9,0.0,27.3,39.9,0.0,0.0,0.0,-11.91,26.54,65.0,0.0
2026-07-12T10:00:00Z,10.8,76.8,2.1,31.8,42.6,0.0,0.0,0.0,-6.87,39.66,85.0,0.0
2026-07-12T11:00:00Z,9.6,54.8,0.0,28.1,40.6,0.0,0.0,0.0,-0.26,51.91,50.0,0.0
2026-07-12T12:00:00Z,10.5,69.7,0.0,21.5,32.0,49.4,82.8,38.6,7.53,63.45,80.0,0.1776
2026-07-12T13:00:00Z,12.4,33.3,0.0,24.2,38.1,197.0,360.1,96.9,16.13,74.6,60.0,0.522
2026-07-12T14:00:00Z,13.1,28.4,0.0,30.8,45.3,361.7,483.0,155.9,25.21,85.86,80.0,0.8176
2026-07-12T15:00:00Z,12.8,81.9,0.0,29.8,53.3,330.2,103.9,271.5,34.42,97.88,55.0,1.7844
2026-07-12T16:00:00Z,17.4,55.9,0.0,32.7,42.6,611.9,321.3,391.4,43.33,111.63,40.0,3.4659
2026-07-12T17:00:00Z,16.9,64.3,0.0,20.8,29.4,668.8,259.2,466.5,51.32,128.5,85.0,2.7417
2026-07-12T18:00:00Z,19.4,56.5,0.0,21.3,28.6,787.0,335.3,504.7,57.35,150.12,55.0,4.2804
2026-07-12T19:00:00Z,20.3,50.1,0.0,18.8,27.8,848.2,398.7,502.9,60.02,176.55,15.0,5.1251
2026-07-12T20:00:00Z,21.4,60.4,0.0,20.0,28.7,773.7,300.9,517.5,58.37,203.69,55.0,4.0621
2026-07-12T21:00:00Z,22.3,68.4,0.0,31.0,41.0,656.5,225.8,476.1,53.03,226.62,45.0,3.6722
2026-07-12T22:00:00Z,21.2,63.0,0.0,20.7,29.2,604.0,263.3,416.5,45.4,244.52,5.0,3.6589
2026-07-12T23:00:00Z,21.0,42.7,0.0,29.8,46.0,547.4,420.6,296.4,36.64,258.88,5.0,3.4144
2026-07-13T00:00:00Z,22.2,26.9,0.0,13.4,19.6,403.2,512.4,166.9,27.46,271.22,85.0,0.8155
2026-07-13T01:00:00Z,21.8,17.8,0.0,20.7,36.1,238.6,494.3,83.4,18.3,282.59,5.0,1.4256
2026-07-13T02:00:00Z,22.3,41.1,0.0,15.8,22.2,88.5,221.5,51.8,9.54,293.72,65.0,0.2636
2026-07-13T03:00:00Z,19.7,28.2,0.0,21.6,32.3,5.4,48.3,4.1,1.5,305.12,0.0,0.0343
2026-07-13T04:00:00Z,18.9,37.5,0.0,21.1,35.0,0.0,0.0,0.0,-5.45,317.18,30.0,0.0
2026-07-13T05:00:00Z,17.7,45.4,0.0,13.7,23.6,0.0,0.0,0.0,-10.93,330.09,40.0,0.0
2026-07-13T06:00:00Z,15.0,43.8,0.0,14.3,23.1,0.0,0.0,0.0,-14.55,343.86,25.0,0.0
2026-07-13T07:00:00Z,15.1,18.2,0.0,18.6,26.9,0.0,0.0,0.0,-16.0,358.19,25.0,0.0
2026-07-13T08:00:00Z,13.5,47.0,0.0,14.0,20.7,0.0,0.0,0.0,-15.14,12.6,45.0,0.0
2026-07-13T09:00:00Z,12.1,50.6,0.0,15.8,23.1,0.0,0.0,0.0,-12.05,26.55,60.0,0.0
2026-07-13T10:00:00Z,8.4,31.7,0.0,18.1,31.7,0.0,0.0,0.0,-7.01,39.69,30.0,0.0
2026-07-13T11:00:00Z,13.4,20.2,0.0,9.4,15.0,0.0,0.0,0.0,-0.39,51.96,60.0,0.0
2026-07-13T12:00:00Z,12.4,33.7,0.0,15.1,22.6,60.4,209.2,33.5,7.4,63.5,30.0,0.2114
2026-07-13T13:00:00Z,13.3,39.7,0.0,12.6,21.7,191.9,317.7,104.3,16.01,74.67,30.0,0.8634
2026-07-13T14:00:00Z,12.2,35.8,0.0,14.4,22.7,354.8,422.9,175.5,25.09,85.93,50.0,1.632
2026-07-13T15:00:00Z,15.1,28.8,0.0,16.5,25.5,524.3,534.9,222.9,34.3,97.96,65.0,2.3612
2026-07-13T16:00:00Z,15.6,44.6,0.0,22.9,40.0,648.1,422.6,358.8,43.21,111.71,50.0,3.5815
2026-07-13T17:00:00Z,18.7,39.7,0.0,20.2,35.6,775.3,486.3,396.4,51.18,128.57,75.0,3.5807
2026-07-13T18:00:00Z,18.0,44.2,0.0,18.1,24.7,839.4,452.5,459.0,57.21,150.15,5.0,5.2186
2026-07-13T19:00:00Z,19.4,39.5,0.0,15.9,21.3,883.0,502.6,448.3,59.88,176.5,5.0,4.8278
2026-07-13T20:00:00Z,23.0,33.2,0.0,13.0,20.9,877.3,563.1,398.5,58.25,203.57,5.0,5.0093
2026-07-13T21:00:00Z,21.3,15.8,0.0,16.5,26.8,824.0,730.8,241.0,52.92,226.47,45.0,4.816
2026-07-13T22:00:00Z,20.3,57.8,0.0,17.9,29.4,631.3,308.8,411.8,45.31,244.37,70.0,2.9179
2026-07-13T23:00:00Z,22.7,38.4,0.0,15.5,27.9,553.2,458.5,280.1,36.56,258.74,15.0,3.4359
2026-07-14T00:00:00Z,20.7,31.6,0.0,18.7,33.5,399.1,472.1,182.0,27.37,271.09,25.0,2.3614
2026-07-14T01:00:00Z,22.6,0.4,0.0,14.1,22.1,237.6,620.9,43.5,18.21,282.47,60.0,0.2793
2026-07-14T02:00:00Z,20.9,47.6,0.0,21.9,34.3,85.1,191.2,53.7,9.44,293.61,70.0,0.25
2026-07-14T03:00:00Z,17.4,40.2,0.0,23.2,32.1,4.8,36.4,3.9,1.4,305.02,0.0,0.0309
2026-07-14T04:00:00Z,16.8,44.9,0.0,15.0,20.3,0.0,0.0,0.0,-5.57,317.08,40.0,0.0
2026-07-14T05:00:00Z,15.0,14.8,0.0,21.0,28.9,0.0,0.0,0.0,-11.06,330.01,15.0,0.0
2026-07-14T06:00:00Z,14.6,39.3,0.0,13.6,19.1,0.0,0.0,0.0,-14.68,343.8,10.0,0.0
2026-07-14T07:00:00Z,15.3,38.4,0.0,16.9,27.5,0.0,0.0,0.0,-16.14,358.16,15.0,0.0
2026-07-14T08:00:00Z,13.8,26.6,0.0,25.9,37.2,0.0,0.0,0.0,-15.28,12.59,90.0,0.0
2026-07-14T09:00:00Z,12.2,25.0,0.0,16.8,27.3,0.0,0.0,0.0,-12.19,26.56,25.0,0.0
2026-07-14T10:00:00Z,11.5,38.2,0.0,15.6,23.2,0.0,0.0,0.0,-7.15,39.73,20.0,0.0
2026-07-14T11:00:00Z,11.1,12.1,0.0,26.6,38.1,0.0,0.0,0.0,-0.53,52.01,75.0,0.0
2026-07-14T12:00:00Z,10.4,37.5,0.0,19.1,31.6,58.3,191.8,34.0,7.27,63.57,5.0,0.3486
2026-07-14T13:00:00Z,14.1,40.1,0.0,12.4,17.5,189.5,313.9,103.6,15.88,74.74,25.0,0.9336
2026-07-14T14:00:00Z,15.4,41.7,0.0,18.1,28.6,347.0,376.4,188.2,24.96,86.01,75.0,1.0232
2026-07-14T15:00:00Z,15.6,27.6,0.0,16.2,25.9,522.8,545.1,216.7,34.17,98.05,5.0,3.2006
2026-07-14T16:00:00Z,16.9,13.8,0.0,20.1,27.0,678.2,718.1,187.8,43.07,111.8,15.0,4.1444
2026-07-14T17:00:00Z,17.9,37.6,0.0,24.3,41.5,777.7,506.2,384.1,51.05,128.65,5.0,4.7556
2026-07-14T18:00:00Z,20.1,21.3,0.0,17.4,22.6,875.3,683.1,302.0,57.06,150.19,5.0,4.9669
2026-07-14T19:00:00Z,20.4,34.1,0.0,17.6,23.7,892.8,556.7,412.0,59.73,176.45,20.0,5.5522
2026-07-14T20:00:00Z,22.0,23.0,0.0,21.0,30.4,887.0,667.8,320.0,58.12,203.44,30.0,5.0835
2026-07-14T21:00:00Z,23.7,23.7,0.0,16.7,24.0,819.1,649.2,301.9,52.81,226.31,70.0,3.7898
2026-07-14T22:00:00Z,23.4,58.6,0.0,10.0,16.9,625.8,301.3,412.0,45.21,244.21,80.0,2.4752
2026-07-14T23:00:00Z,20.6,20.2,0.0,18.5,26.8,566.3,625.8,194.4,36.47,258.59,60.0,2.7509
2026-07-15T00:00:00Z,20.5,63.3,0.0,53.8,84.5,339.6,223.6,237.1,27.28,270.96,5.0,2.0175
2026-07-15T01:00:00Z,20.1,46.0,0.0,45.2,76.6,223.2,297.1,130.8,18.12,282.35,75.0,0.6287
2026-07-15T02:00:00Z,18.5,59.9,0.0,44.2,60.0,77.3,137.4,55.0,9.34,293.5,50.0,0.3005
2026-07-15T03:00:00Z,18.2,48.5,0.0,26.2,40.8,4.2,28.4,3.6,1.29,304.92,60.0,0.0174
2026-07-15T04:00:00Z,17.7,74.2,0.0,50.7,78.8,0.0,0.0,0.0,-5.68,316.99,20.0,0.0
2026-07-15T05:00:00Z,15.2,76.9,2.2,37.5,56.2,0.0,0.0,0.0,-11.19,329.93,30.0,0.0
2026-07-15T06:00:00Z,14.4,36.8,0.0,38.0,66.7,0.0,0.0,0.0,-14.83,343.74,35.0,0.0
2026-07-15T07:00:00Z,14.7,35.6,0.0,41.8,65.3,0.0,0.0,0.0,-16.29,358.12,15.0,0.0
2026-07-15T08:00:00Z,13.3,84.9,0.0,48.7,85.1,0.0,0.0,0.0,-15.43,12.58,75.0,0.0
2026-07-15T09:00:00Z,12.3,76.8,0.0,52.0,91.6,0.0,0.0,0.0,-12.34,26.58,30.0,0.0
2026-07-15T10:00:00Z,12.8,67.7,0.0,34.8,53.2,0.0,0.0,0.0,-7.3,39.76,60.0,0.0
2026-07-15T11:00:00Z,11.7,52.6,0.0,41.5,65.7,0.0,0.0,0.0,-0.68,52.06,35.0,0.0
2026-07-15T12:00:00Z,10.7,67.8,0.0,30.2,42.3,46.5,85.2,35.9,7.13,63.63,20.0,0.2399
2026-07-15T13:00:00Z,11.0,60.0,0.0,17.7,27.4,168.2,192.6,115.9,15.74,74.82,25.0,0.9115
2026-07-15T14:00:00Z,13.5,63.6,0.0,34.5,53.0,300.6,213.2,211.1,24.83,86.1,30.0,1.688
2026-07-15T15:00:00Z,15.3,60.4,0.0,38.6,53.9,454.6,264.3,306.7,34.04,98.14,65.0,2.1081
2026-07-15T16:00:00Z,16.1,58.8,0.0,39.8,58.0,593.2,295.8,391.7,42.94,111.9,0.0,3.3456
2026-07-15T17:00:00Z,17.6,50.8,0.0,38.1,58.2,737.7,380.9,442.1,50.9,128.73,45.0,4.235
2026-07-15T18:00:00Z,18.1,58.7,0.0,36.8,48.0,769.6,315.5,505.3,56.91,150.23,15.0,4.6733
2026-07-15T19:00:00Z,20.7,44.2,0.0,25.9,42.0,866.1,455.4,473.4,59.58,176.41,50.0,4.9594
2026-07-15T20:00:00Z,20.2,76.4,1.0,45.0,73.1,623.1,161.8,485.9,57.98,203.31,55.0,3.4321
2026-07-15T21:00:00Z,22.4,46.5,0.0,42.1,59.8,776.5,424.0,439.3,52.69,226.15,70.0,3.7365
2026-07-15T22:00:00Z,23.7,50.1,0.0,30.1,48.5,660.3,377.1,393.2,45.11,244.05,50.0,3.5093
2026-07-15T23:00:00Z,22.5,73.0,0.0,45.7,67.7,420.8,170.4,319.8,36.37,258.44,65.0,1.9084
2026-07-16T00:00:00Z,22.4,40.6,0.0,8.0,10.9,387.6,397.7,205.9,27.19,270.82,45.0,1.9304
2026-07-16T01:00:00Z,23.4,37.6,0.0,5.9,10.1,227.8,352.7,118.7,18.02,282.22,70.0,0.6215
2026-07-16T02:00:00Z,20.7,36.9,0.0,8.6,12.0,85.2,235.0,47.5,9.24,293.38,40.0,0.2829
2026-07-16T03:00:00Z,18.5,45.2,0.0,7.5,11.2,3.8,28.4,3.2,1.17,304.81,15.0,0.021
2026-07-16T04:00:00Z,18.9,74.9,0.0,7.3,12.5,0.0,0.0,0.0,-5.81,316.9,65.0,0.0
2026-07-16T05:00:00Z,17.4,46.5,0.0,5.8,8.6,0.0,0.0,0.0,-11.32,329.86,35.0,0.0
2026-07-16T06:00:00Z,15.7,50.8,0.0,8.8,14.6,0.0,0.0,0.0,-14.97,343.68,70.0,0.0
2026-07-16T07:00:00Z,13.2,61.2,0.0,6.8,11.9,0.0,0.0,0.0,-16.44,358.09,0.0,0.0
2026-07-16T08:00:00Z,13.3,52.9,0.0,8.3,13.6,0.0,0.0,0.0,-15.59,12.58,30.0,0.0
2026-07-16T09:00:00Z,11.6,49.1,0.0,7.1,9.7,0.0,0.0,0.0,-12.5,26.6,60.0,0.0
2026-07-16T10:00:00Z,10.8,40.0,0.0,6.8,11.9,0.0,0.0,0.0,-7.45,39.81,90.0,0.0
2026-07-16T11:00:00Z,13.9,43.6,0.0,4.8,8.0,0.0,0.0,0.0,-0.82,52.12,60.0,0.0
2026-07-16T12:00:00Z,11.4,42.1,0.0,7.4,11.5,54.0,169.3,33.4,6.99,63.7,60.0,0.1924
2026-07-16T13:00:00Z,13.6,41.5,0.0,5.8,10.0,184.0,302.0,102.8,15.61,74.9,80.0,0.5022
2026-07-16T14:00:00Z,13.5,51.3,0.0,6.2,10.4,328.2,301.7,202.2,24.69,86.19,50.0,1.5317
2026-07-16T15:00:00Z,14.6,68.8,0.0,7.4,10.0,412.9,197.9,302.5,33.9,98.24,35.0,2.3435
2026-07-16T16:00:00Z,16.2,47.3,0.0,6.2,10.9,634.8,397.4,364.8,42.8,112.0,60.0,3.4452
2026-07-16T17:00:00Z,18.9,17.6,0.0,6.7,10.4,793.6,706.2,246.7,50.75,128.83,30.0,5.0312
2026-07-16T18:00:00Z,19.2,32.6,0.0,5.2,7.1,860.4,566.7,386.5,56.75,150.28,75.0,4.0389
2026-07-16T19:00:00Z,21.5,54.1,0.0,7.9,11.8,822.5,360.1,512.5,59.42,176.37,90.0,2.9511
2026-07-16T20:00:00Z,21.5,73.3,0.0,6.0,9.9,656.2,187.0,497.9,57.83,203.19,80.0,2.7285
2026-07-16T21:00:00Z,21.6,44.0,0.0,6.8,11.8,782.7,447.6,427.3,52.56,225.98,30.0,4.4516
2026-07-16T22:00:00Z,22.8,37.4,0.0,10.2,17.2,690.4,493.9,341.2,44.99,243.88,80.0,2.8913
2026-07-16T23:00:00Z,20.9,50.7,0.0,8.4,11.8,522.4,350.0,315.4,36.26,258.29,20.0,3.1856
2026-07-17T00:00:00Z,20.4,45.9,0.0,8.5,14.4,378.5,354.7,217.0,27.08,270.68,0.0,2.3142
2026-07-17T01:00:00Z,19.3,35.8,0.0,10.0,13.4,227.0,363.6,115.1,17.92,282.09,0.0,1.4368
2026-07-17T02:00:00Z,20.4,31.3,0.0,10.4,17.0,84.6,257.9,43.7,9.13,293.26,90.0,0.1948
2026-07-17T03:00:00Z,20.4,35.3,0.0,10.5,16.3,3.4,31.8,2.8,1.05,304.7,55.0,0.015
2026-07-17T04:00:00Z,18.4,32.7,0.0,10.7,18.5,0.0,0.0,0.0,-5.94,316.8,5.0,0.0
2026-07-17T05:00:00Z,18.7,36.5,0.0,9.9,14.6,0.0,0.0,0.0,-11.47,329.78,90.0,0.0
2026-07-17T06:00:00Z,13.9,41.4,0.0,9.6,15.4,0.0,0.0,0.0,-15.13,343.62,90.0,0.0
2026-07-17T07:00:00Z,13.1,29.1,0.0,7.2,12.6,0.0,0.0,0.0,-16.6,358.06,5.0,0.0
2026-07-17T08:00:00Z,14.4,52.9,0.0,11.1,19.7,0.0,0.0,0.0,-15.75,12.57,45.0,0.0
2026-07-17T09:00:00Z,11.3,21.8,0.0,7.8,11.8,0.0,0.0,0.0,-12.66,26.62,30.0,0.0
2026-07-17T10:00:00Z,11.3,42.3,0.0,6.8,11.3,0.0,0.0,0.0,-7.61,39.85,30.0,0.0
2026-07-17T11:00:00Z,12.9,37.3,0.0,9.4,16.5,0.0,0.0,0.0,-0.97,52.18,70.0,0.0
2026-07-17T12:00:00Z,10.9,50.5,0.0,12.4,20.0,50.4,137.6,34.0,6.84,63.78,15.0,0.2115
2026-07-17T13:00:00Z,11.7,25.6,0.0,10.3,17.3,187.4,401.4,80.4,15.47,74.99,35.0,0.6872
2026-07-17T14:00:00Z,12.5,16.2,0.0,7.6,12.4,352.8,577.7,112.7,24.56,86.29,50.0,1.3965
2026-07-17T15:00:00Z,14.1,40.2,0.0,9.2,15.7,503.0,432.3,262.8,33.76,98.35,60.0,2.3423
2026-07-17T16:00:00Z,15.5,30.1,0.0,8.2,11.5,663.5,557.0,286.1,42.65,112.11,70.0,3.1915
2026-07-17T17:00:00Z,17.6,40.8,0.0,9.4,16.5,764.9,474.8,398.0,50.6,128.93,55.0,4.3073
2026-07-17T18:00:00Z,19.3,24.8,0.0,11.1,16.3,867.3,646.5,327.6,56.59,150.33,85.0,3.5809
2026-07-17T19:00:00Z,20.7,25.5,0.0,9.5,15.8,898.3,643.7,345.1,59.25,176.34,75.0,4.3456
2026-07-17T20:00:00Z,23.3,27.9,0.0,7.4,13.3,877.6,616.7,356.5,57.68,203.06,75.0,4.2041
2026-07-17T21:00:00Z,24.0,43.2,0.0,8.7,13.3,783.3,455.2,422.5,52.43,225.82,55.0,4.3778
2026-07-17T22:00:00Z,21.7,58.9,0.0,10.6,13.9,619.7,298.0,409.4,44.88,243.72,75.0,2.657
2026-07-17T23:00:00Z,25.0,40.7,0.0,8.4,11.9,542.8,436.5,285.3,36.15,258.14,70.0,2.3014
2026-07-18T00:00:00Z,21.4,18.8,0.0,44.0,66.2,396.8,576.7,135.2,26.98,270.54,40.0,1.9713
2026-07-18T01:00:00Z,20.5,23.3,0.0,62.1,102.2,229.0,448.4,91.9,17.81,281.96,40.0,0.8101
2026-07-18T02:00:00Z,21.5,10.0,0.0,42.2,60.7,84.0,353.4,28.7,9.01,293.14,55.0,0.1667
2026-07-18T03:00:00Z,20.5,11.5,0.0,33.5,55.6,3.0,42.1,2.3,0.93,304.59,30.0,0.0139
2026-07-18T04:00:00Z,18.0,8.1,0.0,52.5,80.7,0.0,0.0,0.0,-6.08,316.7,90.0,0.0
2026-07-18T05:00:00Z,16.2,25.0,0.0,53.4,77.6,0.0,0.0,0.0,-11.61,329.7,60.0,0.0
2026-07-18T06:00:00Z,14.0,15.1,0.0,19.8,26.5,0.0,0.0,0.0,-15.28,343.57,40.0,0.0
2026-07-18T07:00:00Z,14.0,32.2,0.0,58.1,94.8,0.0,0.0,0.0,-16.77,358.03,15.0,0.0
2026-07-18T08:00:00Z,12.4,3.3,0.0,46.2,64.5,0.0,0.0,0.0,-15.92,12.58,80.0,0.0
2026-07-18T09:00:00Z,11.6,9.5,0.0,50.0,77.5,0.0,0.0,0.0,-12.83,26.65,60.0,0.0
2026-07-18T10:00:00Z,12.1,14.4,0.0,52.7,78.9,0.0,0.0,0.0,-7.77,39.9,5.0,0.0
2026-07-18T11:00:00Z,13.3,28.9,0.0,42.7,76.5,0.0,0.0,0.0,-1.13,52.25,35.0,0.0
2026-07-18T12:00:00Z,12.0,13.0,0.0,49.8,88.1,52.5,265.8,21.5,6.69,63.86,50.0,0.1267
2026-07-18T13:00:00Z,13.9,18.3,0.0,49.2,69.9,185.9,446.6,67.9,15.32,75.08,0.0,1.1366
2026-07-18T14:00:00Z,14.8,9.7,0.0,45.6,63.2,350.6,630.1,90.2,24.41,86.39,20.0,1.977
2026-07-18T15:00:00Z,16.3,15.6,0.0,37.3,66.9,517.4,652.7,156.0,33.62,98.46,45.0,2.8119
2026-07-18T16:00:00Z,18.1,41.8,0.0,42.5,59.6,643.8,446.9,341.9,42.5,112.23,10.0,4.1149
2026-07-18T17:00:00Z,19.1,22.2,0.0,44.3,76.3,787.3,658.6,279.5,50.44,129.03,85.0,3.2386
2026-07-18T18:00:00Z,20.8,24.4,0.0,50.1,73.6,865.5,649.8,324.1,56.42,150.39,45.0,5.0022
2026-07-18T19:00:00Z,20.8,7.9,0.0,39.5,57.9,902.8,830.4,190.4,59.08,176.31,90.0,3.4888
2026-07-18T20:00:00Z,21.3,22.5,0.0,58.3,94.7,880.2,671.9,313.4,57.52,202.94,25.0,5.4359
2026-07-18T21:00:00Z,23.9,0,0.0,41.5,69.6,816.6,896.2,107.6,52.29,225.66,20.0,5.0348
2026-07-18T22:00:00Z,24.8,38.1,0.0,52.6,93.7,685.6,487.0,342.7,44.75,243.55,0.0,3.848
2026-07-18T23:00:00Z,22.0,13.5,0.0,53.2,78.0,560.3,686.8,156.2,36.04,257.98,35.0,3.1867
2026-07-19T00:00:00Z,22.8,39.6,0.0,14.6,22.5,383.0,403.6,200.6,26.86,270.39,10.0,2.3163
2026-07-19T01:00:00Z,21.2,28.6,0.0,16.1,23.5,225.7,410.1,101.1,17.69,281.83,5.0,1.3689
2026-07-19T02:00:00Z,21.7,33.5,0.0,16.1,28.7,80.8,243.3,43.2,8.89,293.01,80.0,0.2072
2026-07-19T03:00:00Z,19.2,37.4,0.0,19.3,34.5,2.4,25.1,2.1,0.8,304.48,35.0,0.0131
2026-07-19T04:00:00Z,16.5,33.8,0.0,22.6,33.6,0.0,0.0,0.0,-6.22,316.61,65.0,0.0
2026-07-19T05:00:00Z,17.3,37.8,0.0,17.4,29.7,0.0,0.0,0.0,-11.77,329.62,15.0,0.0
2026-07-19T06:00:00Z,13.8,29.2,0.0,16.5,27.8,0.0,0.0,0.0,-15.45,343.51,10.0,0.0
2026-07-19T07:00:00Z,13.7,27.6,0.0,17.4,29.6,0.0,0.0,0.0,-16.94,358.01,70.0,0.0
2026-07-19T08:00:00Z,14.0,47.5,0.0,20.0,30.1,0.0,0.0,0.0,-16.1,12.58,65.0,0.0
2026-07-19T09:00:00Z,12.4,25.0,0.0,21.9,34.4,0.0,0.0,0.0,-13.0,26.68,30.0,0.0
2026-07-19T10:00:00Z,10.6,35.5,0.0,19.6,34.4,0.0,0.0,0.0,-7.94,39.96,20.0,0.0
2026-07-19T11:00:00Z,11.9,52.5,0.0,15.9,21.9,0.0,0.0,0.0,-1.29,52.32,55.0,0.0
2026-07-19T12:00:00Z,11.7,18.0,0.0,21.0,37.0,50.4,242.6,22.8,6.54,63.95,15.0,0.1529
2026-07-19T13:00:00Z,11.4,32.1,0.0,16.0,25.0,180.9,355.8,87.8,15.17,75.18,35.0,0.7117
2026-07-19T14:00:00Z,12.8,33.4,0.0,23.3,35.8,341.8,436.4,162.4,24.27,86.5,0.0,2.0666
2026-07-19T15:00:00Z,17.0,34.2,0.0,23.6,38.4,505.4,483.1,239.0,33.47,98.58,0.0,3.1126
2026-07-19T16:00:00Z,15.5,33.9,0.0,25.2,37.0,654.4,519.3,304.6,42.35,112.35,25.0,3.8809
2026-07-19T17:00:00Z,19.4,26.9,0.0,17.2,24.1,781.7,610.1,312.4,50.28,129.15,80.0,3.5434
2026-07-19T18:00:00Z,18.9,11.2,0.0,18.8,30.6,868.3,788.0,213.1,56.25,150.46,0.0,4.8438
2026-07-19T19:00:00Z,20.4,33.8,0.0,12.7,17.1,883.8,557.9,406.1,58.91,176.28,0.0,4.8653
2026-07-19T20:00:00Z,21.4,21.4,0.0,18.1,24.2,878.8,682.9,303.8,57.35,202.82,70.0,4.5331
2026-07-19T21:00:00Z,23.0,44.7,0.0,14.1,21.3,775.1,440.1,427.6,52.14,225.49,65.0,3.9582
2026-07-19T22:00:00Z,24.1,16.0,0.0,25.0,43.8,702.4,702.3,209.1,44.62,243.38,35.0,4.3531
2026-07-19T23:00:00Z,23.1,52.1,0.0,15.8,23.0,513.0,337.6,315.0,35.91,257.82,40.0,2.8152
2026-07-20T00:00:00Z,22.7,13.6,0.0,24.5,38.9,393.2,619.8,114.3,26.74,270.24,60.0,1.481
2026-07-20T01:00:00Z,21.0,2.2,0.0,32.7,43.9,225.9,596.7,45.8,17.57,281.69,25.0,0.9876
2026-07-20T02:00:00Z,21.7,43.0,0.0,29.1,42.9,77.0,199.6,46.6,8.76,292.89,90.0,0.196
2026-07-20T03:00:00Z,19.3,39.8,0.0,27.5,40.4,1.9,21.3,1.7,0.66,304.37,55.0,0.0092
2026-07-20T04:00:00Z,20.3,14.3,0.0,27.1,46.5,0.0,0.0,0.0,-6.37,316.51,50.0,0.0
2026-07-20T05:00:00Z,17.4,40.1,0.0,30.5,43.7,0.0,0.0,0.0,-11.93,329.54,70.0,0.0
2026-07-20T06:00:00Z,13.8,11.9,0.0,14.5,23.1,0.0,0.0,0.0,-15.62,343.46,50.0,0.0
2026-07-20T07:00:00Z,14.7,42.4,0.0,28.1,42.9,0.0,0.0,0.0,-17.12,357.98,20.0,0.0
2026-07-20T08:00:00Z,13.4,31.8,0.0,20.6,29.4,0.0,0.0,0.0,-16.28,12.59,45.0,0.0
2026-07-20T09:00:00Z,12.2,0,0.0,26.7,45.4,0.0,0.0,0.0,-13.18,26.72,25.0,0.0
2026-07-20T10:00:00Z,13.1,14.1,0.0,18.4,24.4,0.0,0.0,0.0,-8.11,40.02,5.0,0.0
2026-07-20T11:00:00Z,13.4,17.6,0.0,21.7,31.0,0.0,0.0,0.0,-1.45,52.4,85.0,0.0
2026-07-20T12:00:00Z,11.8,0,0.0,21.8,34.7,48.6,301.4,15.1,6.38,64.04,0.0,0.3409
2026-07-20T13:00:00Z,13.4,18.8,0.0,22.2,30.3,180.7,438.3,67.1,15.02,75.28,35.0,0.5934
2026-07-20T14:00:00Z,14.2,38.3,0.0,27.0,37.1,335.4,397.0,173.2,24.12,86.62,15.0,1.9962
2026-07-20T15:00:00Z,15.5,14.5,0.0,22.8,32.4,512.3,661.0,149.2,33.32,98.7,45.0,2.994
2026-07-20T16:00:00Z,18.1,15.3,0.0,18.2,32.2,663.8,699.1,194.2,42.2,112.48,65.0,3.3021
2026-07-20T17:00:00Z,18.6,14.4,0.0,28.4,37.7,785.3,737.6,219.3,50.12,129.27,60.0,4.5479
2026-07-20T18:00:00Z,21.2,15.6,0.0,22.9,32.1,865.2,740.5,250.8,56.07,150.54,10.0,5.209
2026-07-20T19:00:00Z,22.4,18.3,0.0,24.5,40.4,896.6,717.8,283.1,58.72,176.26,10.0,5.5913
2026-07-20T20:00:00Z,23.5,16.9,0.0,25.0,36.5,878.7,730.2,265.0,57.18,202.7,80.0,3.9146
2026-07-20T21:00:00Z,22.9,9.8,0.0,23.3,41.3,812.3,791.2,188.9,51.99,225.32,20.0,5.0258
2026-07-20T22:00:00Z,21.7,33.7,0.0,32.3,46.7,688.2,527.7,318.4,44.48,243.21,30.0,4.2163
2026-07-20T23:00:00Z,24.7,16.9,0.0,16.6,26.8,555.4,653.2,173.4,35.79,257.66,40.0,3.3209
2026-07-21T00:00:00Z,22.1,37.6,0.0,7.3,11.7,380.6,418.6,193.1,26.61,270.09,45.0,1.8077
2026-07-21T01:00:00Z,20.3,63.5,0.0,7.8,12.9,187.9,182.3,133.3,17.44,281.55,75.0,0.6195
2026-07-21T02:00:00Z,20.9,43.5,0.0,7.7,11.7,75.0,195.4,45.7,8.62,292.76,60.0,0.2488
2026-07-21T03:00:00Z,16.9,59.5,0.0,6.4,9.6,1.3,11.6,1.2,0.51,304.25,35.0,0.0073
2026-07-21T04:00:00Z,18.2,35.1,0.0,5.1,6.8,0.0,0.0,0.0,-6.53,316.41,10.0,0.0
2026-07-21T05:00:00Z,17.7,34.8,0.0,4.6,7.3,0.0,0.0,0.0,-12.1,329.46,25.0,0.0
2026-07-21T06:00:00Z,15.4,49.6,0.0,8.2,12.3,0.0,0.0,0.0,-15.8,343.4,45.0,0.0
2026-07-21T07:00:00Z,13.7,44.2,0.0,9.1,14.9,0.0,0.0,0.0,-17.31,357.96,40.0,0.0
2026-07-21T08:00:00Z,11.2,22.0,0.0,4.8,8.1,0.0,0.0,0.0,-16.46,12.6,50.0,0.0
2026-07-21T09:00:00Z,11.9,48.2,0.0,5.7,10.3,0.0,0.0,0.0,-13.36,26.76,70.0,0.0
2026-07-21T10:00:00Z,14.8,49.7,0.0,6.7,11.9,0.0,0.0,0.0,-8.28,40.08,0.0,0.0
2026-07-21T11:00:00Z,12.5,27.5,0.0,8.0,12.1,0.0,0.0,0.0,-1.62,52.48,65.0,0.0
2026-07-21T12:00:00Z,11.7,37.9,0.0,10.6,18.5,45.4,166.4,27.4,6.22,64.14,15.0,0.1748
2026-07-21T13:00:00Z,11.6,31.4,0.0,7.3,10.9,175.9,356.1,84.5,14.87,75.39,60.0,0.4431
2026-07-21T14:00:00Z,12.5,44.0,0.0,8.5,11.2,326.9,352.9,183.5,23.97,86.74,20.0,1.9697
2026-07-21T15:00:00Z,13.8,34.2,0.0,5.8,9.6,500.2,482.2,236.4,33.17,98.83,20.0,3.0695
2026-07-21T16:00:00Z,17.5,54.4,0.0,4.7,6.2,599.5,332.6,376.8,42.04,112.61,40.0,3.4875
2026-07-21T17:00:00Z,16.4,52.0,0.0,6.5,10.1,720.1,368.0,438.4,49.95,129.39,50.0,3.8369
2026-07-21T18:00:00Z,19.7,41.4,0.0,8.0,11.7,831.7,477.6,436.3,55.89,150.62,20.0,5.1064
2026-07-21T19:00:00Z,20.9,37.3,0.0,6.9,12.3,873.0,522.8,427.1,58.54,176.25,0.0,4.9419
2026-07-21T20:00:00Z,23.8,47.6,0.0,7.1,12.7,825.0,418.9,473.7,57.0,202.58,60.0,4.3559
2026-07-21T21:00:00Z,23.6,50.2,0.0,8.9,14.2,752.0,387.7,447.2,51.83,225.16,75.0,3.4793
2026-07-21T22:00:00Z,21.8,53.9,0.0,10.4,14.6,635.0,341.4,396.4,44.34,243.04,20.0,3.9363
2026-07-21T23:00:00Z,23.2,33.7,0.0,4.8,7.2,543.7,497.0,254.0,35.65,257.49,60.0,2.6682
2026-07-22T00:00:00Z,22.9,30.9,0.0,2.6,3.6,383.5,472.4,172.8,26.48,269.94,65.0,1.4081
2026-07-22T01:00:00Z,21.7,41.4,0.0,3.8,6.7,213.0,319.7,117.9,17.3,281.41,70.0,0.5931
2026-07-22T02:00:00Z,20.1,39.4,0.0,3.4,4.6,74.1,209.6,43.2,8.48,292.63,25.0,0.2694
2026-07-22T03:00:00Z,19.2,28.8,0.0,2.1,3.4,1.0,19.9,0.9,0.36,304.13,30.0,0.0057
2026-07-22T04:00:00Z,18.8,28.6,0.0,2.1,3.4,0.0,0.0,0.0,-6.69,316.31,60.0,0.0
2026-07-22T05:00:00Z,16.4,37.1,0.0,2.7,4.3,0.0,0.0,0.0,-12.27,329.38,40.0,0.0
2026-07-22T06:00:00Z,15.8,34.4,0.0,3.3,5.2,0.0,0.0,0.0,-15.99,343.35,5.0,0.0
2026-07-22T07:00:00Z,13.3,20.0,0.0,3.1,5.0,0.0,0.0,0.0,-17.5,357.94,65.0,0.0
2026-07-22T08:00:00Z,11.2,32.5,0.0,3.7,5.5,0.0,0.0,0.0,-16.65,12.61,60.0,0.0
2026-07-22T09:00:00Z,10.6,54.0,0.0,2.1,3.3,0.0,0.0,0.0,-13.55,26.8,0.0,0.0
2026-07-22T10:00:00Z,12.4,46.6,0.0,3.2,5.3,0.0,0.0,0.0,-8.46,40.15,85.0,0.0
2026-07-22T11:00:00Z,11.6,41.6,0.0,3.2,4.4,0.0,0.0,0.0,-1.79,52.57,45.0,0.0
2026-07-22T12:00:00Z,12.2,43.2,0.0,2.4,3.6,42.8,146.0,27.4,6.06,64.24,65.0,0.146
2026-07-22T13:00:00Z,10.8,33.5,0.0,1.9,3.3,172.5,340.8,86.0,14.71,75.51,0.0,1.112
2026-07-22T14:00:00Z,14.2,51.7,0.0,2.4,3.9,312.6,294.3,193.8,23.81,86.86,65.0,1.2237
2026-07-22T15:00:00Z,16.2,26.0,0.0,3.8,5.2,503.4,554.0,201.6,33.01,98.97,20.0,3.1496
2026-07-22T16:00:00Z,16.1,49.9,0.0,3.0,4.0,613.0,371.8,364.8,41.88,112.76,0.0,3.8371
2026-07-22T17:00:00Z,16.9,45.8,0.0,1.9,2.9,740.1,425.7,415.1,49.77,129.53,45.0,4.2313
2026-07-22T18:00:00Z,18.4,43.5,0.0,2.4,3.4,823.7,457.6,445.7,55.7,150.71,30.0,5.0118
2026-07-22T19:00:00Z,22.6,19.1,0.0,2.4,3.4,891.7,708.7,288.5,58.34,176.23,25.0,5.3194
2026-07-22T20:00:00Z,23.0,42.5,0.0,2.9,4.4,840.0,468.6,447.8,56.82,202.47,90.0,3.1459
2026-07-22T21:00:00Z,23.8,39.4,0.0,3.1,4.3,782.5,490.2,398.0,51.66,224.99,80.0,3.1674
2026-07-22T22:00:00Z,22.9,14.0,0.0,3.6,6.1,695.9,720.1,194.0,44.19,242.86,20.0,4.3825
2026-07-22T23:00:00Z,23.4,12.5,0.0,2.9,4.2,551.2,693.4,148.4,35.51,257.33,90.0,1.4881
2026-07-23T00:00:00Z,21.6,43.0,0.0,16.8,28.6,369.8,374.1,203.8,26.35,269.79,55.0,1.7337
2026-07-23T01:00:00Z,20.9,34.7,0.0,23.8,40.6,214.2,362.6,107.2,17.16,281.27,60.0,0.5761
2026-07-23T02:00:00Z,18.8,53.0,0.0,24.5,34.6,68.0,152.6,45.9,8.33,292.5,65.0,0.2319
2026-07-23T03:00:00Z,17.3,51.9,0.0,15.9,21.8,0.5,10.6,0.5,0.2,304.02,20.0,0.003
2026-07-23T04:00:00Z,17.8,47.6,0.0,21.1,31.6,0.0,0.0,0.0,-6.86,316.2,20.0,0.0
2026-07-23T05:00:00Z,16.3,32.4,0.0,22.6,39.4,0.0,0.0,0.0,-12.45,329.3,80.0,0.0
2026-07-23T06:00:00Z,15.3,63.9,0.0,23.3,36.1,0.0,0.0,0.0,-16.18,343.3,50.0,0.0
2026-07-23T07:00:00Z,14.2,54.1,0.0,14.3,21.8,0.0,0.0,0.0,-17.69,357.92,5.0,0.0
2026-07-23T08:00:00Z,13.3,28.6,0.0,17.3,25.9,0.0,0.0,0.0,-16.85,12.62,75.0,0.0
2026-07-23T09:00:00Z,12.3,53.4,0.0,13.1,22.3,0.0,0.0,0.0,-13.74,26.85,90.0,0.0
2026-07-23T10:00:00Z,9.8,49.0,0.0,18.8,29.4,0.0,0.0,0.0,-8.65,40.22,60.0,0.0
2026-07-23T11:00:00Z,12.8,52.7,0.0,21.6,37.9,0.0,0.0,0.0,-1.97,52.66,5.0,0.0
2026-07-23T12:00:00Z,8.8,64.1,0.0,27.6,39.8,35.7,82.1,27.3,5.89,64.35,50.0,0.158
2026-07-23T13:00:00Z,13.5,30.9,0.0,20.0,36.0,170.7,354.9,81.5,14.55,75.63,25.0,0.8573
2026-07-23T14:00:00Z,13.2,49.2,0.0,22.7,30.8,314.1,312.1,188.9,23.66,87.0,60.0,1.3334
2026-07-23T15:00:00Z,15.0,48.5,0.0,27.9,37.5,472.2,358.0,278.0,32.85,99.11,60.0,2.3761
2026-07-23T16:00:00Z,18.7,26.1,0.0,17.4,23.4,651.6,592.1,257.6,41.71,112.9,5.0,3.9901
2026-07-23T17:00:00Z,16.0,56.0,0.0,23.9,33.9,697.4,331.2,445.2,49.59,129.67,15.0,4.214
2026-07-23T18:00:00Z,21.0,28.7,0.0,19.9,26.1,850.1,604.3,352.0,55.51,150.8,25.0,5.0801
2026-07-23T19:00:00Z,21.6,33.3,0.0,24.5,32.2,875.9,561.7,398.8,58.14,176.23,90.0,3.4207
2026-07-23T20:00:00Z,22.0,44.2,0.0,21.3,35.6,832.8,452.1,455.2,56.63,202.36,10.0,5.0112
2026-07-23T21:00:00Z,23.2,54.7,0.0,27.7,45.8,727.9,345.4,457.6,51.49,224.83,85.0,3.0673
2026-07-23T22:00:00Z,23.4,43.4,0.0,20.7,31.6,663.7,435.8,360.8,44.03,242.68,0.0,3.6154
2026-07-23T23:00:00Z,23.4,24.7,0.0,23.6,41.9,545.4,578.3,210.7,35.37,257.16,30.0,3.1241
2026-07-24T00:00:00Z,21.2,56.4,0.0,19.9,32.0,342.7,270.8,223.1,26.2,269.63,45.0,1.8027
2026-07-24T01:00:00Z,21.7,33.7,0.0,18.2,28.6,212.1,368.1,104.4,17.02,281.13,30.0,1.0
2026-07-24T02:00:00Z,18.1,35.7,0.0,19.0,30.3,70.6,218.8,39.5,8.18,292.37,90.0,0.1739
2026-07-24T03:00:00Z,18.7,36.1,0.0,14.4,23.7,0.1,12.6,0.1,0.04,303.9,85.0,0.0004
2026-07-24T04:00:00Z,17.9,18.9,0.0,21.8,37.9,0.0,0.0,0.0,-7.03,316.1,15.0,0.0
2026-07-24T05:00:00Z,14.0,45.4,0.0,18.7,26.0,0.0,0.0,0.0,-12.64,329.22,0.0,0.0
2026-07-24T06:00:00Z,14.6,31.7,0.0,12.4,17.4,0.0,0.0,0.0,-16.37,343.25,65.0,0.0
2026-07-24T07:00:00Z,13.1,23.6,0.0,11.2,20.2,0.0,0.0,0.0,-17.89,357.9,45.0,0.0
2026-07-24T08:00:00Z,13.0,19.3,0.0,20.2,26.8,0.0,0.0,0.0,-17.05,12.64,0.0,0.0
2026-07-24T09:00:00Z,12.4,27.3,0.0,20.2,29.6,0.0,0.0,0.0,-13.94,26.9,35.0,0.0
2026-07-24T10:00:00Z,12.3,26.6,0.0,11.9,16.3,0.0,0.0,0.0,-8.83,40.3,90.0,0.0
2026-07-24T11:00:00Z,11.6,30.2,0.0,14.6,24.0,0.0,0.0,0.0,-2.15,52.76,90.0,0.0
2026-07-24T12:00:00Z,10.6,48.9,0.0,12.6,17.1,38.1,121.9,25.9,5.72,64.46,50.0,0.155
2026-07-24T13:00:00Z,12.7,18.1,0.0,16.6,23.8,169.8,432.0,62.5,14.39,75.75,50.0,0.3915
2026-07-24T14:00:00Z,13.1,44.9,0.0,17.7,30.6,317.4,342.8,180.7,23.49,87.13,10.0,2.0627
2026-07-24T15:00:00Z,14.8,12.1,0.0,14.0,18.2,501.3,678.6,134.8,32.69,99.26,75.0,1.9316
2026-07-24T16:00:00Z,17.3,36.1,0.0,15.9,23.9,638.6,496.4,309.4,41.54,113.06,75.0,2.9054
2026-07-24T17:00:00Z,19.5,20.2,0.0,17.4,24.0,773.5,675.5,260.5,49.41,129.81,60.0,4.3443
2026-07-24T18:00:00Z,19.4,35.6,0.0,11.8,17.9,837.6,534.2,398.3,55.31,150.9,60.0,4.4813
2026-07-24T19:00:00Z,20.7,25.8,0.0,17.5,25.5,882.7,638.0,342.0,57.94,176.23,0.0,5.1322
2026-07-24T20:00:00Z,21.2,37.5,0.0,19.7,26.7,847.7,517.2,416.7,56.43,202.25,20.0,4.8812
2026-07-24T21:00:00Z,23.4,17.5,0.0,17.1,24.3,801.6,708.9,248.2,51.31,224.66,40.0,5.1677
2026-07-24T22:00:00Z,23.9,44.5,0.0,14.6,21.5,658.5,425.1,363.9,43.87,242.51,5.0,3.7106
2026-07-24T23:00:00Z,22.4,23.4,0.0,15.2,19.8,543.3,589.3,203.5,35.21,256.99,30.0,3.1154
2026-07-25T00:00:00Z,22.2,11.3,0.0,13.2,20.8,380.7,633.0,102.7,26.05,269.47,35.0,2.053
2026-07-25T01:00:00Z,22.5,22.3,0.0,21.6,31.0,212.5,443.0,84.0,16.86,280.98,55.0,0.5267
2026-07-25T02:00:00Z,20.7,25.9,0.0,14.9,19.4,69.5,255.4,33.9,8.02,292.24,80.0,0.1652
2026-07-25T03:00:00Z,20.0,1.7,0.0,22.4,32.7,0.0,0.0,0.0,-0.13,303.78,45.0,0.0
2026-07-25T04:00:00Z,18.6,38.5,0.0,21.7,29.6,0.0,0.0,0.0,-7.21,316.0,75.0,0.0
2026-07-25T05:00:00Z,17.7,10.2,0.0,13.4,20.1,0.0,0.0,0.0,-12.83,329.14,90.0,0.0
2026-07-25T06:00:00Z,15.1,25.6,0.0,21.5,28.7,0.0,0.0,0.0,-16.57,343.2,40.0,0.0
2026-07-25T07:00:00Z,14.8,34.2,0.0,19.5,25.8,0.0,0.0,0.0,-18.1,357.89,15.0,0.0
2026-07-25T08:00:00Z,11.0,9.1,0.0,20.0,35.8,0.0,0.0,0.0,-17.26,12.67,50.0,0.0
2026-07-25T09:00:00Z,10.7,10.6,0.0,16.2,28.5,0.0,0.0,0.0,-14.14,26.96,90.0,0.0
2026-07-25T10:00:00Z,11.2,33.7,0.0,17.7,30.2,0.0,0.0,0.0,-9.03,40.38,75.0,0.0
2026-07-25T11:00:00Z,11.1,9.3,0.0,20.0,28.5,0.0,0.0,0.0,-2.33,52.86,15.0,0.0
2026-07-25T12:00:00Z,11.0,16.4,0.0,26.0,36.7,38.8,213.8,18.1,5.55,64.58,25.0,0.1213
2026-07-25T13:00:00Z,13.6,21.7,0.0,23.0,39.1,166.6,406.4,66.8,14.22,75.88,45.0,0.4246
2026-07-25T14:00:00Z,14.1,13.6,0.0,15.1,20.0,330.6,587.0,98.1,23.33,87.28,15.0,1.8927
2026-07-25T15:00:00Z,15.8,0,0.0,18.0,31.0,498.7,791.3,73.2,32.53,99.41,15.0,3.1865
2026-07-25T16:00:00Z,18.0,6.4,0.0,18.9,27.0,651.1,784.6,132.5,41.37,113.22,50.0,3.7688
2026-07-25T17:00:00Z,19.1,20.4,0.0,19.2,32.7,770.7,672.6,261.3,49.23,129.96,30.0,5.0105
2026-07-25T18:00:00Z,19.4,48.3,0.0,13.7,24.4,800.4,410.6,463.6,55.11,151.0,90.0,3.3435
2026-07-25T19:00:00Z,22.1,0,0.0,11.2,18.9,886.9,912.8,115.1,57.73,176.23,20.0,5.6239
2026-07-25T20:00:00Z,21.8,0.5,0.0,13.5,23.6,868.4,903.0,117.8,56.23,202.14,75.0,4.597
2026-07-25T21:00:00Z,24.5,24.1,0.0,19.5,28.0,795.8,640.5,297.1,51.13,224.5,25.0,4.8762
2026-07-25T22:00:00Z,22.8,21.3,0.0,16.2,28.4,686.2,646.4,239.6,43.7,242.33,5.0,4.173
2026-07-25T23:00:00Z,24.6,8.6,0.0,17.9,29.7,543.4,727.2,125.7,35.05,256.82,0.0,3.225
2026-07-26T00:00:00Z,24.0,8.9,0.0,57.0,82.6,377.9,652.1,93.1,25.9,269.31,90.0,0.5711
2026-07-26T01:00:00Z,22.3,27.3,0.0,39.1,65.9,208.8,406.9,91.8,16.71,280.83,55.0,0.5845
2026-07-26T02:00:00Z,22.2,0,0.0,62.2,93.1,67.8,359.9,18.6,7.86,292.1,35.0,0.1145
2026-07-26T03:00:00Z,19.6,15.0,0.0,58.3,86.3,0.0,0.0,0.0,-0.3,303.66,30.0,0.0
2026-07-26T04:00:00Z,19.4,21.8,0.0,57.8,85.0,0.0,0.0,0.0,-7.4,315.9,85.0,0.0
2026-07-26T05:00:00Z,16.4,22.2,0.0,43.5,60.0,0.0,0.0,0.0,-13.03,329.06,70.0,0.0
2026-07-26T06:00:00Z,14.4,15.9,0.0,47.0,62.7,0.0,0.0,0.0,-16.78,343.15,90.0,0.0
2026-07-26T07:00:00Z,13.6,9.3,0.0,62.2,109.6,0.0,0.0,0.0,-18.31,357.88,10.0,0.0
2026-07-26T08:00:00Z,11.8,22.1,0.0,43.8,70.5,0.0,0.0,0.0,-17.47,12.69,20.0,0.0
2026-07-26T09:00:00Z,10.7,21.7,0.0,51.8,85.2,0.0,0.0,0.0,-14.34,27.02,15.0,0.0
2026-07-26T10:00:00Z,12.6,19.6,0.0,52.9,87.6,0.0,0.0,0.0,-9.22,40.47,80.0,0.0
2026-07-26T11:00:00Z,10.3,15.0,0.0,49.1,66.6,0.0,0.0,0.0,-2.51,52.97,5.0,0.0
2026-07-26T12:00:00Z,11.4,26.4,0.0,39.9,60.2,36.6,178.1,19.9,5.37,64.7,75.0,0.1027
2026-07-26T13:00:00Z,12.5,12.4,0.0,65.9,107.2,164.4,461.7,52.3,14.05,76.02,90.0,0.2739
2026-07-26T14:00:00Z,15.4,3.9,0.0,51.5,72.0,327.7,664.3,66.4,23.16,87.42,90.0,0.439
2026-07-26T15:00:00Z,15.4,1.7,0.0,55.3,95.7,495.6,773.4,81.7,32.36,99.57,30.0,3.1212
2026-07-26T16:00:00Z,18.8,15.7,0.0,54.2,70.9,647.3,691.2,192.1,41.19,113.39,70.0,3.0529
2026-07-26T17:00:00Z,19.2,13.4,0.0,43.2,67.4,769.9,743.6,208.4,49.04,130.12,60.0,4.3059
2026-07-26T18:00:00Z,19.9,11.7,0.0,66.5,99.3,851.1,779.1,213.6,54.9,151.11,0.0,4.8042
2026-07-26T19:00:00Z,22.9,20.9,0.0,65.5,89.1,881.0,688.4,300.3,57.51,176.24,55.0,5.1202
2026-07-26T20:00:00Z,22.7,11.4,0.0,44.4,62.9,865.4,785.0,214.4,56.02,202.04,55.0,5.0136
2026-07-26T21:00:00Z,24.9,22.8,0.0,48.1,80.7,794.0,653.7,286.4,50.94,224.33,65.0,4.3092
2026-07-26T22:00:00Z,24.0,17.7,0.0,52.9,86.1,684.8,680.6,216.0,43.53,242.15,30.0,3.9954
2026-07-26T23:00:00Z,21.8,37.8,0.0,40.5,53.9,525.8,457.9,263.9,34.89,256.64,45.0,2.9347
2026-07-27T00:00:00Z,21.3,35.8,0.0,9.8,17.4,366.4,427.2,180.9,25.73,269.15,85.0,0.9553
2026-07-27T01:00:00Z,21.9,37.7,0.0,9.7,13.8,202.2,336.7,106.3,16.54,280.68,45.0,0.7985
2026-07-27T02:00:00Z,19.0,56.4,0.0,7.2,12.1,58.5,130.7,41.0,7.69,291.96,35.0,0.2363
2026-07-27T03:00:00Z,18.0,46.1,0.0,9.0,15.8,0.0,0.0,0.0,-0.48,303.53,85.0,0.0
2026-07-27T04:00:00Z,17.6,53.6,0.0,10.2,13.9,0.0,0.0,0.0,-7.59,315.79,45.0,0.0
2026-07-27T05:00:00Z,16.2,48.3,0.0,7.7,13.4,0.0,0.0,0.0,-13.24,328.98,50.0,0.0
2026-07-27T06:00:00Z,15.3,32.8,0.0,9.8,14.8,0.0,0.0,0.0,-17.0,343.1,65.0,0.0
2026-07-27T07:00:00Z,12.9,75.3,0.0,9.8,13.3,0.0,0.0,0.0,-18.53,357.87,80.0,0.0
2026-07-27T08:00:00Z,11.7,25.9,0.0,6.5,9.5,0.0,0.0,0.0,-17.69,12.72,60.0,0.0
2026-07-27T09:00:00Z,13.8,50.3,0.0,10.2,15.7,0.0,0.0,0.0,-14.55,27.08,45.0,0.0
2026-07-27T10:00:00Z,12.5,32.7,0.0,11.0,15.4,0.0,0.0,0.0,-9.42,40.56,30.0,0.0
2026-07-27T11:00:00Z,12.0,49.7,0.0,8.1,11.7,0.0,0.0,0.0,-2.7,53.08,75.0,0.0
2026-07-27T12:00:00Z,11.3,54.1,0.0,9.3,16.5,31.7,97.8,22.8,5.19,64.83,0.0,0.2045
2026-07-27T13:00:00Z,13.2,41.4,0.0,9.0,14.4,155.5,283.2,87.6,13.88,76.16,70.0,0.4633
2026-07-27T14:00:00Z,16.1,16.7,0.0,13.0,18.6,324.0,558.4,105.9,23.0,87.58,70.0,0.9247
2026-07-27T15:00:00Z,16.8,43.4,0.0,9.7,14.4,470.9,398.2,258.8,32.19,99.74,30.0,2.9239
2026-07-27T16:00:00Z,17.8,45.1,0.0,8.9,12.3,613.0,412.6,342.2,41.02,113.56,10.0,3.775
2026-07-27T17:00:00Z,17.3,69.1,0.0,9.3,15.7,604.1,216.1,441.4,48.84,130.28,80.0,2.6434
2026-07-27T18:00:00Z,20.0,56.4,0.0,12.3,22.0,757.9,333.8,485.5,54.69,151.23,75.0,3.7199
2026-07-27T19:00:00Z,22.1,54.1,0.0,4.7,7.3,799.5,357.9,498.4,57.29,176.25,30.0,4.8682
2026-07-27T20:00:00Z,21.7,69.6,0.0,11.5,17.6,674.4,217.5,494.5,55.81,201.94,0.0,4.0422
2026-07-27T21:00:00Z,21.5,50.8,0.0,10.1,16.6,735.6,380.6,440.9,50.74,224.17,45.0,4.2921
2026-07-27T22:00:00Z,23.6,35.9,0.0,7.7,12.9,667.4,503.5,321.8,43.35,241.97,20.0,4.1313
2026-07-27T23:00:00Z,21.5,49.8,0.0,11.0,19.2,499.9,353.0,298.8,34.72,256.47,40.0,2.9137
2026-07-28T00:00:00Z,22.5,46.2,0.0,28.7,48.2,351.7,344.9,202.9,25.57,268.99,0.0,2.163
2026-07-28T01:00:00Z,21.6,40.8,0.0,20.0,29.2,197.4,314.4,108.8,16.37,280.53,90.0,0.4694
2026-07-28T02:00:00Z,19.8,75.1,5.0,26.0,40.4,45.3,65.5,36.7,7.51,291.83,55.0,0.1858
2026-07-28T03:00:00Z,19.3,29.4,0.0,28.6,42.8,0.0,0.0,0.0,-0.67,303.41,70.0,0.0
2026-07-28T04:00:00Z,17.5,51.1,0.0,27.4,38.4,0.0,0.0,0.0,-7.79,315.69,70.0,0.0
2026-07-28T05:00:00Z,17.5,42.8,0.0,31.1,54.4,0.0,0.0,0.0,-13.45,328.9,0.0,0.0
2026-07-28T06:00:00Z,12.3,46.2,0.0,17.0,27.1,0.0,0.0,0.0,-17.22,343.06,90.0,0.0
2026-07-28T07:00:00Z,12.5,39.8,0.0,30.3,46.2,0.0,0.0,0.0,-18.76,357.86,30.0,0.0
2026-07-28T08:00:00Z,11.5,58.1,0.0,31.4,48.4,0.0,0.0,0.0,-17.91,12.75,50.0,0.0
2026-07-28T09:00:00Z,13.5,56.7,0.0,20.9,35.5,0.0,0.0,0.0,-14.77,27.15,40.0,0.0
2026-07-28T10:00:00Z,12.0,34.9,0.0,18.3,31.9,0.0,0.0,0.0,-9.63,40.65,55.0,0.0
2026-07-28T11:00:00Z,12.3,54.8,0.0,24.0,35.3,0.0,0.0,0.0,-2.9,53.2,0.0,0.0
2026-07-28T12:00:00Z,11.1,27.8,0.0,28.9,43.7,32.6,162.8,18.4,5.01,64.96,0.0,0.2167
2026-07-28T13:00:00Z,14.1,8.8,0.0,22.0,33.1,158.5,477.7,45.4,13.7,76.31,90.0,0.2471
2026-07-28T14:00:00Z,13.4,40.8,0.0,24.9,41.2,310.1,369.1,166.9,22.82,87.74,25.0,1.8839
2026-07-28T15:00:00Z,16.3,50.0,0.0,23.6,34.0,454.7,343.0,272.9,32.01,99.91,0.0,2.7899
2026-07-28T16:00:00Z,17.4,30.4,0.0,26.2,42.4,633.8,547.5,275.8,40.83,113.74,65.0,3.3277
2026-07-28T17:00:00Z,18.4,36.8,0.0,28.4,40.8,745.6,508.9,363.6,48.65,130.45,80.0,3.297
2026-07-28T18:00:00Z,19.0,49.0,0.0,20.9,35.7,790.1,403.1,462.0,54.48,151.35,85.0,3.3309
2026-07-28T19:00:00Z,19.2,41.3,0.0,21.5,31.9,846.1,480.6,442.8,57.06,176.27,20.0,5.1347
2026-07-28T20:00:00Z,21.6,48.7,0.0,23.2,38.4,804.5,407.2,468.6,55.59,201.84,20.0,4.7179
2026-07-28T21:00:00Z,20.8,57.0,0.0,21.8,30.7,704.4,323.4,454.7,50.54,224.01,70.0,3.467
2026-07-28T22:00:00Z,23.6,36.7,0.0,24.4,32.6,663.4,495.8,324.2,43.16,241.79,60.0,3.5392
2026-07-28T23:00:00Z,23.0,50.6,0.0,30.5,53.8,494.8,345.7,298.8,34.54,256.29,25.0,3.0491
2026-07-29T00:00:00Z,21.0,46.7,0.0,49.9,89.1,348.0,339.9,202.2,25.39,268.82,5.0,2.104
2026-07-29T01:00:00Z,22.0,37.6,0.0,48.2,74.9,196.3,333.4,103.3,16.2,280.38,80.0,0.4753
2026-07-29T02:00:00Z,20.0,43.7,0.0,30.5,42.2,57.9,170.4,36.2,7.33,291.69,30.0,0.2207
2026-07-29T03:00:00Z,20.1,31.5,0.0,71.9,94.8,0.0,0.0,0.0,-0.86,303.29,90.0,0.0
2026-07-29T04:00:00Z,18.5,41.0,0.0,38.3,67.1,0.0,0.0,0.0,-7.99,315.58,25.0,0.0
2026-07-29T05:00:00Z,17.7,51.0,0.0,48.3,64.2,0.0,0.0,0.0,-13.66,328.82,15.0,0.0
2026-07-29T06:00:00Z,15.1,52.7,0.0,53.4,78.0,0.0,0.0,0.0,-17.44,343.01,40.0,0.0
2026-07-29T07:00:00Z,14.7,42.9,0.0,52.7,83.8,0.0,0.0,0.0,-18.99,357.85,30.0,0.0
2026-07-29T08:00:00Z,13.0,41.9,0.0,32.3,42.0,0.0,0.0,0.0,-18.14,12.79,25.0,0.0
2026-07-29T09:00:00Z,13.1,48.1,0.0,44.7,79.6,0.0,0.0,0.0,-14.99,27.22,90.0,0.0
2026-07-29T10:00:00Z,11.8,49.4,0.0,54.7,93.4,0.0,0.0,0.0,-9.84,40.76,90.0,0.0
2026-07-29T11:00:00Z,11.5,45.1,0.0,49.1,75.2,0.0,0.0,0.0,-3.09,53.32,45.0,0.0
2026-07-29T12:00:00Z,12.6,24.6,0.0,54.7,83.3,30.8,165.4,16.9,4.82,65.1,30.0,0.11
2026-07-29T13:00:00Z,13.9,41.4,0.0,49.1,74.2,149.8,278.7,84.6,13.52,76.46,20.0,0.799
2026-07-29T14:00:00Z,11.1,32.3,0.0,51.2,82.3,313.1,432.2,146.7,22.65,87.9,60.0,1.2856
2026-07-29T15:00:00Z,14.3,25.6,0.0,58.1,103.4,482.8,551.0,192.1,31.84,100.09,55.0,2.6067
2026-07-29T16:00:00Z,15.3,50.4,0.0,64.8,85.8,592.7,364.7,355.1,40.65,113.92,0.0,3.5178
2026-07-29T17:00:00Z,17.7,49.5,0.0,46.5,83.2,709.6,388.9,418.6,48.45,130.63,30.0,4.0557
2026-07-29T18:00:00Z,19.8,36.7,0.0,71.3,119.5,822.2,521.6,398.8,54.26,151.48,45.0,4.9925
2026-07-29T19:00:00Z,21.0,38.3,0.0,49.3,86.1,850.7,509.5,424.2,56.83,176.29,55.0,4.8608
2026-07-29T20:00:00Z,21.4,37.0,0.0,48.8,75.0,835.5,520.5,407.3,55.36,201.74,45.0,4.8953
2026-07-29T21:00:00Z,21.3,58.5,0.0,57.0,76.1,693.7,309.7,455.3,50.33,223.84,90.0,2.6539
2026-07-29T22:00:00Z,22.2,41.0,0.0,56.0,100.1,652.7,455.2,342.4,42.97,241.61,90.0,2.3083
2026-07-29T23:00:00Z,22.1,63.3,0.0,62.9,102.5,447.2,242.0,310.6,34.36,256.12,5.0,2.7406
2026-07-30T00:00:00Z,23.1,52.6,0.0,17.6,25.0,334.6,294.6,209.1,25.22,268.66,85.0,0.9861
2026-07-30T01:00:00Z,19.9,67.7,0.0,18.1,24.8,159.0,150.4,117.5,16.02,280.23,65.0,0.6226
2026-07-30T02:00:00Z,19.1,81.3,0.0,17.1,24.8,36.6,44.3,31.1,7.14,291.55,60.0,0.1672
2026-07-30T03:00:00Z,20.1,38.0,0.0,23.5,33.6,0.0,0.0,0.0,-1.06,303.16,85.0,0.0
2026-07-30T04:00:00Z,18.4,53.8,0.0,19.5,34.2,0.0,0.0,0.0,-8.2,315.48,55.0,0.0
2026-07-30T05:00:00Z,15.9,44.4,0.0,13.8,20.1,0.0,0.0,0.0,-13.88,328.74,40.0,0.0
2026-07-30T06:00:00Z,14.4,71.2,0.0,21.0,35.9,0.0,0.0,0.0,-17.67,342.97,55.0,0.0
2026-07-30T07:00:00Z,14.3,45.6,0.0,20.4,31.3,0.0,0.0,0.0,-19.22,357.85,90.0,0.0
2026-07-30T08:00:00Z,11.1,53.7,0.0,20.7,27.2,0.0,0.0,0.0,-18.37,12.83,45.0,0.0
2026-07-30T09:00:00Z,13.0,61.5,0.0,20.0,30.7,0.0,0.0,0.0,-15.21,27.3,45.0,0.0
2026-07-30T10:00:00Z,11.2,67.1,0.0,13.1,19.0,0.0,0.0,0.0,-10.05,40.86,35.0,0.0
2026-07-30T11:00:00Z,11.5,62.0,0.0,19.1,31.1,0.0,0.0,0.0,-3.29,53.45,75.0,0.0
2026-07-30T12:00:00Z,9.9,79.6,0.0,14.2,24.8,19.0,33.1,16.3,4.64,65.24,30.0,0.1082
2026-07-30T13:00:00Z,11.7,43.5,0.0,21.3,34.0,145.8,264.3,84.8,13.34,76.62,90.0,0.3621
2026-07-30T14:00:00Z,13.9,54.2,0.0,18.7,33.3,285.6,269.7,182.5,22.47,88.07,30.0,1.6813
2026-07-30T15:00:00Z,14.5,41.6,0.0,18.9,32.7,464.8,411.5,248.8,31.66,100.27,50.0,2.525
2026-07-30T16:00:00Z,16.6,62.8,0.0,18.7,30.5,538.1,257.8,370.8,40.46,114.11,40.0,3.0477
2026-07-30T17:00:00Z,17.4,66.7,0.0,24.1,38.5,615.0,235.2,439.5,48.24,130.81,55.0,3.5366
2026-07-30T18:00:00Z,19.6,69.4,0.0,16.3,23.0,658.6,218.2,482.0,54.03,151.61,50.0,3.5976
2026-07-30T19:00:00Z,20.1,62.7,0.0,19.5,33.6,739.4,278.9,506.6,56.59,176.32,80.0,3.4533
2026-07-30T20:00:00Z,21.3,66.4,0.0,20.5,28.2,695.3,244.8,494.5,55.13,201.65,65.0,3.4542
2026-07-30T21:00:00Z,24.0,72.4,0.0,20.1,32.5,589.6,189.6,444.1,50.12,223.68,60.0,3.0122
2026-07-30T22:00:00Z,21.8,46.9,0.0,21.7,35.0,635.5,401.0,363.2,42.77,241.43,60.0,3.3251
2026-07-30T23:00:00Z,21.6,76.4,0.0,13.4,19.1,369.3,142.1,289.5,34.17,255.94,80.0,1.4961
2026-07-31T00:00:00Z,20.0,56.2,0.0,5.9,9.6,323.7,266.9,210.8,25.03,268.49,90.0,0.9033
2026-07-31T01:00:00Z,18.7,43.1,0.0,11.6,16.2,186.9,294.8,106.5,15.83,280.07,80.0,0.5193
2026-07-31T02:00:00Z,20.1,33.5,0.0,12.5,18.5,54.8,198.9,30.7,6.95,291.41,75.0,0.1542
2026-07-31T03:00:00Z,20.7,37.3,0.0,10.1,15.9,0.0,0.0,0.0,-1.26,303.04,70.0,0.0
2026-07-31T04:00:00Z,17.8,54.8,0.0,15.0,26.2,0.0,0.0,0.0,-8.42,315.37,90.0,0.0
2026-07-31T05:00:00Z,16.4,36.2,0.0,13.7,18.1,0.0,0.0,0.0,-14.11,328.66,80.0,0.0
2026-07-31T06:00:00Z,15.6,45.2,0.0,15.8,21.5,0.0,0.0,0.0,-17.91,342.93,25.0,0.0
2026-07-31T07:00:00Z,13.9,36.2,0.0,12.0,19.8,0.0,0.0,0.0,-19.46,357.85,75.0,0.0
2026-07-31T08:00:00Z,10.5,32.9,0.0,9.7,13.8,0.0,0.0,0.0,-18.61,12.87,5.0,0.0
2026-07-31T09:00:00Z,11.8,42.5,0.0,10.5,15.8,0.0,0.0,0.0,-15.44,27.38,30.0,0.0
2026-07-31T10:00:00Z,12.6,34.3,0.0,12.3,21.1,0.0,0.0,0.0,-10.26,40.97,40.0,0.0
2026-07-31T11:00:00Z,11.7,41.1,0.0,7.6,12.8,0.0,0.0,0.0,-3.49,53.58,60.0,0.0
2026-07-31T12:00:00Z,12.2,16.1,0.0,10.5,15.5,27.1,173.4,13.7,4.45,65.39,30.0,0.0895
2026-07-31T13:00:00Z,12.0,30.3,0.0,9.9,14.2,147.6,337.7,70.7,13.16,76.78,45.0,0.4
2026-07-31T14:00:00Z,13.0,40.0,0.0,11.7,19.3,301.4,371.3,160.5,22.29,88.25,25.0,1.7319
2026-07-31T15:00:00Z,14.3,39.1,0.0,11.5,17.1,465.0,431.9,239.5,31.48,100.45,45.0,2.651
2026-07-31T16:00:00Z,16.2,56.0,0.0,14.6,19.9,566.6,314.4,363.4,40.27,114.3,55.0,3.2011
2026-07-31T17:00:00Z,20.3,21.7,0.0,7.7,10.4,752.6,656.6,264.4,48.04,131.0,5.0,4.6175
2026-07-31T18:00:00Z,19.8,52.6,0.0,10.0,17.7,766.6,368.3,469.4,53.81,151.75,55.0,4.4154
2026-07-31T19:00:00Z,21.0,55.9,0.0,12.2,20.7,779.5,340.1,496.4,56.35,176.35,80.0,3.4888
2026-07-31T20:00:00Z,21.5,41.0,0.0,13.6,19.2,820.6,480.1,427.8,54.89,201.56,70.0,4.1002
2026-07-31T21:00:00Z,21.7,35.7,0.0,12.3,20.4,765.3,522.3,365.8,49.9,223.53,60.0,4.0009
2026-07-31T22:00:00Z,23.0,63.7,0.0,11.1,14.9,561.9,253.2,390.6,42.57,241.25,10.0,3.1656
2026-07-31T23:00:00Z,21.8,44.1,0.0,14.9,21.7,500.2,399.2,277.1,33.98,255.76,70.0,2.2391
2026-08-01T00:00:00Z,23.3,29.1,0.0,16.9,23.0,354.5,474.6,155.1,24.84,268.32,45.0,1.8451
2026-08-01T01:00:00Z,21.9,27.8,0.0,9.6,16.6,190.0,389.6,85.0,15.64,279.92,90.0,0.4055
2026-08-01T02:00:00Z,21.5,13.5,0.0,12.8,18.7,53.2,266.0,21.9,6.75,291.26,25.0,0.132
2026-08-01T03:00:00Z,17.0,36.2,0.0,16.3,21.3,0.0,0.0,0.0,-1.47,302.91,90.0,0.0
2026-08-01T04:00:00Z,17.4,0,0.0,13.4,18.9,0.0,0.0,0.0,-8.64,315.27,60.0,0.0
2026-08-01T05:00:00Z,15.3,30.4,0.0,14.5,24.5,0.0,0.0,0.0,-14.34,328.59,5.0,0.0
2026-08-01T06:00:00Z,13.4,21.3,0.0,16.2,23.7,0.0,0.0,0.0,-18.15,342.89,70.0,0.0
2026-08-01T07:00:00Z,13.8,10.9,0.0,11.7,20.1,0.0,0.0,0.0,-19.71,357.85,40.0,0.0
2026-08-01T08:00:00Z,13.3,38.5,0.0,16.7,26.8,0.0,0.0,0.0,-18.85,12.92,20.0,0.0
2026-08-01T09:00:00Z,10.6,33.5,0.0,11.5,17.0,0.0,0.0,0.0,-15.67,27.46,40.0,0.0
2026-08-01T10:00:00Z,12.5,27.2,0.0,10.9,15.6,0.0,0.0,0.0,-10.48,41.08,65.0,0.0
2026-08-01T11:00:00Z,12.4,24.0,0.0,7.6,10.2,0.0,0.0,0.0,-3.7,53.71,85.0,0.0
2026-08-01T12:00:00Z,9.8,52.2,0.0,12.7,18.5,23.2,84.4,16.9,4.25,65.54,75.0,0.0821
2026-08-01T13:00:00Z,12.0,22.8,0.0,11.2,19.9,145.7,378.0,60.8,12.98,76.94,40.0,0.4483
2026-08-01T14:00:00Z,14.1,20.5,0.0,12.1,17.8,307.4,519.0,112.0,22.11,88.43,55.0,1.2635
2026-08-01T15:00:00Z,14.5,29.4,0.0,11.9,18.2,470.9,514.6,203.6,31.29,100.65,70.0,2.0645
2026-08-01T16:00:00Z,14.3,36.0,0.0,15.1,20.8,615.1,493.2,297.6,40.08,114.5,80.0,2.7579
2026-08-01T17:00:00Z,16.9,15.5,0.0,13.2,20.9,751.6,718.1,219.4,47.83,131.19,5.0,4.5592
2026-08-01T18:00:00Z,21.8,10.9,0.0,15.1,22.9,833.6,784.4,202.5,53.57,151.89,60.0,4.7573
2026-08-01T19:00:00Z,22.2,13.8,0.0,14.7,20.5,866.1,759.9,235.3,56.1,176.38,40.0,5.0949
2026-08-01T20:00:00Z,22.7,28.4,0.0,7.5,13.2,839.4,605.0,345.9,54.65,201.47,35.0,5.0218
2026-08-01T21:00:00Z,22.7,15.5,0.0,18.0,30.9,778.7,724.1,226.7,49.67,223.37,25.0,5.0046
2026-08-01T22:00:00Z,21.5,29.3,0.0,16.4,23.6,659.6,563.7,279.8,42.36,241.07,55.0,3.5533
2026-08-01T23:00:00Z,22.5,25.4,0.0,12.9,22.3,517.3,563.5,204.0,33.78,255.58,15.0,3.0833
2026-08-02T00:00:00Z,22.1,38.2,0.0,25.0,35.2,344.9,401.7,177.4,24.65,268.15,0.0,2.1042
2026-08-02T01:00:00Z,20.5,30.9,0.0,23.8,31.9,185.8,367.1,88.1,15.44,279.76,55.0,0.5402
2026-08-02T02:00:00Z,20.2,18.5,0.0,22.1,32.6,50.5,241.2,23.0,6.54,291.12,55.0,0.1328
2026-08-02T03:00:00Z,20.1,9.6,0.0,31.6,51.4,0.0,0.0,0.0,-1.68,302.78,90.0,0.0
2026-08-02T04:00:00Z,19.8,0,0.0,33.1,54.3,0.0,0.0,0.0,-8.87,315.16,90.0,0.0
2026-08-02T05:00:00Z,16.1,5.3,0.0,25.4,35.3,0.0,0.0,0.0,-14.58,328.51,30.0,0.0
2026-08-02T06:00:00Z,14.7,9.9,0.0,25.3,40.9,0.0,0.0,0.0,-18.4,342.85,70.0,0.0
2026-08-02T07:00:00Z,12.8,0,0.0,14.9,21.2,0.0,0.0,0.0,-19.96,357.86,75.0,0.0
2026-08-02T08:00:00Z,11.6,21.4,0.0,20.9,28.2,0.0,0.0,0.0,-19.09,12.97,50.0,0.0
2026-08-02T09:00:00Z,12.9,39.5,0.0,21.7,36.4,0.0,0.0,0.0,-15.91,27.55,65.0,0.0
2026-08-02T10:00:00Z,12.1,19.7,0.0,29.5,52.8,0.0,0.0,0.0,-10.7,41.2,15.0,0.0
2026-08-02T11:00:00Z,12.2,0.0,0.0,22.0,37.2,0.0,0.0,0.0,-3.9,53.85,5.0,0.0
2026-08-02T12:00:00Z,11.5,19.7,0.0,25.3,41.5,23.4,150.0,12.8,4.06,65.7,75.0,0.0666
2026-08-02T13:00:00Z,13.5,28.9,0.0,24.4,39.0,141.7,339.5,66.6,12.79,77.12,45.0,0.4201
2026-08-02T14:00:00Z,14.6,21.2,0.0,20.8,32.6,303.9,511.6,112.8,21.93,88.61,15.0,1.8119
2026-08-02T15:00:00Z,15.0,0,0.0,19.2,34.1,473.1,779.7,70.3,31.11,100.84,50.0,2.5572
2026-08-02T16:00:00Z,17.0,27.9,0.0,23.3,40.9,620.2,567.4,256.4,39.88,114.71,85.0,2.5018
2026-08-02T17:00:00Z,17.6,19.7,0.0,20.1,33.1,747.2,675.2,248.5,47.61,131.39,60.0,4.4544
2026-08-02T18:00:00Z,19.9,17.9,0.0,15.4,21.4,829.0,710.0,259.5,53.34,152.04,75.0,4.3972
2026-08-02T19:00:00Z,22.3,16.2,0.0,22.1,29.9,862.3,733.8,255.0,55.85,176.42,90.0,3.6662
2026-08-02T20:00:00Z,23.2,16.6,0.0,20.5,31.5,843.5,726.0,253.2,54.4,201.39,80.0,4.4153
2026-08-02T21:00:00Z,22.5,27.3,0.0,21.0,28.4,769.3,604.0,310.4,49.44,223.21,25.0,4.7674
2026-08-02T22:00:00Z,24.6,13.1,0.0,25.2,45.3,663.3,720.9,179.6,42.15,240.89,45.0,4.3299
2026-08-02T23:00:00Z,23.4,17.4,0.0,18.4,33.0,516.3,635.4,164.9,33.58,255.4,5.0,3.1769
2026-08-03T00:00:00Z,20.7,60.2,0.0,9.6,16.5,304.3,235.9,206.7,24.44,267.98,50.0,1.4999
2026-08-03T01:00:00Z,22.4,52.6,0.0,9.3,15.8,169.3,231.7,108.4,15.24,279.6,5.0,1.0195
2026-08-03T02:00:00Z,20.3,56.7,0.0,10.8,17.2,42.8,109.6,30.7,6.33,290.98,55.0,0.169
2026-08-03T03:00:00Z,17.9,43.7,0.0,12.0,21.5,0.0,0.0,0.0,-1.9,302.66,5.0,0.0
2026-08-03T04:00:00Z,16.3,45.4,0.0,16.2,26.4,0.0,0.0,0.0,-9.1,315.06,40.0,0.0
2026-08-03T05:00:00Z,16.0,60.6,0.0,12.9,22.4,0.0,0.0,0.0,-14.83,328.43,15.0,0.0
2026-08-03T06:00:00Z,15.0,58.1,0.0,10.2,17.4,0.0,0.0,0.0,-18.65,342.81,40.0,0.0
2026-08-03T07:00:00Z,14.6,55.5,0.0,11.5,18.4,0.0,0.0,0.0,-20.21,357.87,20.0,0.0
2026-08-03T08:00:00Z,11.9,38.0,0.0,10.0,14.1,0.0,0.0,0.0,-19.34,13.02,35.0,0.0
2026-08-03T09:00:00Z,11.3,36.0,0.0,9.1,11.9,0.0,0.0,0.0,-16.14,27.64,30.0,0.0
2026-08-03T10:00:00Z,11.8,56.9,0.0,11.3,19.4,0.0,0.0,0.0,-10.93,41.33,40.0,0.0
2026-08-03T11:00:00Z,10.2,50.6,0.0,12.4,20.8,0.0,0.0,0.0,-4.11,54.0,35.0,0.0
2026-08-03T12:00:00Z,11.0,52.4,0.0,8.9,15.4,19.8,76.1,14.7,3.86,65.86,0.0,0.124
2026-08-03T13:00:00Z,10.7,32.9,0.0,11.7,15.3,137.7,313.6,69.3,12.6,77.29,55.0,0.3965
2026-08-03T14:00:00Z,12.3,45.7,0.0,12.5,22.0,285.8,325.8,165.1,21.74,88.8,35.0,1.5638
2026-08-03T15:00:00Z,15.1,50.9,0.0,13.4,21.0,434.1,331.1,264.0,30.92,101.05,20.0,2.7661
2026-08-03T16:00:00Z,17.5,64.5,0.0,7.3,10.6,518.1,242.7,363.1,39.68,114.92,25.0,3.0891
2026-08-03T17:00:00Z,19.1,35.8,0.0,7.7,11.7,729.0,515.2,349.8,47.39,131.59,70.0,3.7283
2026-08-03T18:00:00Z,21.8,37.7,0.0,8.7,12.3,805.0,509.1,397.9,53.1,152.19,40.0,4.7485
2026-08-03T19:00:00Z,19.7,51.8,0.0,12.2,22.0,791.4,377.7,479.8,55.6,176.47,30.0,4.854
2026-08-03T20:00:00Z,20.9,40.6,0.0,13.1,18.2,812.2,482.9,420.8,54.15,201.31,40.0,5.0923
2026-08-03T21:00:00Z,21.6,47.0,0.0,15.1,22.6,728.2,412.6,415.9,49.2,223.06,0.0,4.2163
2026-08-03T22:00:00Z,21.5,48.7,0.0,9.7,17.4,617.2,382.1,361.9,41.92,240.71,65.0,3.0404
2026-08-03T23:00:00Z,22.0,54.6,0.0,11.8,21.1,464.5,309.4,294.3,33.36,255.23,20.0,2.8195
2026-08-04T00:00:00Z,21.3,73.9,0.0,22.6,38.1,254.2,141.5,196.1,24.24,267.81,70.0,1.1048
2026-08-04T01:00:00Z,20.4,70.1,0.0,20.8,28.9,140.5,132.0,106.3,15.03,279.44,80.0,0.4875
2026-08-04T02:00:00Z,16.8,77.0,1.4,21.1,37.3,31.4,49.8,26.1,6.12,290.83,35.0,0.1554
2026-08-04T03:00:00Z,18.2,72.1,0.0,21.4,30.4,0.0,0.0,0.0,-2.13,302.53,50.0,0.0
2026-08-04T04:00:00Z,17.2,82.3,0.2,16.8,25.0,0.0,0.0,0.0,-9.34,314.95,30.0,0.0
2026-08-04T05:00:00Z,16.7,63.6,0.0,27.8,40.3,0.0,0.0,0.0,-15.07,328.36,45.0,0.0
2026-08-04T06:00:00Z,12.6,55.6,0.0,21.8,35.3,0.0,0.0,0.0,-18.91,342.77,80.0,0.0
2026-08-04T07:00:00Z,13.2,50.9,0.0,21.9,34.7,0.0,0.0,0.0,-20.47,357.88,25.0,0.0
2026-08-04T08:00:00Z,12.7,46.6,0.0,20.3,33.3,0.0,0.0,0.0,-19.6,13.08,70.0,0.0
2026-08-04T09:00:00Z,12.5,70.3,0.0,25.4,35.6,0.0,0.0,0.0,-16.39,27.74,35.0,0.0
2026-08-04T10:00:00Z,11.4,65.3,0.0,21.9,29.4,0.0,0.0,0.0,-11.16,41.45,70.0,0.0
2026-08-04T11:00:00Z,11.0,58.6,0.0,19.4,34.7,0.0,0.0,0.0,-4.33,54.15,85.0,0.0
2026-08-04T12:00:00Z,10.0,51.7,0.0,27.1,46.7,18.3,73.3,13.6,3.66,66.03,60.0,0.0726
2026-08-04T13:00:00Z,11.3,75.5,0.0,16.7,21.9,97.5,92.7,77.6,12.41,77.47,15.0,0.5974
2026-08-04T14:00:00Z,13.6,43.1,0.0,22.0,33.6,285.4,343.5,159.2,21.55,89.0,35.0,1.6039
2026-08-04T15:00:00Z,13.4,67.2,0.0,22.5,33.7,375.5,203.4,271.6,30.73,101.25,40.0,2.28
2026-08-04T16:00:00Z,16.3,68.9,0.0,20.0,28.1,488.6,206.4,357.4,39.48,115.14,30.0,3.0429
2026-08-04T17:00:00Z,17.8,57.0,0.0,22.4,35.5,660.3,318.3,426.9,47.17,131.8,60.0,3.7201
2026-08-04T18:00:00Z,19.6,55.2,0.0,20.5,26.9,742.4,342.7,469.2,52.85,152.35,5.0,4.4048
2026-08-04T19:00:00Z,20.1,56.8,0.0,26.6,34.7,763.3,331.2,490.9,55.34,176.51,30.0,4.7272
2026-08-04T20:00:00Z,20.3,70.7,0.0,20.7,34.9,645.2,206.9,478.0,53.89,201.24,90.0,2.6353
2026-08-04T21:00:00Z,21.2,79.6,0.0,15.7,23.7,504.3,131.6,405.0,48.96,222.91,70.0,2.3989
2026-08-04T22:00:00Z,23.5,55.6,0.0,31.9,44.3,589.5,321.0,376.0,41.7,240.54,40.0,3.5532
2026-08-04T23:00:00Z,19.1,85.7,0.0,16.4,21.7,283.1,76.9,241.1,33.15,255.05,35.0,1.756
2026-08-05T00:00:00Z,20.2,39.6,0.0,7.9,12.1,332.5,386.4,175.2,24.02,267.64,5.0,2.0956
2026-08-05T01:00:00Z,21.1,79.7,1.7,12.5,22.4,116.1,82.6,95.0,14.81,279.28,30.0,0.6169
2026-08-05T02:00:00Z,18.5,71.3,0.0,8.7,12.4,32.7,62.8,26.2,5.9,290.69,85.0,0.1087
2026-08-05T03:00:00Z,19.4,53.4,0.0,6.0,10.7,0.0,0.0,0.0,-2.36,302.4,60.0,0.0
2026-08-05T04:00:00Z,18.1,59.0,0.0,10.5,18.0,0.0,0.0,0.0,-9.58,314.84,10.0,0.0
2026-08-05T05:00:00Z,15.2,58.1,0.0,12.8,17.0,0.0,0.0,0.0,-15.33,328.28,65.0,0.0
2026-08-05T06:00:00Z,17.0,56.9,0.0,18.0,29.2,0.0,0.0,0.0,-19.17,342.74,35.0,0.0
2026-08-05T07:00:00Z,14.4,69.8,0.0,15.0,22.0,0.0,0.0,0.0,-20.73,357.89,20.0,0.0
2026-08-05T08:00:00Z,12.1,65.5,0.0,13.8,22.0,0.0,0.0,0.0,-19.86,13.14,10.0,0.0
2026-08-05T09:00:00Z,10.3,50.0,0.0,13.7,19.2,0.0,0.0,0.0,-16.63,27.84,80.0,0.0
2026-08-05T10:00:00Z,11.9,66.4,0.0,9.6,13.6,0.0,0.0,0.0,-11.39,41.59,0.0,0.0
2026-08-05T11:00:00Z,10.3,74.6,0.0,10.9,18.6,0.0,0.0,0.0,-4.54,54.3,50.0,0.0
2026-08-05T12:00:00Z,11.1,48.9,0.0,15.6,20.6,17.0,74.0,12.5,3.46,66.2,50.0,0.0722
2026-08-05T13:00:00Z,11.6,42.6,0.0,14.6,24.2,128.3,255.0,74.4,12.21,77.66,20.0,0.7277
2026-08-05T14:00:00Z,13.0,48.7,0.0,11.6,18.8,275.6,302.3,165.5,21.36,89.2,40.0,1.4958
2026-08-05T15:00:00Z,15.1,67.8,0.0,13.5,18.4,370.3,199.2,269.1,30.53,101.47,50.0,1.9732
2026-08-05T16:00:00Z,17.2,33.3,0.0,13.8,23.1,605.2,515.0,279.2,39.27,115.36,25.0,3.8669
2026-08-05T17:00:00Z,16.3,62.2,0.0,10.4,16.6,629.3,272.9,429.9,46.95,132.01,50.0,3.3821
2026-08-05T18:00:00Z,18.9,51.6,0.0,13.0,17.6,755.9,375.4,457.7,52.6,152.51,65.0,4.0399
2026-08-05T19:00:00Z,18.9,57.8,0.0,9.4,15.4,754.2,321.1,490.9,55.07,176.57,75.0,3.6168
2026-08-05T20:00:00Z,22.1,56.6,0.0,11.1,17.3,744.2,330.6,478.0,53.63,201.16,80.0,3.2916
2026-08-05T21:00:00Z,19.6,67.1,0.0,11.2,17.6,617.5,232.2,443.0,48.71,222.75,15.0,3.9986
2026-08-05T22:00:00Z,23.0,55.1,0.0,10.0,14.9,588.1,324.8,373.0,41.46,240.36,30.0,3.6408
2026-08-05T23:00:00Z,21.1,78.9,0.0,17.5,24.9,336.2,122.7,269.5,32.93,254.87,5.0,2.0155
2026-08-06T00:00:00Z,21.9,48.5,0.0,27.5,38.6,317.9,318.3,189.4,23.81,267.47,25.0,1.8762
2026-08-06T01:00:00Z,17.1,66.6,0.0,22.3,32.9,141.1,148.6,103.7,14.59,279.12,55.0,0.5851
2026-08-06T02:00:00Z,17.0,62.5,0.0,16.4,25.1,34.2,83.5,25.9,5.67,290.54,80.0,0.1163
2026-08-06T03:00:00Z,19.2,81.0,1.1,20.6,33.9,0.0,0.0,0.0,-2.6,302.27,55.0,0.0
2026-08-06T04:00:00Z,20.0,60.9,0.0,25.7,38.4,0.0,0.0,0.0,-9.83,314.74,20.0,0.0
2026-08-06T05:00:00Z,16.2,64.1,0.0,23.6,31.1,0.0,0.0,0.0,-15.59,328.21,50.0,0.0
2026-08-06T06:00:00Z,15.1,51.4,0.0,32.8,46.4,0.0,0.0,0.0,-19.44,342.71,80.0,0.0
2026-08-06T07:00:00Z,13.4,81.2,0.0,22.0,37.3,0.0,0.0,0.0,-21.0,357.91,60.0,0.0
2026-08-06T08:00:00Z,11.3,55.9,0.0,23.8,35.1,0.0,0.0,0.0,-20.12,13.2,65.0,0.0
2026-08-06T09:00:00Z,13.1,50.2,0.0,24.7,38.7,0.0,0.0,0.0,-16.88,27.95,55.0,0.0
2026-08-06T10:00:00Z,11.8,59.7,0.0,22.2,36.2,0.0,0.0,0.0,-11.62,41.72,45.0,0.0
2026-08-06T11:00:00Z,10.0,66.5,0.0,22.4,31.2,0.0,0.0,0.0,-4.76,54.46,20.0,0.0
2026-08-06T12:00:00Z,11.6,50.5,0.0,22.1,38.6,15.3,67.0,11.5,3.25,66.38,5.0,0.0865
2026-08-06T13:00:00Z,11.9,82.4,0.0,22.8,39.0,80.0,61.3,67.2,12.02,77.85,45.0,0.3846
2026-08-06T14:00:00Z,13.5,63.8,0.0,23.3,40.9,243.7,197.7,172.3,21.17,89.4,15.0,1.5542
2026-08-06T15:00:00Z,13.6,44.0,0.0,23.2,30.9,438.0,385.2,243.4,30.34,101.68,15.0,2.8425
2026-08-06T16:00:00Z,16.1,51.8,0.0,30.7,43.9,563.5,347.9,344.2,39.07,115.58,70.0,2.703
2026-08-06T17:00:00Z,18.5,63.5,0.0,21.1,30.0,618.2,261.3,428.0,46.72,132.23,45.0,3.702
2026-08-06T18:00:00Z,18.7,61.6,0.0,21.2,29.4,699.7,284.7,474.3,52.35,152.68,85.0,3.0267
2026-08-06T19:00:00Z,19.8,57.9,0.0,25.5,35.2,750.6,320.1,489.0,54.8,176.62,75.0,3.7557
2026-08-06T20:00:00Z,21.1,62.1,0.0,24.7,35.5,707.6,280.7,482.4,53.36,201.1,90.0,2.8677
2026-08-06T21:00:00Z,20.8,71.0,0.0,18.0,30.3,583.6,199.7,434.1,48.46,222.61,90.0,2.3713
2026-08-06T22:00:00Z,21.4,81.2,0.0,23.4,35.8,409.3,114.4,333.9,41.23,240.18,55.0,2.1922
2026-08-06T23:00:00Z,21.6,64.3,0.0,23.7,40.6,417.8,230.0,293.5,32.7,254.69,75.0,1.8256
2026-08-07T00:00:00Z,21.7,48.1,0.0,17.2,30.9,314.5,319.7,186.6,23.58,267.3,20.0,1.9442
2026-08-07T01:00:00Z,19.1,38.2,0.0,19.9,26.2,165.1,307.7,88.7,14.37,278.96,60.0,0.4691
2026-08-07T02:00:00Z,17.1,48.6,0.0,16.6,22.7,35.2,117.2,24.1,5.44,290.39,65.0,0.1198
2026-08-07T03:00:00Z,17.8,54.2,0.0,16.2,26.5,0.0,0.0,0.0,-2.84,302.14,85.0,0.0
2026-08-07T04:00:00Z,17.7,44.3,0.0,16.4,22.0,0.0,0.0,0.0,-10.08,314.63,90.0,0.0
2026-08-07T05:00:00Z,15.5,51.1,0.0,17.6,28.6,0.0,0.0,0.0,-15.85,328.14,55.0,0.0
2026-08-07T06:00:00Z,14.5,51.3,0.0,17.1,28.3,0.0,0.0,0.0,-19.71,342.67,85.0,0.0
2026-08-07T07:00:00Z,13.3,65.2,0.0,13.5,22.1,0.0,0.0,0.0,-21.28,357.92,15.0,0.0
2026-08-07T08:00:00Z,10.9,62.9,0.0,17.7,26.9,0.0,0.0,0.0,-20.39,13.27,75.0,0.0
2026-08-07T09:00:00Z,10.3,56.4,0.0,16.3,22.3,0.0,0.0,0.0,-17.14,28.06,60.0,0.0
2026-08-07T10:00:00Z,11.7,60.7,0.0,15.8,20.9,0.0,0.0,0.0,-11.86,41.87,70.0,0.0
2026-08-07T11:00:00Z,11.8,44.8,0.0,17.2,24.7,0.0,0.0,0.0,-4.98,54.63,5.0,0.0
2026-08-07T12:00:00Z,10.6,54.4,0.0,11.2,15.1,13.5,56.7,10.5,3.04,66.56,25.0,0.0657
2026-08-07T13:00:00Z,10.8,61.5,0.0,16.6,22.2,109.0,154.4,77.4,11.82,78.05,25.0,0.5787
2026-08-07T14:00:00Z,12.0,43.4,0.0,12.4,20.5,275.0,336.8,154.4,20.98,89.61,5.0,1.7895
2026-08-07T15:00:00Z,14.6,23.4,0.0,19.9,27.0,453.2,560.0,172.0,30.14,101.91,15.0,2.8392
2026-08-07T16:00:00Z,14.9,69.7,0.0,15.3,27.0,474.9,198.8,350.2,38.86,115.81,35.0,2.9283
2026-08-07T17:00:00Z,17.6,46.2,0.0,12.8,20.0,692.5,414.9,391.6,46.49,132.45,20.0,4.3407
2026-08-07T18:00:00Z,17.5,45.5,0.0,18.2,24.1,771.9,432.1,431.0,52.1,152.85,75.0,3.9681
2026-08-07T19:00:00Z,18.7,70.9,0.0,21.2,36.6,649.4,205.4,482.1,54.53,176.69,25.0,3.9907
2026-08-07T20:00:00Z,21.8,58.5,0.0,16.5,26.7,726.9,312.5,477.1,53.08,201.03,20.0,4.2897
2026-08-07T21:00:00Z,21.7,51.0,0.0,19.2,32.4,700.3,373.9,421.6,48.2,222.46,55.0,3.9281
2026-08-07T22:00:00Z,22.0,68.9,0.0,14.3,24.0,508.8,208.9,371.8,40.98,240.0,35.0,3.0519
2026-08-07T23:00:00Z,20.9,54.0,0.0,14.2,23.9,451.5,311.1,284.5,32.47,254.51,35.0,2.7248
2026-08-08T00:00:00Z,22.1,54.4,0.0,19.9,30.2,299.9,272.7,191.8,23.36,267.13,45.0,1.6158
2026-08-08T01:00:00Z,18.2,68.5,0.0,14.4,24.9,131.6,136.1,98.4,14.14,278.8,65.0,0.496
2026-08-08T02:00:00Z,21.0,49.2,0.0,18.8,28.4,32.6,110.7,22.6,5.2,290.25,20.0,0.1369
2026-08-08T03:00:00Z,21.2,53.9,0.0,14.6,25.1,0.0,0.0,0.0,-3.09,302.01,60.0,0.0
2026-08-08T04:00:00Z,18.6,53.6,0.0,11.9,17.0,0.0,0.0,0.0,-10.34,314.53,30.0,0.0
2026-08-08T05:00:00Z,14.6,91.6,1.1,9.0,14.5,0.0,0.0,0.0,-16.12,328.06,10.0,0.0
2026-08-08T06:00:00Z,14.7,59.2,0.0,12.6,18.8,0.0,0.0,0.0,-19.99,342.65,25.0,0.0
2026-08-08T07:00:00Z,12.3,57.5,0.0,16.2,24.2,0.0,0.0,0.0,-21.56,357.95,30.0,0.0
2026-08-08T08:00:00Z,12.3,86.0,0.0,16.0,27.4,0.0,0.0,0.0,-20.66,13.34,55.0,0.0
2026-08-08T09:00:00Z,13.5,63.4,0.0,19.8,32.2,0.0,0.0,0.0,-17.4,28.17,30.0,0.0
2026-08-08T10:00:00Z,10.0,71.1,0.0,19.2,27.5,0.0,0.0,0.0,-12.1,42.01,90.0,0.0
2026-08-08T11:00:00Z,10.8,72.7,0.0,12.1,18.7,0.0,0.0,0.0,-5.21,54.8,25.0,0.0
2026-08-08T12:00:00Z,10.8,61.8,0.0,14.8,22.8,11.4,42.5,9.3,2.83,66.75,20.0,0.0626
2026-08-08T13:00:00Z,11.6,61.3,0.0,9.1,15.1,106.6,153.7,75.6,11.62,78.25,0.0,0.7015
2026-08-08T14:00:00Z,12.6,76.3,0.0,16.0,24.2,199.1,118.1,157.2,20.78,89.82,65.0,0.947
2026-08-08T15:00:00Z,15.6,64.2,0.0,18.4,32.7,376.6,224.1,264.8,29.94,102.13,60.0,1.8904
2026-08-08T16:00:00Z,15.2,57.0,0.0,15.1,21.6,538.5,303.1,349.2,38.65,116.05,10.0,3.3691
2026-08-08T17:00:00Z,16.7,56.1,0.0,14.4,24.6,652.2,324.8,417.5,46.26,132.68,20.0,4.0897
2026-08-08T18:00:00Z,18.1,59.2,0.0,14.4,22.5,708.1,305.1,468.2,51.84,153.02,85.0,2.9645
2026-08-08T19:00:00Z,18.9,51.1,0.0,16.1,25.5,778.4,382.5,468.0,54.25,176.75,85.0,3.4122
2026-08-08T20:00:00Z,19.8,78.7,0.4,12.4,18.7,549.6,140.1,438.0,52.8,200.97,40.0,3.2111
2026-08-08T21:00:00Z,20.8,89.8,0.0,18.2,24.6,361.2,56.6,319.2,47.93,222.32,10.0,2.1691
2026-08-08T22:00:00Z,20.2,97.7,0.5,15.4,26.2,196.5,9.1,190.6,40.73,239.83,40.0,1.111
2026-08-08T23:00:00Z,20.9,79.4,0.0,13.1,20.9,324.2,118.3,261.1,32.23,254.33,0.0,2.0151
2026-08-09T00:00:00Z,19.2,95.0,4.6,4.7,7.8,120.6,18.9,113.2,23.12,266.95,5.0,0.7642
2026-08-09T01:00:00Z,19.0,88.8,2.3,6.6,11.4,81.0,39.1,71.6,13.9,278.64,45.0,0.4382
2026-08-09T02:00:00Z,18.9,79.8,5.2,8.7,12.9,21.1,34.9,18.1,4.96,290.1,5.0,0.1294
2026-08-09T03:00:00Z,19.0,75.2,1.1,9.8,14.9,0.0,0.0,0.0,-3.34,301.88,70.0,0.0
2026-08-09T04:00:00Z,18.9,77.9,1.0,6.7,9.5,0.0,0.0,0.0,-10.6,314.42,40.0,0.0
2026-08-09T05:00:00Z,17.2,100,0.0,9.0,12.7,0.0,0.0,0.0,-16.4,327.99,65.0,0.0
2026-08-09T06:00:00Z,14.6,63.6,0.0,6.6,11.4,0.0,0.0,0.0,-20.27,342.62,45.0,0.0
2026-08-09T07:00:00Z,13.0,77.3,0.0,8.0,11.6,0.0,0.0,0.0,-21.84,357.97,25.0,0.0
2026-08-09T08:00:00Z,10.6,64.7,0.0,8.3,11.6,0.0,0.0,0.0,-20.93,13.42,85.0,0.0
2026-08-09T09:00:00Z,13.8,72.4,0.0,10.4,16.8,0.0,0.0,0.0,-17.66,28.29,5.0,0.0
2026-08-09T10:00:00Z,12.5,86.9,0.0,6.1,10.4,0.0,0.0,0.0,-12.34,42.16,60.0,0.0
2026-08-09T11:00:00Z,11.2,62.2,0.0,8.4,14.5,0.0,0.0,0.0,-5.43,54.97,10.0,0.0
2026-08-09T12:00:00Z,7.1,100,0.0,9.1,13.8,3.0,0.0,3.0,2.62,66.94,75.0,0.014
2026-08-09T13:00:00Z,12.7,69.4,0.0,11.5,18.7,94.7,114.5,72.0,11.42,78.45,50.0,0.4066
2026-08-09T14:00:00Z,11.3,75.9,0.0,7.6,13.5,198.0,119.8,155.9,20.58,90.04,85.0,0.7039
2026-08-09T15:00:00Z,11.8,99.0,0.0,5.6,8.4,122.9,2.9,121.5,29.74,102.37,75.0,0.5612
2026-08-09T16:00:00Z,14.1,88.4,0.0,9.3,14.5,305.5,63.0,266.3,38.43,116.29,20.0,1.8476
2026-08-09T17:00:00Z,16.9,75.8,6.4,6.6,11.8,513.1,158.8,398.8,46.02,132.91,85.0,2.1832
2026-08-09T18:00:00Z,17.6,60.9,0.0,3.1,5.0,694.6,289.5,467.8,51.57,153.2,55.0,3.9667
2026-08-09T19:00:00Z,19.5,69.5,0.0,10.5,17.2,656.8,217.1,481.2,53.96,176.82,20.0,4.0624
2026-08-09T20:00:00Z,18.5,86.6,0.0,8.6,11.8,442.3,80.1,378.7,52.52,200.91,85.0,1.8186
2026-08-09T21:00:00Z,21.2,64.7,0.0,7.0,12.1,622.3,252.0,436.0,47.66,222.17,25.0,3.6398
2026-08-09T22:00:00Z,22.2,86.3,0.5,6.8,11.1,347.5,77.9,296.9,40.48,239.65,55.0,1.8592
2026-08-09T23:00:00Z,21.3,79.5,0.4,7.3,9.6,320.5,117.2,258.4,31.99,254.15,75.0,1.4558
2026-08-10T00:00:00Z,20.7,53.6,0.0,16.4,29.2,293.5,275.8,186.3,22.88,266.78,85.0,0.971
2026-08-10T01:00:00Z,21.4,70.1,0.0,19.0,25.7,122.5,125.0,93.0,13.66,278.48,35.0,0.6598
2026-08-10T02:00:00Z,18.2,63.7,0.0,16.5,22.7,25.0,67.2,19.5,4.72,289.95,15.0,0.1216
2026-08-10T03:00:00Z,18.2,55.5,0.0,20.5,35.0,0.0,0.0,0.0,-3.59,301.75,45.0,0.0
2026-08-10T04:00:00Z,17.9,44.5,0.0,12.2,19.1,0.0,0.0,0.0,-10.87,314.32,40.0,0.0
2026-08-10T05:00:00Z,15.3,58.4,0.0,18.5,26.0,0.0,0.0,0.0,-16.68,327.92,85.0,0.0
2026-08-10T06:00:00Z,11.9,58.3,0.0,20.7,36.5,0.0,0.0,0.0,-20.56,342.59,50.0,0.0
2026-08-10T07:00:00Z,12.5,38.2,0.0,12.1,16.5,0.0,0.0,0.0,-22.13,358.0,50.0,0.0
2026-08-10T08:00:00Z,13.3,47.4,0.0,20.7,27.3,0.0,0.0,0.0,-21.21,13.5,75.0,0.0
2026-08-10T09:00:00Z,10.3,47.8,0.0,14.2,23.8,0.0,0.0,0.0,-17.92,28.41,25.0,0.0
2026-08-10T10:00:00Z,11.0,43.2,0.0,10.7,15.9,0.0,0.0,0.0,-12.59,42.32,65.0,0.0
2026-08-10T11:00:00Z,13.5,45.4,0.0,18.7,29.2,0.0,0.0,0.0,-5.66,55.15,25.0,0.0
2026-08-10T12:00:00Z,11.3,60.2,0.0,14.0,20.3,9.1,37.8,7.5,2.41,67.13,25.0,0.048
2026-08-10T13:00:00Z,10.7,52.5,0.0,14.8,22.1,107.8,192.0,70.5,11.21,78.66,5.0,0.6942
2026-08-10T14:00:00Z,11.8,72.2,0.0,19.9,34.8,208.2,141.9,158.8,20.38,90.26,75.0,0.8001
2026-08-10T15:00:00Z,15.0,65.1,0.0,19.2,28.9,367.1,216.4,260.4,29.53,102.6,20.0,2.307
2026-08-10T16:00:00Z,14.8,40.7,0.0,18.4,32.8,577.0,443.4,302.7,38.21,116.53,60.0,3.3148
2026-08-10T17:00:00Z,17.1,61.5,0.0,15.3,23.8,618.0,277.1,419.4,45.78,133.14,80.0,2.778
2026-08-10T18:00:00Z,20.3,39.3,0.0,14.7,23.0,777.9,490.6,395.0,51.31,153.39,90.0,3.2575
2026-08-10T19:00:00Z,20.0,43.9,0.0,18.2,27.2,797.2,449.8,434.8,53.68,176.89,60.0,4.5726
2026-08-10T20:00:00Z,20.7,59.9,0.0,15.4,21.2,708.6,299.0,472.2,52.23,200.85,5.0,4.3874
2026-08-10T21:00:00Z,23.6,28.2,0.0,13.7,20.4,738.4,589.5,304.6,47.39,222.03,5.0,4.4207
2026-08-10T22:00:00Z,19.4,56.1,0.0,20.2,32.3,565.8,314.2,362.9,40.22,239.48,85.0,2.3135
2026-08-10T23:00:00Z,22.2,51.8,0.0,21.5,28.1,445.6,326.8,273.7,31.74,253.97,40.0,2.6473
2026-08-11T00:00:00Z,19.9,43.1,0.0,14.3,21.2,304.4,350.7,169.4,22.64,266.61,85.0,0.9389
2026-08-11T01:00:00Z,20.4,23.8,0.0,11.8,16.6,152.9,380.1,64.7,13.42,278.32,25.0,0.7481
2026-08-11T02:00:00Z,20.1,63.8,0.0,16.4,26.3,22.8,63.5,17.9,4.46,289.8,50.0,0.1011
2026-08-11T03:00:00Z,19.0,46.6,0.0,9.3,12.8,0.0,0.0,0.0,-3.86,301.62,60.0,0.0
2026-08-11T04:00:00Z,18.5,45.9,0.0,13.8,23.9,0.0,0.0,0.0,-11.14,314.21,20.0,0.0
2026-08-11T05:00:00Z,15.0,47.0,0.0,19.3,34.5,0.0,0.0,0.0,-16.96,327.85,15.0,0.0
2026-08-11T06:00:00Z,15.8,52.7,0.0,16.0,27.1,0.0,0.0,0.0,-20.85,342.57,60.0,0.0
2026-08-11T07:00:00Z,13.6,35.0,0.0,14.3,24.0,0.0,0.0,0.0,-22.42,358.03,40.0,0.0
2026-08-11T08:00:00Z,11.4,14.8,0.0,13.0,17.6,0.0,0.0,0.0,-21.5,13.58,75.0,0.0
2026-08-11T09:00:00Z,11.3,17.9,0.0,17.1,28.7,0.0,0.0,0.0,-18.19,28.54,25.0,0.0
2026-08-11T10:00:00Z,10.4,38.3,0.0,20.0,35.8,0.0,0.0,0.0,-12.83,42.48,55.0,0.0
2026-08-11T11:00:00Z,12.7,31.2,0.0,20.9,35.8,0.0,0.0,0.0,-5.89,55.34,65.0,0.0
2026-08-11T12:00:00Z,11.9,33.4,0.0,18.8,32.4,9.0,63.7,6.6,2.19,67.33,5.0,0.0467
2026-08-11T13:00:00Z,12.5,41.0,0.0,11.9,20.7,110.3,245.8,63.4,11.01,78.88,40.0,0.4105
2026-08-11T14:00:00Z,12.4,56.8,0.0,16.3,21.2,243.2,239.7,160.5,20.18,90.49,5.0,1.5823
2026-08-11T15:00:00Z,15.4,26.4,0.0,15.0,19.6,437.2,528.8,178.2,29.32,102.84,85.0,1.6937
2026-08-11T16:00:00Z,15.9,17.8,0.0,15.0,19.8,593.1,655.4,189.7,37.99,116.78,25.0,3.944
2026-08-11T17:00:00Z,18.1,38.9,0.0,16.9,23.7,696.0,481.1,352.6,45.54,133.38,65.0,4.0445
2026-08-11T18:00:00Z,21.8,12.0,0.0,8.3,14.4,798.7,764.5,204.3,51.04,153.57,0.0,4.5557
2026-08-11T19:00:00Z,20.6,33.7,0.0,16.1,26.4,815.9,549.1,375.2,53.38,176.97,45.0,5.1026
2026-08-11T20:00:00Z,22.2,42.5,0.0,18.2,23.9,778.6,460.7,415.9,51.94,200.8,80.0,3.7501
2026-08-11T21:00:00Z,21.8,50.8,0.0,19.9,30.6,686.2,374.3,412.0,47.11,221.9,50.0,4.1719
2026-08-11T22:00:00Z,22.2,39.2,0.0,18.1,32.2,608.2,463.4,310.6,39.96,239.31,25.0,3.9581
2026-08-11T23:00:00Z,20.4,37.1,0.0,19.3,25.6,467.5,448.8,233.1,31.48,253.79,30.0,2.8836
2026-08-12T00:00:00Z,19.9,49.3,0.0,5.4,9.6,292.3,304.0,176.5,22.39,266.44,80.0,1.0486
2026-08-12T01:00:00Z,19.7,46.9,0.0,7.8,13.3,141.1,243.5,85.6,13.17,278.16,10.0,0.8927
2026-08-12T02:00:00Z,19.9,37.8,0.0,4.6,6.2,24.2,114.6,15.8,4.21,289.66,55.0,0.085
2026-08-12T03:00:00Z,17.6,38.6,0.0,8.6,14.6,0.0,0.0,0.0,-4.12,301.49,5.0,0.0
2026-08-12T04:00:00Z,16.8,18.6,0.0,7.7,11.1,0.0,0.0,0.0,-11.42,314.11,5.0,0.0
2026-08-12T05:00:00Z,14.6,48.9,0.0,6.0,8.1,0.0,0.0,0.0,-17.25,327.78,70.0,0.0
2026-08-12T06:00:00Z,16.6,33.0,0.0,6.6,9.9,0.0,0.0,0.0,-21.14,342.55,85.0,0.0
2026-08-12T07:00:00Z,11.9,38.1,0.0,8.2,11.0,0.0,0.0,0.0,-22.71,358.06,0.0,0.0
2026-08-12T08:00:00Z,10.6,48.2,0.0,9.1,15.6,0.0,0.0,0.0,-21.78,13.67,25.0,0.0
2026-08-12T09:00:00Z,11.0,21.5,0.0,5.7,9.5,0.0,0.0,0.0,-18.46,28.67,45.0,0.0
2026-08-12T10:00:00Z,11.6,52.7,0.0,10.4,15.0,0.0,0.0,0.0,-13.08,42.65,50.0,0.0
2026-08-12T11:00:00Z,10.8,25.1,0.0,5.8,10.2,0.0,0.0,0.0,-6.12,55.52,15.0,0.0
2026-08-12T12:00:00Z,10.8,41.9,0.0,6.0,8.6,7.6,48.7,5.9,1.98,67.54,35.0,0.0379
2026-08-12T13:00:00Z,11.8,35.9,0.0,6.2,10.4,108.6,268.0,58.4,10.8,79.09,15.0,0.577
2026-08-12T14:00:00Z,13.0,53.3,0.0,6.3,8.5,245.6,261.9,156.1,19.97,90.72,45.0,1.3402
2026-08-12T15:00:00Z,13.3,11.9,0.0,5.5,9.5,436.8,654.5,118.3,29.12,103.09,20.0,2.856
2026-08-12T16:00:00Z,16.4,37.1,0.0,7.8,10.6,575.4,475.0,284.5,37.77,117.04,85.0,2.5235
2026-08-12T17:00:00Z,17.5,36.0,0.0,9.9,14.8,697.4,508.8,335.8,45.29,133.63,80.0,3.4159
2026-08-12T18:00:00Z,19.1,48.9,0.0,7.0,11.5,743.1,398.3,434.6,50.76,153.76,25.0,4.9394
2026-08-12T19:00:00Z,18.5,31.2,0.0,5.4,9.3,815.6,573.6,357.0,53.09,177.05,0.0,4.7932
2026-08-12T20:00:00Z,19.8,45.1,0.0,5.8,9.0,767.2,435.0,426.1,51.64,200.75,5.0,4.4469
2026-08-12T21:00:00Z,19.9,43.9,0.0,7.5,12.3,703.9,437.9,384.6,46.82,221.76,65.0,3.9002
2026-08-12T22:00:00Z,22.0,45.0,0.0,6.5,9.9,592.3,410.1,330.4,39.69,239.14,40.0,3.5339
2026-08-12T23:00:00Z,21.6,63.3,0.0,6.4,10.0,400.0,234.5,278.4,31.22,253.61,90.0,1.4069
2026-08-13T00:00:00Z,20.6,56.3,0.0,14.1,24.0,276.0,253.2,180.6,22.14,266.26,75.0,1.1224
2026-08-13T01:00:00Z,18.5,45.1,0.0,17.7,26.7,138.1,250.5,82.1,12.91,277.99,65.0,0.4063
2026-08-13T02:00:00Z,18.5,61.9,0.0,17.1,26.6,19.1,59.7,15.0,3.95,289.51,0.0,0.1265
2026-08-13T03:00:00Z,19.7,29.5,0.0,24.2,33.4,0.0,0.0,0.0,-4.39,301.36,20.0,0.0
2026-08-13T04:00:00Z,16.6,51.5,0.0,22.5,39.1,0.0,0.0,0.0,-11.71,314.0,90.0,0.0
2026-08-13T05:00:00Z,14.9,37.2,0.0,22.0,35.0,0.0,0.0,0.0,-17.55,327.71,60.0,0.0
2026-08-13T06:00:00Z,12.5,51.9,0.0,12.5,22.3,0.0,0.0,0.0,-21.44,342.53,25.0,0.0
2026-08-13T07:00:00Z,12.3,66.1,0.0,17.3,25.9,0.0,0.0,0.0,-23.01,358.09,85.0,0.0
2026-08-13T08:00:00Z,10.4,51.8,0.0,16.8,29.5,0.0,0.0,0.0,-22.07,13.76,25.0,0.0
2026-08-13T09:00:00Z,11.2,46.6,0.0,20.1,34.2,0.0,0.0,0.0,-18.73,28.81,5.0,0.0
2026-08-13T10:00:00Z,10.4,52.4,0.0,14.8,23.9,0.0,0.0,0.0,-13.34,42.82,60.0,0.0
2026-08-13T11:00:00Z,10.3,43.3,0.0,14.1,20.6,0.0,0.0,0.0,-6.36,55.72,10.0,0.0
2026-08-13T12:00:00Z,7.5,67.1,0.0,17.3,26.1,5.5,22.0,4.8,1.76,67.75,45.0,0.0283
2026-08-13T13:00:00Z,11.0,49.3,0.0,14.3,19.6,100.6,199.9,63.9,10.59,79.32,50.0,0.371
2026-08-13T14:00:00Z,11.3,66.1,0.0,18.8,28.9,216.9,177.4,156.9,19.77,90.96,60.0,1.0713
2026-08-13T15:00:00Z,15.9,39.4,0.0,19.2,31.2,419.4,416.3,218.2,28.91,103.34,60.0,2.2635
2026-08-13T16:00:00Z,15.1,48.8,0.0,14.2,21.8,548.4,370.4,322.7,37.55,117.29,0.0,3.2154
2026-08-13T17:00:00Z,18.7,34.4,0.0,23.9,41.6,695.9,522.8,325.9,45.04,133.87,40.0,4.46
2026-08-13T18:00:00Z,19.3,60.6,0.0,13.7,20.5,683.4,291.2,458.8,50.48,153.96,45.0,3.9752
2026-08-13T19:00:00Z,20.1,62.5,0.0,14.8,25.2,698.3,276.4,478.2,52.79,177.13,15.0,4.2136
2026-08-13T20:00:00Z,20.7,33.4,0.0,14.3,22.1,789.0,548.5,360.7,51.34,200.71,85.0,3.6362
2026-08-13T21:00:00Z,21.5,64.5,0.0,15.8,21.0,608.9,251.8,426.2,46.53,221.63,85.0,2.48
2026-08-13T22:00:00Z,21.4,40.2,0.0,20.7,34.6,597.5,451.8,310.7,39.41,238.97,60.0,3.3622
2026-08-13T23:00:00Z,22.2,44.8,0.0,16.6,25.3,447.4,381.3,251.2,30.96,253.44,25.0,2.7907
2026-08-14T00:00:00Z,21.7,43.2,0.0,24.3,43.7,290.9,344.6,162.5,21.88,266.09,90.0,0.8424
2026-08-14T01:00:00Z,20.9,27.4,0.0,20.6,31.7,139.8,345.9,64.0,12.65,277.83,40.0,0.5811
2026-08-14T02:00:00Z,19.6,18.2,0.0,29.3,41.1,20.0,138.9,11.1,3.68,289.36,25.0,0.0699
2026-08-14T03:00:00Z,18.3,36.7,0.0,23.4,37.7,0.0,0.0,0.0,-4.67,301.23,50.0,0.0
2026-08-14T04:00:00Z,18.4,25.9,0.0,14.7,22.9,0.0,0.0,0.0,-11.99,313.9,70.0,0.0
2026-08-14T05:00:00Z,16.1,48.4,0.0,21.7,35.6,0.0,0.0,0.0,-17.84,327.65,20.0,0.0
2026-08-14T06:00:00Z,14.5,42.0,0.0,25.6,39.2,0.0,0.0,0.0,-21.75,342.51,5.0,0.0
2026-08-14T07:00:00Z,11.1,29.0,0.0,17.4,27.8,0.0,0.0,0.0,-23.32,358.13,50.0,0.0
2026-08-14T08:00:00Z,11.3,13.0,0.0,20.3,36.2,0.0,0.0,0.0,-22.36,13.85,30.0,0.0
2026-08-14T09:00:00Z,10.8,28.2,0.0,19.2,28.0,0.0,0.0,0.0,-19.01,28.95,15.0,0.0
2026-08-14T10:00:00Z,12.0,0.2,0.0,16.1,22.6,0.0,0.0,0.0,-13.59,42.99,10.0,0.0
2026-08-14T11:00:00Z,12.2,15.1,0.0,13.0,22.7,0.0,0.0,0.0,-6.59,55.91,45.0,0.0
2026-08-14T12:00:00Z,13.0,27.6,0.0,18.4,31.5,5.5,50.0,4.2,1.54,67.96,85.0,0.0182
2026-08-14T13:00:00Z,12.6,46.2,0.0,17.1,25.4,99.0,211.4,60.9,10.38,79.54,70.0,0.3263
2026-08-14T14:00:00Z,13.0,34.0,0.0,24.8,35.2,256.8,392.5,125.4,19.56,91.2,75.0,0.9279
2026-08-14T15:00:00Z,15.9,50.3,0.0,19.0,33.0,398.1,327.5,240.9,28.69,103.59,70.0,1.938
2026-08-14T16:00:00Z,15.4,12.0,0.0,19.5,34.6,582.5,708.3,153.1,37.32,117.55,45.0,4.0149
2026-08-14T17:00:00Z,18.1,30.5,0.0,12.7,22.6,696.8,559.9,302.3,44.79,134.12,5.0,4.3153
2026-08-14T18:00:00Z,18.8,38.3,0.0,18.1,28.9,764.8,498.1,382.1,50.2,154.16,30.0,4.8124
2026-08-14T19:00:00Z,18.4,49.9,0.0,18.6,25.1,761.4,391.0,451.3,52.49,177.22,25.0,4.9179
2026-08-14T20:00:00Z,22.3,6.2,0.0,24.2,35.0,799.0,826.3,156.6,51.03,200.66,90.0,3.7355
2026-08-14T21:00:00Z,20.5,11.7,0.0,19.9,29.8,728.1,751.8,185.2,46.24,221.5,5.0,4.5691
2026-08-14T22:00:00Z,22.6,37.2,0.0,17.5,29.0,597.8,478.3,295.9,39.13,238.8,65.0,3.3169
2026-08-14T23:00:00Z,21.6,32.7,0.0,23.0,37.4,457.7,482.2,211.6,30.69,253.26,45.0,2.7261
2026-08-15T00:00:00Z,20.0,57.8,0.0,14.1,24.5,264.4,240.0,176.0,21.61,265.92,65.0,1.1547
2026-08-15T01:00:00Z,19.9,73.0,0.0,8.8,12.9,101.5,104.0,79.2,12.39,277.67,75.0,0.3724
2026-08-15T02:00:00Z,19.0,45.6,0.0,12.0,21.1,16.9,78.8,12.2,3.41,289.21,75.0,0.0558
2026-08-15T03:00:00Z,17.9,60.2,0.0,13.3,19.0,0.0,0.0,0.0,-4.95,301.1,45.0,0.0
2026-08-15T04:00:00Z,16.8,77.2,0.2,19.7,28.2,0.0,0.0,0.0,-12.29,313.79,90.0,0.0
2026-08-15T05:00:00Z,13.9,63.9,0.0,11.4,19.9,0.0,0.0,0.0,-18.15,327.58,30.0,0.0
2026-08-15T06:00:00Z,14.9,28.1,0.0,13.2,19.1,0.0,0.0,0.0,-22.06,342.49,5.0,0.0
2026-08-15T07:00:00Z,12.7,68.0,0.0,14.5,23.3,0.0,0.0,0.0,-23.62,358.17,45.0,0.0
2026-08-15T08:00:00Z,11.7,63.5,0.0,13.1,17.8,0.0,0.0,0.0,-22.66,13.95,0.0,0.0
2026-08-15T09:00:00Z,11.1,40.5,0.0,9.1,14.3,0.0,0.0,0.0,-19.28,29.1,65.0,0.0
2026-08-15T10:00:00Z,11.2,59.0,0.0,11.3,19.1,0.0,0.0,0.0,-13.85,43.17,70.0,0.0
2026-08-15T11:00:00Z,12.0,62.5,0.0,11.2,18.1,0.0,0.0,0.0,-6.83,56.11,5.0,0.0
2026-08-15T12:00:00Z,9.9,66.8,0.0,9.7,12.9,3.7,17.1,3.3,1.31,68.18,15.0,0.0219
2026-08-15T13:00:00Z,10.5,66.3,0.0,16.5,27.0,82.6,118.9,61.6,10.17,79.77,90.0,0.2561
2026-08-15T14:00:00Z,14.4,57.8,0.0,13.9,18.1,228.0,228.2,152.4,19.35,91.44,20.0,1.4459
2026-08-15T15:00:00Z,14.9,62.6,0.0,9.4,13.4,360.5,232.4,249.7,28.48,103.85,80.0,1.6242
2026-08-15T16:00:00Z,14.8,54.5,0.0,11.8,21.0,523.9,320.5,330.6,37.09,117.82,60.0,2.8097
2026-08-15T17:00:00Z,17.5,65.5,0.0,11.6,18.5,577.3,241.4,408.0,44.54,134.38,55.0,3.338
2026-08-15T18:00:00Z,18.4,84.8,0.0,9.4,15.4,448.4,92.8,377.4,49.92,154.36,70.0,2.2669
2026-08-15T19:00:00Z,21.6,41.5,0.0,12.1,16.3,784.5,471.2,412.3,52.18,177.31,25.0,4.9614
2026-08-15T20:00:00Z,19.6,73.2,0.0,11.9,20.6,588.4,183.5,446.4,50.72,200.62,30.0,3.4954
2026-08-15T21:00:00Z,20.6,70.1,0.0,13.9,21.7,561.6,204.6,414.6,45.94,221.37,65.0,2.9808
2026-08-15T22:00:00Z,21.8,51.7,0.0,13.7,19.3,560.5,348.5,341.9,38.85,238.63,30.0,3.5052
2026-08-15T23:00:00Z,21.6,63.2,0.0,9.4,15.9,388.2,233.4,270.0,30.42,253.08,20.0,2.4836
2026-08-16T00:00:00Z,21.7,33.2,0.0,10.1,14.6,289.2,414.6,138.3,21.34,265.74,75.0,1.1119
2026-08-16T01:00:00Z,18.4,41.2,0.0,12.6,22.4,127.4,261.4,72.5,12.12,277.5,60.0,0.3864
2026-08-16T02:00:00Z,19.0,35.4,0.0,9.7,12.8,15.2,88.6,10.4,3.13,289.06,90.0,0.0446
2026-08-16T03:00:00Z,18.7,36.3,0.0,13.1,17.3,0.0,0.0,0.0,-5.23,300.97,30.0,0.0
2026-08-16T04:00:00Z,18.5,46.2,0.0,14.9,22.8,0.0,0.0,0.0,-12.58,313.69,60.0,0.0
2026-08-16T05:00:00Z,15.8,30.0,0.0,8.1,13.0,0.0,0.0,0.0,-18.45,327.52,85.0,0.0
2026-08-16T06:00:00Z,13.3,32.2,0.0,9.9,16.4,0.0,0.0,0.0,-22.37,342.48,40.0,0.0
2026-08-16T07:00:00Z,11.5,46.7,0.0,8.7,13.7,0.0,0.0,0.0,-23.94,358.22,10.0,0.0
2026-08-16T08:00:00Z,11.3,45.8,0.0,14.0,22.2,0.0,0.0,0.0,-22.96,14.05,85.0,0.0
2026-08-16T09:00:00Z,10.0,40.3,0.0,7.8,10.9,0.0,0.0,0.0,-19.56,29.24,90.0,0.0
2026-08-16T10:00:00Z,10.3,27.2,0.0,7.3,12.3,0.0,0.0,0.0,-14.11,43.35,30.0,0.0
2026-08-16T11:00:00Z,10.2,38.7,0.0,10.8,19.1,0.0,0.0,0.0,-7.07,56.32,65.0,0.0
2026-08-16T12:00:00Z,11.8,51.5,0.0,12.6,19.3,3.3,23.1,2.9,1.09,68.4,45.0,0.0166
2026-08-16T13:00:00Z,11.2,49.6,0.0,11.5,18.2,91.4,189.6,58.6,9.95,80.01,10.0,0.5063
2026-08-16T14:00:00Z,12.1,39.2,0.0,12.7,19.5,246.4,352.2,130.9,19.14,91.69,85.0,0.8019
2026-08-16T15:00:00Z,13.1,49.5,0.0,13.1,21.6,392.5,331.9,235.3,28.26,104.11,35.0,2.3615
2026-08-16T16:00:00Z,15.8,39.4,0.0,13.0,19.6,556.8,451.0,286.3,36.86,118.09,0.0,3.4935
2026-08-16T17:00:00Z,18.2,33.8,0.0,11.2,18.2,685.0,526.2,317.6,44.28,134.63,20.0,4.3087
2026-08-16T18:00:00Z,19.6,37.7,0.0,10.7,18.9,758.0,502.4,375.2,49.63,154.56,40.0,4.9132
2026-08-16T19:00:00Z,20.5,24.8,0.0,8.5,14.6,805.6,635.6,305.6,51.87,177.4,30.0,5.3807
2026-08-16T20:00:00Z,22.4,23.9,0.0,5.7,10.0,785.8,641.3,291.6,50.4,200.59,85.0,3.7776
2026-08-16T21:00:00Z,21.3,34.0,0.0,9.9,15.2,705.4,528.4,327.7,45.63,221.25,90.0,3.0602
2026-08-16T22:00:00Z,20.1,64.2,0.0,13.0,20.1,503.9,243.2,352.3,38.56,238.47,70.0,2.469
2026-08-16T23:00:00Z,21.1,40.5,0.0,8.0,11.8,439.8,413.7,232.1,30.14,252.91,5.0,2.7348
2026-08-17T00:00:00Z,22.2,18.2,0.0,8.2,10.7,288.7,525.8,99.7,21.07,265.57,40.0,1.6384
2026-08-17T01:00:00Z,21.2,35.8,0.0,12.4,21.5,124.9,285.7,66.3,11.84,277.34,10.0,0.7384
2026-08-17T02:00:00Z,19.7,33.1,0.0,9.9,17.2,13.3,83.9,9.1,2.85,288.91,35.0,0.0532
2026-08-17T03:00:00Z,18.3,6.3,0.0,16.1,23.1,0.0,0.0,0.0,-5.52,300.84,0.0,0.0
2026-08-17T04:00:00Z,16.5,30.6,0.0,16.3,21.7,0.0,0.0,0.0,-12.88,313.59,5.0,0.0
2026-08-17T05:00:00Z,14.0,12.5,0.0,16.0,23.7,0.0,0.0,0.0,-18.77,327.45,45.0,0.0
2026-08-17T06:00:00Z,12.7,29.5,0.0,15.1,24.1,0.0,0.0,0.0,-22.69,342.46,85.0,0.0
2026-08-17T07:00:00Z,12.8,17.7,0.0,13.0,21.9,0.0,0.0,0.0,-24.25,358.26,20.0,0.0
2026-08-17T08:00:00Z,11.0,40.6,0.0,10.9,18.6,0.0,0.0,0.0,-23.26,14.16,80.0,0.0
2026-08-17T09:00:00Z,12.7,18.6,0.0,13.0,19.5,0.0,0.0,0.0,-19.85,29.4,30.0,0.0
2026-08-17T10:00:00Z,10.8,29.2,0.0,15.4,21.3,0.0,0.0,0.0,-14.37,43.54,90.0,0.0
2026-08-17T11:00:00Z,9.3,15.6,0.0,10.1,14.3,0.0,0.0,0.0,-7.31,56.53,40.0,0.0
2026-08-17T12:00:00Z,9.1,33.4,0.0,13.6,18.1,2.7,28.5,2.3,0.87,68.62,65.0,0.0121
2026-08-17T13:00:00Z,13.1,20.0,0.0,16.6,26.0,94.6,324.9,39.6,9.74,80.25,40.0,0.2806
2026-08-17T14:00:00Z,13.1,28.9,0.0,12.7,21.1,247.6,422.1,110.7,18.93,91.94,60.0,1.1598
2026-08-17T15:00:00Z,13.4,25.8,0.0,9.9,15.1,414.2,525.2,167.3,28.04,104.37,30.0,2.6629
2026-08-17T16:00:00Z,17.6,10.3,0.0,12.7,20.0,570.7,720.3,141.0,36.62,118.36,10.0,3.6059
2026-08-17T17:00:00Z,17.9,18.4,0.0,14.3,21.4,692.4,676.1,222.5,44.02,134.89,0.0,4.1946
2026-08-17T18:00:00Z,18.8,16.7,0.0,17.5,25.8,773.6,711.2,234.1,49.34,154.77,10.0,4.6531
2026-08-17T19:00:00Z,21.7,31.7,0.0,9.8,13.2,794.3,565.5,351.4,51.55,177.49,25.0,4.8978
2026-08-17T20:00:00Z,20.7,46.9,0.0,13.6,22.6,740.8,415.8,421.9,50.08,200.55,20.0,4.4408
2026-08-17T21:00:00Z,20.5,43.6,0.0,15.1,25.7,682.7,437.2,371.8,45.32,221.12,35.0,4.3159
2026-08-17T22:00:00Z,22.7,22.1,0.0,11.5,16.1,596.4,615.9,215.0,38.27,238.31,65.0,3.5802
2026-08-17T23:00:00Z,18.7,50.4,0.0,12.4,19.6,417.6,331.4,252.6,29.86,252.73,85.0,1.6767
2026-08-18T00:00:00Z,20.4,54.6,0.0,26.7,41.2,257.0,257.4,165.6,20.79,265.4,45.0,1.4903
2026-08-18T01:00:00Z,17.8,50.6,0.0,19.4,31.4,114.2,205.3,73.0,11.57,277.18,90.0,0.3177
2026-08-18T02:00:00Z,17.5,43.9,0.0,26.4,37.1,11.0,61.0,8.3,2.57,288.76,85.0,0.0359
2026-08-18T03:00:00Z,17.7,40.9,0.0,19.9,29.3,0.0,0.0,0.0,-5.82,300.71,5.0,0.0
2026-08-18T04:00:00Z,16.7,46.8,0.0,28.7,50.6,0.0,0.0,0.0,-13.19,313.48,35.0,0.0
2026-08-18T05:00:00Z,14.3,46.8,0.0,22.8,35.3,0.0,0.0,0.0,-19.08,327.39,75.0,0.0
2026-08-18T06:00:00Z,14.5,71.2,0.0,27.1,38.7,0.0,0.0,0.0,-23.01,342.45,30.0,0.0
2026-08-18T07:00:00Z,11.9,43.4,0.0,19.5,35.0,0.0,0.0,0.0,-24.57,358.31,85.0,0.0
2026-08-18T08:00:00Z,11.3,55.0,0.0,16.8,28.6,0.0,0.0,0.0,-23.57,14.27,25.0,0.0
2026-08-18T09:00:00Z,10.6,41.4,0.0,14.7,20.4,0.0,0.0,0.0,-20.13,29.56,85.0,0.0
2026-08-18T10:00:00Z,9.2,49.0,0.0,21.8,33.3,0.0,0.0,0.0,-14.64,43.73,30.0,0.0
2026-08-18T11:00:00Z,11.1,43.7,0.0,27.8,45.0,0.0,0.0,0.0,-7.55,56.74,5.0,0.0
2026-08-18T12:00:00Z,8.8,43.3,0.0,24.9,36.5,1.8,19.6,1.6,0.64,68.85,45.0,0.0094
2026-08-18T13:00:00Z,10.7,67.1,0.0,19.1,28.5,73.9,110.1,55.7,9.52,80.49,70.0,0.2783
2026-08-18T14:00:00Z,11.3,39.7,0.0,16.9,24.1,238.6,344.9,127.9,18.71,92.2,0.0,1.41
2026-08-18T15:00:00Z,14.6,49.5,0.0,15.9,22.6,385.1,330.3,230.9,27.82,104.64,20.0,2.4366
2026-08-18T16:00:00Z,17.1,34.3,0.0,28.1,44.9,555.5,494.6,262.1,36.39,118.63,20.0,3.6518
2026-08-18T17:00:00Z,16.6,49.3,0.0,19.1,34.3,643.2,381.6,379.3,43.76,135.16,0.0,3.8538
2026-08-18T18:00:00Z,18.1,54.8,0.0,20.1,30.4,696.1,341.3,438.3,49.05,154.97,50.0,3.966
2026-08-18T19:00:00Z,19.0,50.3,0.0,26.3,39.7,744.1,386.1,443.0,51.24,177.59,75.0,3.9164
2026-08-18T20:00:00Z,19.4,60.0,0.0,20.6,36.3,677.9,295.4,452.4,49.76,200.52,25.0,4.1328
2026-08-18T21:00:00Z,19.7,60.2,0.0,22.3,34.8,614.6,286.7,411.8,45.01,221.0,55.0,3.527
2026-08-18T22:00:00Z,21.8,44.5,0.0,29.0,42.6,565.6,409.2,313.9,37.97,238.14,80.0,2.8234
2026-08-18T23:00:00Z,22.3,26.3,0.0,10.2,16.7,441.6,531.0,179.6,29.57,252.56,0.0,2.6288
2026-08-19T00:00:00Z,19.7,26.4,0.0,35.5,55.2,276.9,457.2,116.7,20.51,265.23,80.0,1.0272
2026-08-19T01:00:00Z,18.7,55.3,0.0,36.5,58.8,106.9,179.5,71.8,11.28,277.02,60.0,0.3831
2026-08-19T02:00:00Z,18.7,65.7,0.0,32.6,44.5,8.0,29.9,6.8,2.28,288.61,0.0,0.049
2026-08-19T03:00:00Z,18.2,26.2,0.0,29.3,47.4,0.0,0.0,0.0,-6.12,300.58,30.0,0.0
2026-08-19T04:00:00Z,16.4,52.4,0.0,31.9,48.4,0.0,0.0,0.0,-13.5,313.38,5.0,0.0
2026-08-19T05:00:00Z,15.3,51.1,0.0,38.4,56.0,0.0,0.0,0.0,-19.4,327.32,55.0,0.0
2026-08-19T06:00:00Z,15.4,52.6,0.0,29.8,46.7,0.0,0.0,0.0,-23.34,342.44,60.0,0.0
2026-08-19T07:00:00Z,12.3,42.0,0.0,34.8,55.1,0.0,0.0,0.0,-24.89,358.37,35.0,0.0
2026-08-19T08:00:00Z,10.5,49.2,0.0,30.7,46.2,0.0,0.0,0.0,-23.88,14.38,45.0,0.0
2026-08-19T09:00:00Z,12.5,42.3,0.0,10.2,13.5,0.0,0.0,0.0,-20.42,29.72,65.0,0.0
2026-08-19T10:00:00Z,11.1,44.7,0.0,21.0,34.5,0.0,0.0,0.0,-14.9,43.93,10.0,0.0
2026-08-19T11:00:00Z,10.5,42.0,0.0,28.7,48.3,0.0,0.0,0.0,-7.8,56.96,40.0,0.0
2026-08-19T12:00:00Z,10.7,23.7,0.0,19.6,26.2,1.2,22.7,1.0,0.41,69.09,70.0,0.005
2026-08-19T13:00:00Z,8.2,68.5,0.0,29.3,51.7,70.1,102.8,53.5,9.3,80.74,30.0,0.3918
2026-08-19T14:00:00Z,10.7,34.9,0.0,24.3,37.7,237.6,375.3,118.5,18.5,92.46,40.0,1.3539
2026-08-19T15:00:00Z,13.1,48.5,0.0,33.3,51.5,383.2,337.3,226.9,27.6,104.91,90.0,1.4943
2026-08-19T16:00:00Z,15.5,22.7,0.0,26.8,43.2,559.9,600.5,205.7,36.15,118.91,5.0,3.4563
2026-08-19T17:00:00Z,16.7,42.8,0.0,18.3,27.3,656.9,440.1,354.0,43.5,135.42,15.0,4.0732
2026-08-19T18:00:00Z,21.1,35.2,0.0,38.7,58.1,749.8,524.4,355.5,48.75,155.19,70.0,4.1285
2026-08-19T19:00:00Z,20.4,33.4,0.0,26.0,38.5,783.1,547.2,358.4,50.91,177.69,80.0,4.043
2026-08-19T20:00:00Z,20.5,52.1,0.0,31.4,43.6,712.9,366.4,434.6,49.43,200.5,60.0,4.2637
2026-08-19T21:00:00Z,21.1,33.3,0.0,21.0,31.4,692.0,532.2,317.7,44.69,220.89,5.0,4.1053
2026-08-19T22:00:00Z,23.6,28.9,0.0,27.1,44.3,582.4,550.0,246.3,37.66,237.98,15.0,3.8493
2026-08-19T23:00:00Z,21.0,44.4,0.0,31.1,51.5,419.0,377.3,234.5,29.28,252.39,30.0,2.6546
2026-08-20T00:00:00Z,19.6,63.9,0.0,21.8,29.1,229.1,193.3,162.3,20.23,265.06,90.0,0.7643
2026-08-20T01:00:00Z,19.5,46.6,0.0,22.3,34.5,107.9,217.9,66.3,11.0,276.85,35.0,0.5238
2026-08-20T02:00:00Z,20.0,33.0,0.0,25.1,43.3,7.8,58.2,5.8,1.99,288.46,20.0,0.0345
2026-08-20T03:00:00Z,17.5,58.2,0.0,16.9,27.7,0.0,0.0,0.0,-6.42,300.45,65.0,0.0
2026-08-20T04:00:00Z,16.1,46.4,0.0,18.5,28.4,0.0,0.0,0.0,-13.81,313.28,25.0,0.0
2026-08-20T05:00:00Z,14.7,43.9,0.0,22.5,34.7,0.0,0.0,0.0,-19.73,327.26,65.0,0.0
2026-08-20T06:00:00Z,13.2,53.7,0.0,24.1,34.7,0.0,0.0,0.0,-23.67,342.44,15.0,0.0
2026-08-20T07:00:00Z,12.0,43.0,0.0,26.8,41.0,0.0,0.0,0.0,-25.22,358.42,75.0,0.0
2026-08-20T08:00:00Z,12.9,55.6,0.0,22.3,36.6,0.0,0.0,0.0,-24.19,14.5,70.0,0.0
2026-08-20T09:00:00Z,10.7,54.5,0.0,21.6,35.5,0.0,0.0,0.0,-20.71,29.88,40.0,0.0
2026-08-20T10:00:00Z,11.7,57.0,0.0,27.6,42.5,0.0,0.0,0.0,-15.17,44.13,35.0,0.0
2026-08-20T11:00:00Z,8.3,51.3,0.0,17.3,30.2,0.0,0.0,0.0,-8.04,57.18,65.0,0.0
2026-08-20T12:00:00Z,9.7,46.5,0.0,25.4,42.7,0.4,11.8,0.4,0.18,69.33,60.0,0.0022
2026-08-20T13:00:00Z,9.0,71.5,0.0,26.4,35.2,64.8,89.5,50.7,9.09,80.99,90.0,0.2101
2026-08-20T14:00:00Z,12.3,24.5,0.0,26.0,39.3,237.2,445.8,97.4,18.28,92.72,20.0,1.5021
2026-08-20T15:00:00Z,13.1,59.5,0.0,22.7,36.9,353.1,251.5,237.4,27.38,105.18,75.0,1.6209
2026-08-20T16:00:00Z,14.4,70.6,0.0,25.2,39.1,430.0,187.5,320.0,35.91,119.19,70.0,2.1073
2026-08-20T17:00:00Z,17.3,74.8,0.0,24.1,32.6,491.0,164.3,378.5,43.23,135.69,0.0,2.9333
2026-08-20T18:00:00Z,18.0,57.1,0.0,18.6,32.9,677.0,319.7,437.7,48.45,155.4,30.0,4.16
2026-08-20T19:00:00Z,20.8,26.4,0.0,26.9,42.9,786.4,616.1,310.4,50.59,177.8,90.0,4.0634
2026-08-20T20:00:00Z,20.5,70.7,0.0,28.6,43.8,593.7,202.9,440.3,49.1,200.47,70.0,3.0532
2026-08-20T21:00:00Z,22.3,61.0,0.0,28.8,40.3,601.6,278.8,406.6,44.37,220.77,45.0,3.545
2026-08-20T22:00:00Z,20.3,47.9,0.0,15.7,20.9,547.8,377.9,318.5,37.36,237.82,20.0,3.5031
2026-08-20T23:00:00Z,18.2,62.3,0.0,26.1,46.8,369.3,235.8,255.0,28.98,252.21,0.0,2.2586
2026-08-21T00:00:00Z,19.1,60.9,0.0,11.3,19.3,231.2,211.0,159.3,19.93,264.89,40.0,1.378
2026-08-21T01:00:00Z,18.3,55.6,0.0,11.5,16.2,98.6,171.7,66.7,10.71,276.69,5.0,0.615
2026-08-21T02:00:00Z,18.4,32.9,0.0,15.8,22.9,6.3,49.8,4.8,1.69,288.31,70.0,0.0253
2026-08-21T03:00:00Z,16.7,85.4,2.3,16.4,28.8,0.0,0.0,0.0,-6.72,300.32,5.0,0.0
2026-08-21T04:00:00Z,16.3,60.9,0.0,15.5,23.0,0.0,0.0,0.0,-14.13,313.18,55.0,0.0
2026-08-21T05:00:00Z,13.5,47.7,0.0,10.9,16.0,0.0,0.0,0.0,-20.05,327.2,0.0,0.0
2026-08-21T06:00:00Z,13.9,46.5,0.0,13.8,21.3,0.0,0.0,0.0,-24.0,342.43,25.0,0.0
2026-08-21T07:00:00Z,12.7,80.2,0.0,13.9,24.2,0.0,0.0,0.0,-25.55,358.48,80.0,0.0
2026-08-21T08:00:00Z,10.4,73.6,0.0,10.6,18.1,0.0,0.0,0.0,-24.51,14.62,85.0,0.0
2026-08-21T09:00:00Z,11.5,67.6,0.0,11.5,19.0,0.0,0.0,0.0,-21.01,30.05,85.0,0.0
2026-08-21T10:00:00Z,10.5,82.2,0.0,14.8,21.1,0.0,0.0,0.0,-15.44,44.33,10.0,0.0
2026-08-21T11:00:00Z,12.9,57.5,0.0,12.5,21.1,0.0,0.0,0.0,-8.29,57.41,45.0,0.0
2026-08-21T12:00:00Z,11.0,73.6,0.0,12.0,16.4,0.0,0.0,0.0,-0.05,69.57,35.0,0.0
2026-08-21T13:00:00Z,9.6,57.2,0.0,8.9,15.8,72.7,143.0,50.7,8.87,81.24,5.0,0.4662
2026-08-21T14:00:00Z,11.5,58.4,0.0,14.2,19.3,206.6,217.1,139.3,18.06,92.99,65.0,0.9413
2026-08-21T15:00:00Z,12.0,67.8,0.0,13.0,18.2,320.7,190.4,233.8,27.15,105.46,70.0,1.5979
2026-08-21T16:00:00Z,14.6,55.0,0.0,13.8,24.0,499.7,312.4,317.6,35.67,119.48,70.0,2.6608
2026-08-21T17:00:00Z,16.9,54.6,0.0,14.6,21.9,612.0,332.1,385.7,42.96,135.96,80.0,3.1041
2026-08-21T18:00:00Z,17.2,62.7,0.0,12.9,21.0,641.0,269.4,440.3,48.15,155.62,80.0,3.1426
2026-08-21T19:00:00Z,18.8,64.5,0.0,17.0,29.2,655.1,256.6,457.8,50.26,177.9,25.0,4.0905
2026-08-21T20:00:00Z,20.1,70.2,0.0,18.8,26.7,593.6,206.2,438.5,48.77,200.45,40.0,3.7875
2026-08-21T21:00:00Z,19.3,55.3,0.0,14.4,23.4,625.0,328.4,396.7,44.05,220.66,15.0,3.9055
2026-08-21T22:00:00Z,21.2,78.0,0.0,14.0,24.0,392.2,134.2,311.4,37.05,237.67,10.0,2.4909
2026-08-21T23:00:00Z,18.8,95.7,0.0,13.6,19.9,152.3,17.6,143.9,28.68,252.04,45.0,0.8907
2026-08-22T00:00:00Z,20.4,65.7,0.0,14.9,23.0,215.9,179.0,155.7,19.64,264.72,65.0,1.0641
2026-08-22T01:00:00Z,16.8,56.5,0.0,16.2,21.1,93.8,164.1,64.1,10.41,276.53,75.0,0.3091
2026-08-22T02:00:00Z,17.8,54.8,0.0,12.3,19.1,4.4,26.0,3.8,1.39,288.16,30.0,0.0223
2026-08-22T03:00:00Z,16.8,36.4,0.0,11.5,17.8,0.0,0.0,0.0,-7.03,300.19,90.0,0.0
2026-08-22T04:00:00Z,15.9,52.8,0.0,16.9,27.1,0.0,0.0,0.0,-14.45,313.08,45.0,0.0
2026-08-22T05:00:00Z,16.1,70.0,0.0,11.8,17.1,0.0,0.0,0.0,-20.39,327.14,40.0,0.0
2026-08-22T06:00:00Z,14.1,70.4,0.0,19.0,29.3,0.0,0.0,0.0,-24.34,342.43,15.0,0.0
2026-08-22T07:00:00Z,12.3,37.2,0.0,12.7,21.2,0.0,0.0,0.0,-25.88,358.54,75.0,0.0
2026-08-22T08:00:00Z,10.1,56.1,0.0,12.9,20.1,0.0,0.0,0.0,-24.82,14.74,60.0,0.0
2026-08-22T09:00:00Z,11.8,63.3,0.0,15.0,20.5,0.0,0.0,0.0,-21.3,30.23,25.0,0.0
2026-08-22T10:00:00Z,10.1,78.8,0.9,9.9,14.5,0.0,0.0,0.0,-15.71,44.54,65.0,0.0
2026-08-22T11:00:00Z,9.4,22.7,0.0,12.8,19.5,0.0,0.0,0.0,-8.54,57.64,60.0,0.0
2026-08-22T12:00:00Z,9.2,57.5,0.0,13.6,19.7,0.0,0.0,0.0,-0.28,69.81,65.0,0.0
2026-08-22T13:00:00Z,11.1,60.5,0.0,11.1,16.4,68.2,127.5,49.0,8.64,81.5,50.0,0.2672
2026-08-22T14:00:00Z,12.2,45.0,0.0,9.7,13.3,219.4,301.3,127.1,17.84,93.26,75.0,0.9061
2026-08-22T15:00:00Z,13.7,50.6,0.0,11.1,18.5,367.6,317.8,223.7,26.93,105.74,65.0,1.9825
2026-08-22T16:00:00Z,13.3,56.0,0.0,16.5,25.9,492.4,303.4,316.6,35.42,119.76,40.0,3.0062
2026-08-22T17:00:00Z,14.9,80.9,2.8,15.2,26.0,427.2,117.4,347.6,42.69,136.24,5.0,2.7475
2026-08-22T18:00:00Z,16.9,50.8,0.0,12.3,18.6,696.6,375.9,417.9,47.84,155.83,15.0,4.142
2026-08-22T19:00:00Z,19.8,56.4,0.0,14.9,21.6,699.7,327.8,448.8,49.93,178.01,40.0,4.487
2026-08-22T20:00:00Z,20.6,40.4,0.0,12.7,20.2,735.4,473.8,380.9,48.43,200.43,55.0,4.7187
2026-08-22T21:00:00Z,19.9,35.6,0.0,9.6,13.1,673.8,508.0,322.7,43.72,220.55,45.0,4.387
2026-08-22T22:00:00Z,20.6,41.4,0.0,17.0,23.9,551.3,432.5,292.6,36.73,237.51,5.0,3.3457
2026-08-22T23:00:00Z,19.8,61.6,0.0,13.1,18.0,362.4,239.5,248.6,28.38,251.87,90.0,1.411
2026-08-23T00:00:00Z,19.0,49.0,0.0,19.0,31.5,240.7,286.2,145.9,19.34,264.55,10.0,1.5676
2026-08-23T01:00:00Z,18.9,61.5,0.0,9.5,16.9,86.1,139.1,61.7,10.11,276.36,85.0,0.2639
2026-08-23T02:00:00Z,17.6,35.5,0.0,12.2,18.3,3.5,32.4,2.9,1.09,288.01,15.0,0.0188
2026-08-23T03:00:00Z,19.5,44.2,0.0,17.3,30.7,0.0,0.0,0.0,-7.35,300.06,15.0,0.0
2026-08-23T04:00:00Z,16.6,38.8,0.0,16.4,24.2,0.0,0.0,0.0,-14.78,312.97,65.0,0.0
2026-08-23T05:00:00Z,13.7,20.2,0.0,7.7,11.4,0.0,0.0,0.0,-20.72,327.08,50.0,0.0
2026-08-23T06:00:00Z,14.4,28.1,0.0,15.5,27.3,0.0,0.0,0.0,-24.68,342.42,15.0,0.0
2026-08-23T07:00:00Z,12.2,40.1,0.0,11.1,18.5,0.0,0.0,0.0,-26.21,358.61,65.0,0.0
2026-08-23T08:00:00Z,9.9,10.2,0.0,15.4,24.8,0.0,0.0,0.0,-25.14,14.87,50.0,0.0
2026-08-23T09:00:00Z,11.0,15.6,0.0,18.7,32.7,0.0,0.0,0.0,-21.6,30.41,50.0,0.0
2026-08-23T10:00:00Z,11.6,62.8,0.0,9.4,12.8,0.0,0.0,0.0,-15.98,44.75,80.0,0.0
2026-08-23T11:00:00Z,9.8,52.7,0.0,16.7,26.4,0.0,0.0,0.0,-8.79,57.88,60.0,0.0
2026-08-23T12:00:00Z,10.8,38.8,0.0,15.7,25.2,0.0,0.0,0.0,-0.51,70.06,45.0,0.0
2026-08-23T13:00:00Z,10.8,33.3,0.0,19.7,31.6,74.3,234.2,40.0,8.42,81.76,35.0,0.3166
2026-08-23T14:00:00Z,12.7,28.5,0.0,14.6,22.8,224.5,410.0,100.4,17.62,93.53,80.0,0.804
2026-08-23T15:00:00Z,13.1,22.6,0.0,18.8,29.9,390.8,542.4,147.1,26.7,106.03,70.0,2.0801
2026-08-23T16:00:00Z,16.9,31.2,0.0,13.8,20.7,537.8,517.8,239.5,35.18,120.05,65.0,3.2255
2026-08-23T17:00:00Z,17.6,47.3,0.0,15.6,25.6,628.8,395.8,361.8,42.41,136.51,90.0,2.8196
2026-08-23T18:00:00Z,17.6,41.9,0.0,17.5,28.9,719.2,458.0,381.3,47.54,156.05,65.0,4.2592
2026-08-23T19:00:00Z,20.1,21.0,0.0,20.6,29.1,775.7,667.9,267.1,49.6,178.12,65.0,4.9267
2026-08-23T20:00:00Z,21.4,32.3,0.0,16.1,22.1,744.4,551.7,333.8,48.09,200.41,40.0,4.9225
2026-08-23T21:00:00Z,23.0,25.9,0.0,18.6,31.2,678.6,600.0,266.5,43.38,220.44,20.0,4.3278
2026-08-23T22:00:00Z,18.8,43.0,0.0,16.3,26.2,543.2,417.8,295.2,36.41,237.36,0.0,3.3092
2026-08-23T23:00:00Z,21.8,17.1,0.0,15.5,26.4,417.1,600.3,134.6,28.07,251.7,30.0,2.7252
2026-08-24T00:00:00Z,21.3,5.6,0.0,24.6,37.4,252.4,595.0,58.3,19.04,264.38,30.0,1.5258
2026-08-24T01:00:00Z,21.5,0,0.0,26.8,39.0,95.9,427.0,23.2,9.81,276.2,55.0,0.1726
2026-08-24T02:00:00Z,18.5,8.0,0.0,15.3,26.3,2.4,39.2,1.9,0.78,287.86,40.0,0.0114
2026-08-24T03:00:00Z,17.5,37.9,0.0,18.0,27.0,0.0,0.0,0.0,-7.67,299.93,10.0,0.0
2026-08-24T04:00:00Z,17.5,36.1,0.0,16.8,26.9,0.0,0.0,0.0,-15.11,312.87,65.0,0.0
2026-08-24T05:00:00Z,17.0,11.4,0.0,19.0,26.0,0.0,0.0,0.0,-21.06,327.03,20.0,0.0
2026-08-24T06:00:00Z,14.3,37.5,0.0,23.1,36.4,0.0,0.0,0.0,-25.02,342.42,40.0,0.0
2026-08-24T07:00:00Z,12.1,12.9,0.0,18.2,29.0,0.0,0.0,0.0,-26.55,358.67,50.0,0.0
2026-08-24T08:00:00Z,12.0,45.7,0.0,21.6,30.4,0.0,0.0,0.0,-25.47,15.0,65.0,0.0
2026-08-24T09:00:00Z,9.5,0.1,0.0,20.2,33.7,0.0,0.0,0.0,-21.9,30.59,5.0,0.0
2026-08-24T10:00:00Z,10.4,34.7,0.0,17.2,25.5,0.0,0.0,0.0,-16.25,44.97,85.0,0.0
2026-08-24T11:00:00Z,11.0,12.2,0.0,25.9,39.9,0.0,0.0,0.0,-9.04,58.11,90.0,0.0
2026-08-24T12:00:00Z,11.0,10.1,0.0,12.5,21.6,0.0,0.0,0.0,-0.75,70.31,20.0,0.0
2026-08-24T13:00:00Z,11.0,2.7,0.0,21.2,35.7,72.5,360.3,21.1,8.2,82.03,75.0,0.1154
2026-08-24T14:00:00Z,12.9,21.9,0.0,23.0,32.9,222.0,453.2,86.5,17.4,93.81,15.0,1.4542
2026-08-24T15:00:00Z,13.7,4.3,0.0,17.3,26.4,388.5,697.6,77.6,26.47,106.32,65.0,2.4051
2026-08-24T16:00:00Z,15.5,24.3,0.0,22.5,36.1,537.9,579.4,206.2,34.93,120.35,30.0,3.7267
2026-08-24T17:00:00Z,16.5,27.7,0.0,22.0,32.7,657.3,578.0,269.5,42.14,136.79,55.0,4.2079
2026-08-24T18:00:00Z,18.6,0,0.0,17.5,29.6,743.6,876.9,99.9,47.23,156.27,5.0,4.6211
2026-08-24T19:00:00Z,18.5,47.4,0.0,19.2,27.6,727.9,409.5,417.6,49.26,178.23,25.0,4.7537
2026-08-24T20:00:00Z,21.7,6.5,0.0,23.4,33.8,751.3,811.3,150.8,47.74,200.4,80.0,4.5036
2026-08-24T21:00:00Z,21.7,0,0.0,15.2,20.4,678.4,857.7,92.9,43.05,220.33,55.0,4.7975
2026-08-24T22:00:00Z,20.5,21.9,0.0,21.0,29.5,559.1,607.5,201.3,36.09,237.2,65.0,3.4443
2026-08-24T23:00:00Z,23.0,0,0.0,12.4,20.7,412.2,748.9,63.4,27.76,251.53,15.0,2.8085
2026-08-25T00:00:00Z,20.4,16.6,0.0,23.4,30.5,246.5,508.4,83.2,18.73,264.21,65.0,1.1815
2026-08-25T01:00:00Z,20.0,7.9,0.0,16.4,25.9,91.3,377.8,28.9,9.5,276.04,40.0,0.3038
2026-08-25T02:00:00Z,19.8,20.8,0.0,24.7,38.2,1.4,25.0,1.2,0.46,287.71,20.0,0.0075
2026-08-25T03:00:00Z,18.1,27.0,0.0,19.1,31.1,0.0,0.0,0.0,-7.99,299.8,25.0,0.0
2026-08-25T04:00:00Z,16.0,15.7,0.0,31.4,48.2,0.0,0.0,0.0,-15.44,312.77,85.0,0.0
2026-08-25T05:00:00Z,14.9,24.5,0.0,15.3,20.9,0.0,0.0,0.0,-21.4,326.97,50.0,0.0
2026-08-25T06:00:00Z,11.0,22.2,0.0,19.1,27.6,0.0,0.0,0.0,-25.37,342.43,15.0,0.0
2026-08-25T07:00:00Z,13.8,26.8,0.0,16.2,23.8,0.0,0.0,0.0,-26.89,358.74,5.0,0.0
2026-08-25T08:00:00Z,12.2,18.3,0.0,20.9,30.3,0.0,0.0,0.0,-25.79,15.14,60.0,0.0
2026-08-25T09:00:00Z,10.4,8.4,0.0,20.3,26.5,0.0,0.0,0.0,-22.2,30.78,30.0,0.0
2026-08-25T10:00:00Z,8.4,8.0,0.0,19.8,31.4,0.0,0.0,0.0,-16.53,45.19,45.0,0.0
2026-08-25T11:00:00Z,11.8,7.8,0.0,13.3,21.7,0.0,0.0,0.0,-9.29,58.36,30.0,0.0
2026-08-25T12:00:00Z,11.0,9.4,0.0,17.6,24.1,0.0,0.0,0.0,-0.98,70.57,20.0,0.0
2026-08-25T13:00:00Z,11.0,26.9,0.0,14.1,18.6,68.8,250.0,34.1,7.97,82.3,40.0,0.2582
2026-08-25T14:00:00Z,11.2,31.9,0.0,26.6,39.5,215.6,381.9,102.8,17.18,94.09,65.0,1.0082
2026-08-25T15:00:00Z,12.8,6.1,0.0,18.9,27.8,384.2,680.0,83.6,26.24,106.61,70.0,2.1658
2026-08-25T16:00:00Z,13.8,40.2,0.0,26.0,38.7,518.6,435.8,270.7,34.68,120.64,55.0,3.2723
2026-08-25T17:00:00Z,15.9,46.1,0.0,26.7,43.0,623.5,405.6,352.9,41.86,137.07,50.0,3.8094
2026-08-25T18:00:00Z,16.9,29.4,0.0,21.7,38.3,730.2,576.3,309.3,46.91,156.5,60.0,4.5184
2026-08-25T19:00:00Z,20.4,34.6,0.0,21.3,36.4,753.2,531.2,352.8,48.92,178.35,10.0,4.7024
2026-08-25T20:00:00Z,22.0,36.4,0.0,27.6,37.8,728.2,510.3,352.6,47.39,200.39,20.0,4.5557
2026-08-25T21:00:00Z,20.7,41.9,0.0,15.6,23.6,646.7,445.8,344.3,42.71,220.23,5.0,4.0232
2026-08-25T22:00:00Z,19.6,32.1,0.0,19.6,35.0,547.1,511.9,247.9,35.76,237.05,65.0,3.2126
2026-08-25T23:00:00Z,19.3,36.3,0.0,21.2,31.1,396.6,433.8,196.7,27.44,251.37,50.0,2.6042
2026-08-26T00:00:00Z,18.3,41.0,0.0,15.2,26.1,232.6,333.4,127.2,18.42,264.04,35.0,1.3818
2026-08-26T01:00:00Z,18.2,33.9,0.0,12.1,15.9,85.1,247.4,45.6,9.19,275.88,0.0,0.5356
2026-08-26T02:00:00Z,17.4,79.7,2.4,6.2,9.5,0.3,3.6,0.3,0.15,287.56,5.0,0.002
2026-08-26T03:00:00Z,16.7,44.6,0.0,7.5,11.4,0.0,0.0,0.0,-8.31,299.67,75.0,0.0
2026-08-26T04:00:00Z,14.5,49.7,0.0,13.0,20.5,0.0,0.0,0.0,-15.78,312.67,55.0,0.0
2026-08-26T05:00:00Z,16.0,49.9,0.0,11.4,15.0,0.0,0.0,0.0,-21.75,326.91,15.0,0.0
2026-08-26T06:00:00Z,12.9,50.1,0.0,14.2,20.7,0.0,0.0,0.0,-25.72,342.43,40.0,0.0
2026-08-26T07:00:00Z,10.5,36.2,0.0,16.7,22.9,0.0,0.0,0.0,-27.24,358.82,85.0,0.0
2026-08-26T08:00:00Z,9.6,49.9,0.0,12.9,22.4,0.0,0.0,0.0,-26.12,15.28,85.0,0.0
2026-08-26T09:00:00Z,8.2,42.5,0.0,9.1,14.5,0.0,0.0,0.0,-22.5,30.97,20.0,0.0
2026-08-26T10:00:00Z,8.9,48.7,0.0,13.7,20.0,0.0,0.0,0.0,-16.81,45.42,90.0,0.0
2026-08-26T11:00:00Z,10.0,48.0,0.0,8.7,14.8,0.0,0.0,0.0,-9.55,58.6,0.0,0.0
2026-08-26T12:00:00Z,10.8,40.7,0.0,10.7,18.6,0.0,0.0,0.0,-1.22,70.83,35.0,0.0
2026-08-26T13:00:00Z,9.3,60.9,0.0,10.4,18.1,57.0,115.1,41.5,7.75,82.57,70.0,0.2095
2026-08-26T14:00:00Z,11.6,56.4,0.0,11.3,15.0,191.9,222.0,127.2,16.95,94.37,45.0,1.0959
2026-08-26T15:00:00Z,12.4,50.9,0.0,15.5,21.1,351.3,311.3,214.8,26.0,106.9,55.0,2.1263
2026-08-26T16:00:00Z,14.7,49.4,0.0,12.4,19.8,496.2,356.0,294.9,34.42,120.94,25.0,3.3393
2026-08-26T17:00:00Z,16.3,41.0,0.0,13.7,22.4,630.9,451.6,331.2,41.57,137.35,35.0,4.0763
2026-08-26T18:00:00Z,19.0,44.2,0.0,15.2,22.6,699.6,433.7,384.5,46.6,156.72,40.0,4.537
2026-08-26T19:00:00Z,16.9,59.7,0.0,13.7,21.2,664.7,296.8,442.2,48.57,178.46,90.0,2.9467
2026-08-26T20:00:00Z,17.6,63.4,0.0,11.5,18.5,622.6,261.9,430.9,47.04,200.38,15.0,3.8639
2026-08-26T21:00:00Z,20.8,38.6,0.0,12.9,17.9,647.6,475.5,327.2,42.36,220.13,5.0,3.8805
2026-08-26T22:00:00Z,22.0,35.8,0.0,14.5,20.2,537.4,477.2,260.8,35.43,236.9,45.0,3.5167
2026-08-26T23:00:00Z,18.7,40.1,0.0,11.8,15.9,387.1,401.1,204.2,27.12,251.2,15.0,2.4941
2026-08-27T00:00:00Z,22.3,31.4,0.0,9.3,13.0,232.2,395.8,109.2,18.11,263.87,45.0,1.3057
2026-08-27T01:00:00Z,18.8,21.7,0.0,9.1,14.5,81.8,295.3,36.2,8.87,275.72,15.0,0.4739
2026-08-27T02:00:00Z,17.9,57.2,0.0,7.7,10.6,0.0,0.0,0.0,-0.17,287.41,70.0,0.0
2026-08-27T03:00:00Z,17.4,53.0,0.0,6.5,8.9,0.0,0.0,0.0,-8.64,299.54,20.0,0.0
2026-08-27T04:00:00Z,16.1,43.2,0.0,6.1,9.0,0.0,0.0,0.0,-16.12,312.57,40.0,0.0
2026-08-27T05:00:00Z,13.8,20.8,0.0,9.3,16.8,0.0,0.0,0.0,-22.1,326.86,55.0,0.0
2026-08-27T06:00:00Z,12.9,29.9,0.0,9.5,13.9,0.0,0.0,0.0,-26.07,342.43,70.0,0.0
2026-08-27T07:00:00Z,13.0,61.6,0.0,9.3,14.7,0.0,0.0,0.0,-27.59,358.89,50.0,0.0
2026-08-27T08:00:00Z,11.6,31.5,0.0,7.2,10.9,0.0,0.0,0.0,-26.45,15.42,0.0,0.0
2026-08-27T09:00:00Z,9.8,42.5,0.0,10.8,18.3,0.0,0.0,0.0,-22.81,31.16,30.0,0.0
2026-08-27T10:00:00Z,10.4,47.6,0.0,11.7,19.3,0.0,0.0,0.0,-17.08,45.64,75.0,0.0
2026-08-27T11:00:00Z,10.5,15.1,0.0,10.1,15.1,0.0,0.0,0.0,-9.8,58.85,75.0,0.0
2026-08-27T12:00:00Z,10.7,37.7,0.0,6.4,10.1,0.0,0.0,0.0,-1.45,71.09,60.0,0.0
2026-08-27T13:00:00Z,11.5,30.8,0.0,10.7,14.9,62.4,223.1,33.2,7.52,82.84,25.0,0.3126
2026-08-27T14:00:00Z,12.2,32.4,0.0,9.7,17.2,207.6,373.1,100.2,16.72,94.65,25.0,1.3731
2026-08-27T15:00:00Z,12.5,46.0,0.0,9.1,13.1,355.5,347.3,204.5,25.77,107.19,60.0,2.0928
2026-08-27T16:00:00Z,13.0,23.7,0.0,6.1,9.8,524.9,580.7,198.8,34.17,121.24,20.0,3.821
2026-08-27T17:00:00Z,16.5,31.2,0.0,11.8,20.9,640.6,542.2,282.8,41.29,137.64,55.0,4.3604
2026-08-27T18:00:00Z,15.8,35.2,0.0,9.6,13.2,713.5,519.0,338.4,46.28,156.95,5.0,4.5766
2026-08-27T19:00:00Z,17.9,44.0,0.0,10.4,15.0,723.5,438.9,396.2,48.23,178.58,15.0,4.4885
2026-08-27T20:00:00Z,20.7,42.6,0.0,8.9,13.6,705.1,449.4,378.1,46.69,200.37,45.0,4.6383
2026-08-27T21:00:00Z,21.0,33.6,0.0,8.3,12.0,649.5,521.1,300.7,42.02,220.03,60.0,3.9517
2026-08-27T22:00:00Z,20.1,45.2,0.0,8.0,12.5,516.7,393.5,290.5,35.1,236.76,70.0,2.9148
2026-08-27T23:00:00Z,20.9,33.7,0.0,8.9,11.8,387.3,451.6,183.7,26.8,251.03,40.0,2.5113
2026-08-28T00:00:00Z,20.5,11.4,0.0,13.6,20.7,229.8,533.5,66.8,17.79,263.7,25.0,1.5457
2026-08-28T01:00:00Z,21.5,21.1,0.0,10.8,15.2,77.3,289.7,34.2,8.56,275.55,45.0,0.2758
2026-08-28T02:00:00Z,18.5,19.9,0.0,16.6,23.2,0.0,0.0,0.0,-0.49,287.26,20.0,0.0
2026-08-28T03:00:00Z,18.9,6.1,0.0,18.9,30.1,0.0,0.0,0.0,-8.97,299.41,40.0,0.0
2026-08-28T04:00:00Z,17.4,20.9,0.0,13.7,24.3,0.0,0.0,0.0,-16.46,312.47,20.0,0.0
2026-08-28T05:00:00Z,12.4,22.1,0.0,13.1,23.0,0.0,0.0,0.0,-22.45,326.8,90.0,0.0
2026-08-28T06:00:00Z,12.5,16.7,0.0,22.6,36.0,0.0,0.0,0.0,-26.43,342.44,0.0,0.0
2026-08-28T07:00:00Z,12.2,18.1,0.0,16.9,28.3,0.0,0.0,0.0,-27.94,358.97,75.0,0.0
2026-08-28T08:00:00Z,11.2,29.0,0.0,15.3,23.4,0.0,0.0,0.0,-26.78,15.56,70.0,0.0
2026-08-28T09:00:00Z,10.5,13.6,0.0,13.1,20.2,0.0,0.0,0.0,-23.11,31.36,70.0,0.0
2026-08-28T10:00:00Z,7.0,7.6,0.0,12.3,17.4,0.0,0.0,0.0,-17.36,45.88,35.0,0.0
2026-08-28T11:00:00Z,10.5,30.9,0.0,16.6,28.3,0.0,0.0,0.0,-10.06,59.11,50.0,0.0
2026-08-28T12:00:00Z,9.8,18.9,0.0,9.3,15.6,0.0,0.0,0.0,-1.69,71.36,5.0,0.0
2026-08-28T13:00:00Z,10.8,21.5,0.0,18.1,28.4,59.9,253.1,27.8,7.29,83.12,55.0,0.1555
2026-08-28T14:00:00Z,10.1,12.0,0.0,13.4,21.5,206.9,508.7,62.4,16.5,94.94,15.0,1.3954
2026-08-28T15:00:00Z,13.3,9.8,0.0,14.7,25.7,371.2,640.6,95.1,25.53,107.49,10.0,2.6559
2026-08-28T16:00:00Z,13.7,16.5,0.0,20.9,33.1,522.5,646.0,162.1,33.91,121.54,15.0,3.456
2026-08-28T17:00:00Z,19.1,1.6,0.0,8.4,13.7,645.1,831.1,99.8,41.0,137.92,80.0,3.7426
2026-08-28T18:00:00Z,19.0,26.1,0.0,14.5,22.8,718.5,605.9,283.0,45.95,157.17,15.0,4.5779
2026-08-28T19:00:00Z,17.7,20.4,0.0,10.6,17.6,750.8,669.0,254.6,47.88,178.7,30.0,5.1041
2026-08-28T20:00:00Z,20.8,27.0,0.0,9.6,17.0,723.5,598.0,291.0,46.33,200.36,65.0,4.4285
2026-08-28T21:00:00Z,20.3,15.0,0.0,15.5,25.9,655.2,700.1,189.8,41.67,219.93,30.0,4.6586
2026-08-28T22:00:00Z,22.7,5.2,0.0,15.7,27.7,538.2,758.3,105.9,34.76,236.61,90.0,2.6747
2026-08-28T23:00:00Z,19.5,2.6,0.0,14.6,19.3,388.6,712.5,71.0,26.47,250.87,20.0,2.7077
2026-08-29T00:00:00Z,20.7,15.6,0.0,16.9,26.4,223.8,498.2,74.3,17.47,263.53,20.0,1.4021
2026-08-29T01:00:00Z,19.9,23.0,0.0,26.5,40.4,72.7,273.0,33.6,8.24,275.39,10.0,0.4203
2026-08-29T02:00:00Z,17.9,15.7,0.0,23.6,33.2,0.0,0.0,0.0,-0.82,287.11,80.0,0.0
2026-08-29T03:00:00Z,17.9,28.8,0.0,19.9,27.7,0.0,0.0,0.0,-9.31,299.28,0.0,0.0
2026-08-29T04:00:00Z,15.6,14.0,0.0,15.8,22.1,0.0,0.0,0.0,-16.8,312.37,30.0,0.0
2026-08-29T05:00:00Z,12.7,7.2,0.0,15.0,26.8,0.0,0.0,0.0,-22.81,326.75,55.0,0.0
2026-08-29T06:00:00Z,12.4,19.2,0.0,12.9,18.6,0.0,0.0,0.0,-26.79,342.45,50.0,0.0
2026-08-29T07:00:00Z,11.2,0,0.0,11.4,19.1,0.0,0.0,0.0,-28.29,359.05,55.0,0.0
2026-08-29T08:00:00Z,10.6,24.3,0.0,18.0,26.9,0.0,0.0,0.0,-27.11,15.71,85.0,0.0
2026-08-29T09:00:00Z,11.4,29.0,0.0,14.0,22.3,0.0,0.0,0.0,-23.42,31.56,60.0,0.0
2026-08-29T10:00:00Z,9.4,33.3,0.0,13.3,20.6,0.0,0.0,0.0,-17.64,46.11,25.0,0.0
2026-08-29T11:00:00Z,9.2,8.2,0.0,25.8,37.6,0.0,0.0,0.0,-10.31,59.36,5.0,0.0
2026-08-29T12:00:00Z,10.3,15.9,0.0,16.0,22.0,0.0,0.0,0.0,-1.93,71.63,75.0,0.0
2026-08-29T13:00:00Z,11.3,16.9,0.0,22.2,34.7,57.1,263.5,24.7,7.06,83.4,90.0,0.1204
2026-08-29T14:00:00Z,12.3,0,0.0,13.8,21.0,202.9,588.2,38.1,16.27,95.23,5.0,1.3231
2026-08-29T15:00:00Z,12.2,17.1,0.0,16.4,27.5,366.3,577.1,119.7,25.29,107.79,80.0,1.9288
2026-08-29T16:00:00Z,16.3,11.9,0.0,20.7,34.8,518.5,686.9,137.8,33.65,121.84,5.0,3.4643
2026-08-29T17:00:00Z,17.4,15.3,0.0,17.8,25.7,639.5,692.5,187.8,40.71,138.21,35.0,4.6927
2026-08-29T18:00:00Z,17.7,24.3,0.0,21.2,35.1,714.8,623.4,269.2,45.63,157.4,60.0,4.9198
2026-08-29T19:00:00Z,18.5,14.2,0.0,23.2,35.9,747.4,730.9,208.3,47.53,178.82,25.0,5.0918
2026-08-29T20:00:00Z,20.3,28.4,0.0,23.9,34.6,716.9,583.6,297.3,45.97,200.36,90.0,3.5592
2026-08-29T21:00:00Z,21.6,2.1,0.0,24.1,34.3,650.1,827.0,104.2,41.31,219.83,15.0,4.6591
2026-08-29T22:00:00Z,21.8,14.4,0.0,20.5,34.0,531.7,668.1,154.1,34.42,236.47,10.0,3.2503
2026-08-29T23:00:00Z,20.6,16.5,0.0,17.6,30.7,381.9,589.7,122.1,26.14,250.71,5.0,2.3036
2026-08-30T00:00:00Z,19.3,56.1,0.0,19.3,28.7,195.4,225.0,129.1,17.14,263.37,60.0,1.0197
2026-08-30T01:00:00Z,19.3,59.2,0.0,17.9,27.7,59.9,123.5,42.9,7.91,275.23,30.0,0.3258
2026-08-30T02:00:00Z,19.4,47.6,0.0,11.2,17.7,0.0,0.0,0.0,-1.15,286.97,25.0,0.0
2026-08-30T03:00:00Z,14.0,79.9,0.0,16.1,27.5,0.0,0.0,0.0,-9.65,299.15,50.0,0.0
2026-08-30T04:00:00Z,14.2,54.3,0.0,21.9,35.7,0.0,0.0,0.0,-17.15,312.27,15.0,0.0
2026-08-30T05:00:00Z,15.5,61.4,0.0,15.0,24.6,0.0,0.0,0.0,-23.17,326.69,20.0,0.0
2026-08-30T06:00:00Z,13.2,58.2,0.0,25.4,34.9,0.0,0.0,0.0,-27.15,342.46,25.0,0.0
2026-08-30T07:00:00Z,12.9,70.0,0.0,21.6,37.1,0.0,0.0,0.0,-28.64,359.14,35.0,0.0
2026-08-30T08:00:00Z,10.6,74.2,0.0,19.6,32.3,0.0,0.0,0.0,-27.45,15.87,25.0,0.0
2026-08-30T09:00:00Z,10.2,53.9,0.0,19.9,29.1,0.0,0.0,0.0,-23.73,31.77,85.0,0.0
2026-08-30T10:00:00Z,8.9,66.2,0.0,22.9,38.5,0.0,0.0,0.0,-17.93,46.35,60.0,0.0
2026-08-30T11:00:00Z,10.1,53.1,0.0,18.7,33.4,0.0,0.0,0.0,-10.57,59.62,85.0,0.0
2026-08-30T12:00:00Z,10.0,86.3,0.0,19.4,30.4,0.0,0.0,0.0,-2.17,71.9,45.0,0.0
2026-08-30T13:00:00Z,10.4,53.7,0.0,22.4,35.0,49.3,127.1,34.2,6.83,83.68,90.0,0.1371
2026-08-30T14:00:00Z,10.8,61.7,0.0,22.7,36.9,170.0,184.6,119.0,16.04,95.52,75.0,0.7735
2026-08-30T15:00:00Z,12.4,78.1,0.0,16.1,21.5,245.1,116.3,195.9,25.05,108.09,5.0,1.6529
2026-08-30T16:00:00Z,14.6,59.6,0.0,12.0,16.2,447.6,268.6,299.8,33.39,122.14,5.0,2.9988
2026-08-30T17:00:00Z,16.0,31.9,0.0,19.6,29.2,625.6,531.7,280.8,40.42,138.49,5.0,3.9598
2026-08-30T18:00:00Z,16.4,52.8,0.0,21.6,29.9,653.0,352.7,402.3,45.3,157.63,30.0,4.0526
2026-08-30T19:00:00Z,19.1,39.5,0.0,14.8,22.4,719.0,479.2,367.6,47.17,178.94,10.0,4.3234
2026-08-30T20:00:00Z,18.0,60.9,0.0,12.2,16.3,619.2,282.3,417.5,45.6,200.36,65.0,3.5607
2026-08-30T21:00:00Z,18.2,70.4,0.0,12.5,16.6,497.9,196.7,369.0,40.95,219.74,35.0,3.0082
2026-08-30T22:00:00Z,18.7,41.8,0.0,14.5,20.5,505.9,419.9,270.7,34.07,236.32,45.0,3.2562
2026-08-30T23:00:00Z,19.9,50.7,0.0,19.9,31.8,348.4,311.9,212.6,25.81,250.54,5.0,2.3062
2026-08-31T00:00:00Z,19.5,47.6,0.0,7.2,11.5,199.8,275.7,120.0,16.82,263.2,70.0,0.9895
2026-08-31T01:00:00Z,18.2,48.4,0.0,6.9,9.0,60.1,158.1,39.2,7.58,275.07,80.0,0.1649
2026-08-31T02:00:00Z,17.7,65.3,0.0,10.4,18.0,0.0,0.0,0.0,-1.48,286.82,90.0,0.0
2026-08-31T03:00:00Z,17.9,48.1,0.0,5.7,9.8,0.0,0.0,0.0,-9.99,299.02,65.0,0.0
2026-08-31T04:00:00Z,16.2,51.4,0.0,12.0,16.2,0.0,0.0,0.0,-17.51,312.17,35.0,0.0
2026-08-31T05:00:00Z,14.6,31.2,0.0,6.2,8.1,0.0,0.0,0.0,-23.53,326.64,60.0,0.0
2026-08-31T06:00:00Z,12.7,42.6,0.0,10.2,15.7,0.0,0.0,0.0,-27.51,342.47,40.0,0.0
2026-08-31T07:00:00Z,11.0,24.5,0.0,8.7,15.2,0.0,0.0,0.0,-29.0,359.22,0.0,0.0
2026-08-31T08:00:00Z,8.9,54.9,0.0,8.8,13.0,0.0,0.0,0.0,-27.79,16.02,15.0,0.0
2026-08-31T09:00:00Z,8.9,47.6,0.0,8.3,12.7,0.0,0.0,0.0,-24.04,31.98,50.0,0.0
2026-08-31T10:00:00Z,9.9,64.7,0.0,10.9,16.6,0.0,0.0,0.0,-18.21,46.6,5.0,0.0
2026-08-31T11:00:00Z,10.1,60.3,0.0,9.6,15.8,0.0,0.0,0.0,-10.83,59.88,20.0,0.0
2026-08-31T12:00:00Z,10.8,70.7,0.0,8.0,12.4,0.0,0.0,0.0,-2.41,72.18,25.0,0.0
2026-08-31T13:00:00Z,9.2,68.6,0.0,9.1,16.0,40.6,77.2,31.7,6.6,83.97,5.0,0.2517
2026-08-31T14:00:00Z,11.0,40.7,0.0,9.4,13.1,188.0,309.5,103.7,15.81,95.82,65.0,0.9943
2026-08-31T15:00:00Z,13.6,34.7,0.0,8.0,11.5,350.7,429.8,170.3,24.81,108.4,5.0,2.1822
2026-08-31T16:00:00Z,13.3,53.9,0.0,5.6,8.6,462.7,314.2,291.0,33.13,122.45,75.0,2.651
2026-08-31T17:00:00Z,14.8,49.5,0.0,8.4,11.7,587.3,371.2,348.1,40.13,138.78,90.0,2.761
2026-08-31T18:00:00Z,17.2,61.8,0.0,12.2,19.4,605.5,273.3,412.3,44.98,157.86,50.0,3.872
2026-08-31T19:00:00Z,18.2,52.8,0.0,10.5,15.3,674.3,355.3,415.2,46.82,179.06,10.0,4.182
2026-08-31T20:00:00Z,18.9,54.1,0.0,7.6,12.1,646.9,341.2,404.6,45.24,200.36,60.0,3.83
2026-08-31T21:00:00Z,20.0,54.5,0.0,5.8,9.7,577.6,328.7,363.7,40.59,219.65,70.0,3.4094
2026-08-31T22:00:00Z,19.7,46.5,0.0,9.2,15.7,491.1,377.7,281.4,33.73,236.18,20.0,3.1348
2026-08-31T23:00:00Z,18.4,64.6,0.0,8.5,14.9,307.2,208.1,217.7,25.47,250.38,15.0,1.9785
